snapshot_utc,season,team_abbr,team_name,team_slug,player,player_key,player_url,position,age,service_time_yos,options_remaining,minor_status,roster_section_tax,roster_section_cash,roster_section_contract,rank_tax,rank_cash,contract_type_tax,contract_type_contracts,contract_subtype_contracts,luxury_tax_salary,luxury_tax_pct_league_cbt,total_cash,base_cash,signing_bonus,free_agent_year,contract_signed_year,contract_start_year,contract_end_year,contract_years,contract_value,contract_aav,mlb_person_id,mlb_roster_team,mlb_roster_status,matched_to_mlb_40man,source_urls,validation_flags,parse_notes
2026-07-08T14:16:26+00:00,2026,ARI,Arizona Diamondbacks,arizona-diamondbacks,A.J. Puk,ajpuk,https://www.spotrac.com/mlb/player/_/id/20671/aj-puk,RP,31,5.124,,,2026 Injured List,2026 Injured List,Arizona Diamondbacks Contracts,,,Arbitration 2,Arbitration,,3100000,,3100000,3100000,,,2026,2026,2026,1,3100000,3100000,640462,ARI,Injured 60-Day,true,https://www.spotrac.com/mlb/arizona-diamondbacks/cash/_/year/2026 | https://www.spotrac.com/mlb/arizona-diamondbacks/contracts | https://www.spotrac.com/mlb/arizona-diamondbacks/tax/_/year/2026,,
2026-07-08T14:16:26+00:00,2026,ARI,Arizona Diamondbacks,arizona-diamondbacks,Adrian Del Castillo,adriandelcastillo,https://www.spotrac.com/mlb/player/_/id/73329/adrian-del-castillo,C,26,0.128,,,2026 Minor,2026 Minor,,,,Pre-Arbitration,,,437944,0.18,437944,437944,,,,,,,,,680728,ARI,Reassigned to Minors,true,https://www.spotrac.com/mlb/arizona-diamondbacks/cash/_/year/2026 | https://www.spotrac.com/mlb/arizona-diamondbacks/tax/_/year/2026,not_found_on_contracts_page,
2026-07-08T14:16:26+00:00,2026,ARI,Arizona Diamondbacks,arizona-diamondbacks,Alek Thomas,alekthomas,https://www.spotrac.com/mlb/player/_/id/26086/alek-thomas,CF,26,3.103,,,2026 Retained,2026 Retained,,,,Retained,,,514190,,514190,514190,,,,,,,,,677950,LAD,Reassigned to Minors,true_other_team,https://www.spotrac.com/mlb/arizona-diamondbacks/cash/_/year/2026 | https://www.spotrac.com/mlb/arizona-diamondbacks/tax/_/year/2026,not_found_on_contracts_page,
2026-07-08T14:16:26+00:00,2026,ARI,Arizona Diamondbacks,arizona-diamondbacks,Andrew Hoffman,andrewhoffman,https://www.spotrac.com/mlb/player/_/id/73593/andrew-hoffman,RP,26,0.033,,,2026 Minor,2026 Minor,,,,Pre-Arbitration,,,150516,0.06,150516,150516,,,,,,,,,,,,false,https://www.spotrac.com/mlb/arizona-diamondbacks/cash/_/year/2026 | https://www.spotrac.com/mlb/arizona-diamondbacks/tax/_/year/2026,not_found_on_contracts_page,
2026-07-08T14:16:26+00:00,2026,ARI,Arizona Diamondbacks,arizona-diamondbacks,Andrew Saalfrank,andrewsaalfrank,https://www.spotrac.com/mlb/player/_/id/31122/andrew-saalfrank,RP,28,0.118,,,2026 Injured List,2026 Injured List,Arizona Diamondbacks Contracts,,,Pre-Arbitration,Pre-Arbitration,,786900,,786900,786900,,,2026,2026,2026,1,786900,786900,685314,ARI,Injured 60-Day,true,https://www.spotrac.com/mlb/arizona-diamondbacks/cash/_/year/2026 | https://www.spotrac.com/mlb/arizona-diamondbacks/contracts | https://www.spotrac.com/mlb/arizona-diamondbacks/tax/_/year/2026,,
2026-07-08T14:16:26+00:00,2026,ARI,Arizona Diamondbacks,arizona-diamondbacks,Angel Chacon,angelchacon,https://www.spotrac.com/mlb/player/_/id/105644/angel-chacon,C,17,,,,,2026 Signing Bonus,,,,,,,,,72500,,72500,,,,,,,,,,,false,https://www.spotrac.com/mlb/arizona-diamondbacks/cash/_/year/2026,not_found_on_tax_page;not_found_on_contracts_page,
2026-07-08T14:16:26+00:00,2026,ARI,Arizona Diamondbacks,arizona-diamondbacks,Aramis Garcia,aramisgarcia,https://www.spotrac.com/mlb/player/_/id/17720/aramis-garcia,C,33,3.047,,,2026 Minor,2026 Minor,,,,Arbitration,,,171011,,171011,171011,,,,,,,,,,,,false,https://www.spotrac.com/mlb/arizona-diamondbacks/cash/_/year/2026 | https://www.spotrac.com/mlb/arizona-diamondbacks/tax/_/year/2026,not_found_on_contracts_page,
2026-07-08T14:16:26+00:00,2026,ARI,Arizona Diamondbacks,arizona-diamondbacks,Blake Walston,blakewalston,https://www.spotrac.com/mlb/player/_/id/30424/blake-walston,SP,25,1.096,,,2026 Injured List,2026 Injured List,Arizona Diamondbacks Contracts,,,Pre-Arbitration,Pre-Arbitration,,783700,,783700,783700,,,2026,2026,2026,1,783700,783700,686796,ARI,Injured 60-Day,true,https://www.spotrac.com/mlb/arizona-diamondbacks/cash/_/year/2026 | https://www.spotrac.com/mlb/arizona-diamondbacks/contracts | https://www.spotrac.com/mlb/arizona-diamondbacks/tax/_/year/2026,,
2026-07-08T14:16:26+00:00,2026,ARI,Arizona Diamondbacks,arizona-diamondbacks,Brandon Pfaadt,brandonpfaadt,https://www.spotrac.com/mlb/player/_/id/48505/brandon-pfaadt,RP,27,2.097,,,2026 Active Roster,2026 Active Roster,Arizona Diamondbacks Contracts,,,Extension Pre-Arbitration,Extension Pre-Arbitration,,9000000,3.69,5000000,3000000,2000000,,2026,2026,2032,5,45000000,9000000,694297,ARI,Active,true,https://www.spotrac.com/mlb/arizona-diamondbacks/cash/_/year/2026 | https://www.spotrac.com/mlb/arizona-diamondbacks/contracts | https://www.spotrac.com/mlb/arizona-diamondbacks/tax/_/year/2026,,
2026-07-08T14:16:26+00:00,2026,ARI,Arizona Diamondbacks,arizona-diamondbacks,Brandyn Garcia,brandyngarcia,https://www.spotrac.com/mlb/player/_/id/85081/brandyn-garcia,RP,26,0.041,,,2026 Active Roster,2026 Active Roster,Arizona Diamondbacks Contracts,,,Pre-Arbitration,Pre-Arbitration,,621479,0.25,621479,621479,,,2026,2026,2026,1,780000,780000,805299,ARI,Active,true,https://www.spotrac.com/mlb/arizona-diamondbacks/cash/_/year/2026 | https://www.spotrac.com/mlb/arizona-diamondbacks/contracts | https://www.spotrac.com/mlb/arizona-diamondbacks/tax/_/year/2026,,
2026-07-08T14:16:26+00:00,2026,ARI,Arizona Diamondbacks,arizona-diamondbacks,Bryan Figueroa,bryanfigueroa,https://www.spotrac.com/mlb/player/_/id/105323/bryan-figueroa,SS,17,,,,,2026 Signing Bonus,,,,,,,,,597500,,597500,,,,,,,,,,,false,https://www.spotrac.com/mlb/arizona-diamondbacks/cash/_/year/2026,not_found_on_tax_page;not_found_on_contracts_page,
2026-07-08T14:16:26+00:00,2026,ARI,Arizona Diamondbacks,arizona-diamondbacks,Carlos Santana,carlossantana,https://www.spotrac.com/mlb/player/_/id/7304/carlos-santana,1B,40,15.115,,,2026 Dead Money,2026 Dead Money,,,,,,,2000000,0.82,2000000,2000000,,,,,,,,,,,,false,https://www.spotrac.com/mlb/arizona-diamondbacks/cash/_/year/2026 | https://www.spotrac.com/mlb/arizona-diamondbacks/tax/_/year/2026,not_found_on_contracts_page,
2026-07-08T14:16:26+00:00,2026,ARI,Arizona Diamondbacks,arizona-diamondbacks,Corbin Burnes,corbinburnes,https://www.spotrac.com/mlb/player/_/id/20008/corbin-burnes,SP,31,7.049,,,2026 Injured List,2026 Injured List,Arizona Diamondbacks Contracts,,,Free Agent,Free Agent,,32910744,,20000000,20000000,,,2025,2025,2030,6,210000000,35000000,669203,ARI,Injured 60-Day,true,https://www.spotrac.com/mlb/arizona-diamondbacks/cash/_/year/2026 | https://www.spotrac.com/mlb/arizona-diamondbacks/contracts | https://www.spotrac.com/mlb/arizona-diamondbacks/tax/_/year/2026,,
2026-07-08T14:16:26+00:00,2026,ARI,Arizona Diamondbacks,arizona-diamondbacks,Corbin Carroll,corbincarroll,https://www.spotrac.com/mlb/player/_/id/30414/corbin-carroll,RF,25,3.038,,,2026 Active Roster,2026 Active Roster,Arizona Diamondbacks Contracts,,,Extension Pre-Arbitration,Extension Pre-Arbitration,,13875000,5.69,10000000,10000000,,,2023,2023,2031,8,111000000,13875000,682998,ARI,Active,true,https://www.spotrac.com/mlb/arizona-diamondbacks/cash/_/year/2026 | https://www.spotrac.com/mlb/arizona-diamondbacks/contracts | https://www.spotrac.com/mlb/arizona-diamondbacks/tax/_/year/2026,,
2026-07-08T14:16:26+00:00,2026,ARI,Arizona Diamondbacks,arizona-diamondbacks,Cristian Mena,cristianmena,https://www.spotrac.com/mlb/player/_/id/74800/cristian-mena,SP,23,0.125,,,2026 Injured List,2026 Injured List,Arizona Diamondbacks Contracts,,,Pre-Arbitration,Pre-Arbitration,,782000,,782000,782000,,,2026,2026,2026,1,782000,782000,691441,ARI,Injured 60-Day,true,https://www.spotrac.com/mlb/arizona-diamondbacks/cash/_/year/2026 | https://www.spotrac.com/mlb/arizona-diamondbacks/contracts | https://www.spotrac.com/mlb/arizona-diamondbacks/tax/_/year/2026,,
2026-07-08T14:16:26+00:00,2026,ARI,Arizona Diamondbacks,arizona-diamondbacks,D-Shawn Martina,dshawnmartina,https://www.spotrac.com/mlb/player/_/id/105643/d-shawn-martina,OF,17,,,,,2026 Signing Bonus,,,,,,,,,167500,,167500,,,,,,,,,,,false,https://www.spotrac.com/mlb/arizona-diamondbacks/cash/_/year/2026,not_found_on_tax_page;not_found_on_contracts_page,
2026-07-08T14:16:26+00:00,2026,ARI,Arizona Diamondbacks,arizona-diamondbacks,Diland Cepeda,dilandcepeda,https://www.spotrac.com/mlb/player/_/id/105810/diland-cepeda,P,17,,,,,2026 Signing Bonus,,,,,,,,,117500,,117500,,,,,,,,,,,false,https://www.spotrac.com/mlb/arizona-diamondbacks/cash/_/year/2026,not_found_on_tax_page;not_found_on_contracts_page,
2026-07-08T14:16:26+00:00,2026,ARI,Arizona Diamondbacks,arizona-diamondbacks,Drey Jameson,dreyjameson,https://www.spotrac.com/mlb/player/_/id/30432/drey-jameson,RP,28,2.012,,,2026 Active Roster,2026 Active Roster,Arizona Diamondbacks Contracts,,,Pre-Arbitration,Pre-Arbitration,,495505,0.20,495505,495505,,,2026,2026,2026,1,820000,820000,686753,ARI,Active,true,https://www.spotrac.com/mlb/arizona-diamondbacks/cash/_/year/2026 | https://www.spotrac.com/mlb/arizona-diamondbacks/contracts | https://www.spotrac.com/mlb/arizona-diamondbacks/tax/_/year/2026,,
2026-07-08T14:16:26+00:00,2026,ARI,Arizona Diamondbacks,arizona-diamondbacks,Dylan Ray,dylanray,https://www.spotrac.com/mlb/player/_/id/78704/dylan-ray,SP,,,,,2026 Minor,,,,,Pre-Arbitration,,,,,,,,,,,,,,,691009,ARI,Reassigned to Minors,true,https://www.spotrac.com/mlb/arizona-diamondbacks/tax/_/year/2026,missing_all_money_fields;not_found_on_cash_page;not_found_on_contracts_page,
2026-07-08T14:16:26+00:00,2026,ARI,Arizona Diamondbacks,arizona-diamondbacks,Eduardo Rodriguez,eduardorodriguez,https://www.spotrac.com/mlb/player/_/id/13984/eduardo-rodriguez,SP,33,10.070,,,2026 Active Roster,2026 Active Roster,Arizona Diamondbacks Contracts,,,Free Agent,Free Agent,,20000000,8.20,21000000,21000000,,,2024,2024,2028,4,80000000,20000000,593958,ARI,Active,true,https://www.spotrac.com/mlb/arizona-diamondbacks/cash/_/year/2026 | https://www.spotrac.com/mlb/arizona-diamondbacks/contracts | https://www.spotrac.com/mlb/arizona-diamondbacks/tax/_/year/2026,,
2026-07-08T14:16:26+00:00,2026,ARI,Arizona Diamondbacks,arizona-diamondbacks,Gabriel Moreno,gabrielmoreno,https://www.spotrac.com/mlb/player/_/id/70738/gabriel-moreno,C,26,3.061,,,2026 Active Roster,2026 Active Roster,Arizona Diamondbacks Contracts,,,Arbitration 1,Arbitration,,2550000,1.05,2550000,2550000,,,2026,2026,2026,1,2550000,2550000,672515,ARI,Active,true,https://www.spotrac.com/mlb/arizona-diamondbacks/cash/_/year/2026 | https://www.spotrac.com/mlb/arizona-diamondbacks/contracts | https://www.spotrac.com/mlb/arizona-diamondbacks/tax/_/year/2026,,
2026-07-08T14:16:26+00:00,2026,ARI,Arizona Diamondbacks,arizona-diamondbacks,Geraldo Perdomo,geraldoperdomo,https://www.spotrac.com/mlb/player/_/id/48729/geraldo-perdomo,SS,26,4.015,,,2026 Active Roster,2026 Active Roster,Arizona Diamondbacks Contracts,,,Extension Arbitration,Extension Arbitration,,11250000,4.61,5000000,5000000,,,2026,2026,2030,4,45000000,11250000,672695,ARI,Active,true,https://www.spotrac.com/mlb/arizona-diamondbacks/cash/_/year/2026 | https://www.spotrac.com/mlb/arizona-diamondbacks/contracts | https://www.spotrac.com/mlb/arizona-diamondbacks/tax/_/year/2026,,
2026-07-08T14:16:26+00:00,2026,ARI,Arizona Diamondbacks,arizona-diamondbacks,Grant Holman,grantholman,https://www.spotrac.com/mlb/player/_/id/73450/grant-holman,RP,26,1.031,,,2026 Dead Money,2026 Dead Money,,,,,,,7177,0.00,7177,7177,,,,,,,,,680880,PHI,Reassigned to Minors,true_other_team,https://www.spotrac.com/mlb/arizona-diamondbacks/cash/_/year/2026 | https://www.spotrac.com/mlb/arizona-diamondbacks/tax/_/year/2026,not_found_on_contracts_page,
2026-07-08T14:16:26+00:00,2026,ARI,Arizona Diamondbacks,arizona-diamondbacks,Hector Ozuna,hectorozuna,https://www.spotrac.com/mlb/player/_/id/105811/hector-ozuna,P,19,,,,,2026 Signing Bonus,,,,,,,,,10000,,10000,,,,,,,,,,,false,https://www.spotrac.com/mlb/arizona-diamondbacks/cash/_/year/2026,not_found_on_tax_page;not_found_on_contracts_page,
2026-07-08T14:16:26+00:00,2026,ARI,Arizona Diamondbacks,arizona-diamondbacks,Ildemaro Vargas,ildemarovargas,https://www.spotrac.com/mlb/player/_/id/21180/ildemaro-vargas,2B,34,5.129,,,2026 Active Roster,2026 Active Roster,Arizona Diamondbacks Contracts,,,Free Agent,Free Agent,,1250000,0.51,1250000,1250000,,,2026,2026,2026,1,1250000,1250000,545121,ARI,Active,true,https://www.spotrac.com/mlb/arizona-diamondbacks/cash/_/year/2026 | https://www.spotrac.com/mlb/arizona-diamondbacks/contracts | https://www.spotrac.com/mlb/arizona-diamondbacks/tax/_/year/2026,,
2026-07-08T14:16:26+00:00,2026,ARI,Arizona Diamondbacks,arizona-diamondbacks,James McCann,jamesmccann,https://www.spotrac.com/mlb/player/_/id/14154/james-mccann,C,36,10.126,,,2026 Active Roster,2026 Active Roster,Arizona Diamondbacks Contracts,,,Free Agent,Free Agent,,2750000,1.13,3100000,2750000,,,2026,2026,2026,1,2750000,2750000,543510,ARI,Active,true,https://www.spotrac.com/mlb/arizona-diamondbacks/cash/_/year/2026 | https://www.spotrac.com/mlb/arizona-diamondbacks/contracts | https://www.spotrac.com/mlb/arizona-diamondbacks/tax/_/year/2026,,
2026-07-08T14:16:26+00:00,2026,ARI,Arizona Diamondbacks,arizona-diamondbacks,Jeremy Suriel,jeremysuriel,https://www.spotrac.com/mlb/player/_/id/105641/jeremy-suriel,OF,17,,,,,2026 Signing Bonus,,,,,,,,,497000,,497000,,,,,,,,,,,false,https://www.spotrac.com/mlb/arizona-diamondbacks/cash/_/year/2026,not_found_on_tax_page;not_found_on_contracts_page,
2026-07-08T14:16:26+00:00,2026,ARI,Arizona Diamondbacks,arizona-diamondbacks,Jesus Linares,jesuslinares,https://www.spotrac.com/mlb/player/_/id/105597/jesus-linares,C,17,,,,,2026 Signing Bonus,,,,,,,,,100000,,100000,,,,,,,,,,,false,https://www.spotrac.com/mlb/arizona-diamondbacks/cash/_/year/2026,not_found_on_tax_page;not_found_on_contracts_page,
2026-07-08T14:16:26+00:00,2026,ARI,Arizona Diamondbacks,arizona-diamondbacks,Jesus Valdez,jesusvaldez,https://www.spotrac.com/mlb/player/_/id/81952/jesus-valdez,1B,28,,,,2026 Minor,2026 Minor,,,,Pre-Arbitration,,,4171,,4171,4171,,,,,,,,,,,,false,https://www.spotrac.com/mlb/arizona-diamondbacks/cash/_/year/2026 | https://www.spotrac.com/mlb/arizona-diamondbacks/tax/_/year/2026,not_found_on_contracts_page,
2026-07-08T14:16:26+00:00,2026,ARI,Arizona Diamondbacks,arizona-diamondbacks,Jhosep Villarroel,jhosepvillarroel,https://www.spotrac.com/mlb/player/_/id/105326/jhosep-villarroel,C,17,,,,,2026 Signing Bonus,,,,,,,,,137500,,137500,,,,,,,,,,,false,https://www.spotrac.com/mlb/arizona-diamondbacks/cash/_/year/2026,not_found_on_tax_page;not_found_on_contracts_page,
2026-07-08T14:16:26+00:00,2026,ARI,Arizona Diamondbacks,arizona-diamondbacks,Joe Ross,joeross,https://www.spotrac.com/mlb/player/_/id/17579/joe-ross,RP,33,7.171,,,2026 Dead Money,2026 Dead Money,,,,,,,1500000,0.61,1500000,1500000,,,,,,,,,,,,false,https://www.spotrac.com/mlb/arizona-diamondbacks/cash/_/year/2026 | https://www.spotrac.com/mlb/arizona-diamondbacks/tax/_/year/2026,not_found_on_contracts_page,
2026-07-08T14:16:26+00:00,2026,ARI,Arizona Diamondbacks,arizona-diamondbacks,Jonathan Loaisiga,jonathanloaisiga,https://www.spotrac.com/mlb/player/_/id/24636/jonathan-loaisiga,RP,31,7.022,,,2026 Active Roster,2026 Active Roster,Arizona Diamondbacks Contracts,,,Free Agent,Free Agent,,1500000,0.61,1500000,1500000,,,2026,2026,2026,1,1500000,1500000,642528,ARI,Active,true,https://www.spotrac.com/mlb/arizona-diamondbacks/cash/_/year/2026 | https://www.spotrac.com/mlb/arizona-diamondbacks/contracts | https://www.spotrac.com/mlb/arizona-diamondbacks/tax/_/year/2026,,
2026-07-08T14:16:26+00:00,2026,ARI,Arizona Diamondbacks,arizona-diamondbacks,Jordan Lawlar,jordanlawlar,https://www.spotrac.com/mlb/player/_/id/73268/jordan-lawlar,LF,23,0.073,,,2026 Injured List,2026 Injured List,Arizona Diamondbacks Contracts,,,Pre-Arbitration,Pre-Arbitration,,783600,0.32,783600,783600,,,2026,2026,2026,1,783600,783600,691783,ARI,Injured 10-Day,true,https://www.spotrac.com/mlb/arizona-diamondbacks/cash/_/year/2026 | https://www.spotrac.com/mlb/arizona-diamondbacks/contracts | https://www.spotrac.com/mlb/arizona-diamondbacks/tax/_/year/2026,,
2026-07-08T14:16:26+00:00,2026,ARI,Arizona Diamondbacks,arizona-diamondbacks,Jorge Barrosa,jorgebarrosa,https://www.spotrac.com/mlb/player/_/id/23884/jorge-barrosa,OF,25,0.070,,,2026 Active Roster,2026 Active Roster,Arizona Diamondbacks Contracts,,,Pre-Arbitration,Pre-Arbitration,,783600,0.32,783600,783600,,,2026,2026,2026,1,783600,783600,678489,ARI,Active,true,https://www.spotrac.com/mlb/arizona-diamondbacks/cash/_/year/2026 | https://www.spotrac.com/mlb/arizona-diamondbacks/contracts | https://www.spotrac.com/mlb/arizona-diamondbacks/tax/_/year/2026,,
2026-07-08T14:16:26+00:00,2026,ARI,Arizona Diamondbacks,arizona-diamondbacks,Jorge Silvera,jorgesilvera,https://www.spotrac.com/mlb/player/_/id/105642/jorge-silvera,SS,17,,,,,2026 Signing Bonus,,,,,,,,,80000,,80000,,,,,,,,,,,false,https://www.spotrac.com/mlb/arizona-diamondbacks/cash/_/year/2026,not_found_on_tax_page;not_found_on_contracts_page,
2026-07-08T14:16:26+00:00,2026,ARI,Arizona Diamondbacks,arizona-diamondbacks,Joscar Hernandez,joscarhernandez,https://www.spotrac.com/mlb/player/_/id/105327/joscar-hernandez,OF,17,,,,,2026 Signing Bonus,,,,,,,,,272500,,272500,,,,,,,,,,,false,https://www.spotrac.com/mlb/arizona-diamondbacks/cash/_/year/2026,not_found_on_tax_page;not_found_on_contracts_page,
2026-07-08T14:16:26+00:00,2026,ARI,Arizona Diamondbacks,arizona-diamondbacks,Jose Cabrera,josecabrera,https://www.spotrac.com/mlb/player/_/id/86506/jose-cabrera,SP,24,,,,2026 Active Roster,2026 Active Roster,Arizona Diamondbacks Contracts,,,Pre-Arbitration,Pre-Arbitration,,412929,0.17,412929,412929,,,2026,2026,2026,1,780000,780000,703615,ARI,Active,true,https://www.spotrac.com/mlb/arizona-diamondbacks/cash/_/year/2026 | https://www.spotrac.com/mlb/arizona-diamondbacks/contracts | https://www.spotrac.com/mlb/arizona-diamondbacks/tax/_/year/2026,,
2026-07-08T14:16:26+00:00,2026,ARI,Arizona Diamondbacks,arizona-diamondbacks,Jose Fernandez,josefernandez,https://www.spotrac.com/mlb/player/_/id/80347/jose-fernandez,SS,22,,,,2026 Minor,2026 Minor,,,,Pre-Arbitration,,,283628,0.12,283628,283628,,,,,,,,,699912,ARI,Reassigned to Minors,true,https://www.spotrac.com/mlb/arizona-diamondbacks/cash/_/year/2026 | https://www.spotrac.com/mlb/arizona-diamondbacks/tax/_/year/2026,not_found_on_contracts_page,
2026-07-08T14:16:26+00:00,2026,ARI,Arizona Diamondbacks,arizona-diamondbacks,Jossiel Feliz,jossielfeliz,https://www.spotrac.com/mlb/player/_/id/105800/jossiel-feliz,OF,17,,,,,2026 Signing Bonus,,,,,,,,,67500,,67500,,,,,,,,,,,false,https://www.spotrac.com/mlb/arizona-diamondbacks/cash/_/year/2026,not_found_on_tax_page;not_found_on_contracts_page,
2026-07-08T14:16:26+00:00,2026,ARI,Arizona Diamondbacks,arizona-diamondbacks,Juan Burgos,juanburgos,https://www.spotrac.com/mlb/player/_/id/29026/juan-burgos,RP,26,0.074,,,2026 Minor,2026 Minor,,,,Pre-Arbitration,,,20855,0.01,20855,20855,,,,,,,,,686228,ARI,Reassigned to Minors,true,https://www.spotrac.com/mlb/arizona-diamondbacks/cash/_/year/2026 | https://www.spotrac.com/mlb/arizona-diamondbacks/tax/_/year/2026,not_found_on_contracts_page,
2026-07-08T14:16:26+00:00,2026,ARI,Arizona Diamondbacks,arizona-diamondbacks,Juan Morillo,juanmorillo,https://www.spotrac.com/mlb/player/_/id/97777/juan-morillo,RP,27,0.111,,,2026 Active Roster,2026 Active Roster,Arizona Diamondbacks Contracts,,,Pre-Arbitration,Pre-Arbitration,,785100,0.32,785100,785100,,,2026,2026,2026,1,785100,785100,666661,ARI,Active,true,https://www.spotrac.com/mlb/arizona-diamondbacks/cash/_/year/2026 | https://www.spotrac.com/mlb/arizona-diamondbacks/contracts | https://www.spotrac.com/mlb/arizona-diamondbacks/tax/_/year/2026,,
2026-07-08T14:16:26+00:00,2026,ARI,Arizona Diamondbacks,arizona-diamondbacks,Junsang Eom,junsangeom,https://www.spotrac.com/mlb/player/_/id/108538/junsang-eom,SS,18,,,,,2026 Signing Bonus,,,,,,,,,1500000,,1500000,,,,,,,,,,,false,https://www.spotrac.com/mlb/arizona-diamondbacks/cash/_/year/2026,not_found_on_tax_page;not_found_on_contracts_page,
2026-07-08T14:16:26+00:00,2026,ARI,Arizona Diamondbacks,arizona-diamondbacks,Justin Martinez,justinmartinez,https://www.spotrac.com/mlb/player/_/id/80129/justin-martinez,RP,24,2.024,,,2026 Injured List,2026 Injured List,Arizona Diamondbacks Contracts,,,Extension Pre-Arbitration,Extension Pre-Arbitration,,3600000,,2000000,2000000,,,2025,2025,2031,5,18000000,3600000,679885,ARI,Injured 60-Day,true,https://www.spotrac.com/mlb/arizona-diamondbacks/cash/_/year/2026 | https://www.spotrac.com/mlb/arizona-diamondbacks/contracts | https://www.spotrac.com/mlb/arizona-diamondbacks/tax/_/year/2026,,
2026-07-08T14:16:26+00:00,2026,ARI,Arizona Diamondbacks,arizona-diamondbacks,Kade Strowd,kadestrowd,https://www.spotrac.com/mlb/player/_/id/31332/kade-strowd,RP,28,0.074,,,2026 Minor,2026 Minor,,,,Pre-Arbitration,,,8342,0.00,8342,8342,,,,,,,,,669704,ARI,Reassigned to Minors,true,https://www.spotrac.com/mlb/arizona-diamondbacks/cash/_/year/2026 | https://www.spotrac.com/mlb/arizona-diamondbacks/tax/_/year/2026,not_found_on_contracts_page,
2026-07-08T14:16:26+00:00,2026,ARI,Arizona Diamondbacks,arizona-diamondbacks,Ketel Marte,ketelmarte,https://www.spotrac.com/mlb/player/_/id/16591/ketel-marte,2B,32,9.162,,,2026 Active Roster,2026 Active Roster,Arizona Diamondbacks Contracts,,,Extension,Extension,,15460000,6.34,16000000,15000000,,,2025,2025,2031,6,116500000,19416667,606466,ARI,Active,true,https://www.spotrac.com/mlb/arizona-diamondbacks/cash/_/year/2026 | https://www.spotrac.com/mlb/arizona-diamondbacks/contracts | https://www.spotrac.com/mlb/arizona-diamondbacks/tax/_/year/2026,,
2026-07-08T14:16:26+00:00,2026,ARI,Arizona Diamondbacks,arizona-diamondbacks,Kevin Ginkel,kevinginkel,https://www.spotrac.com/mlb/player/_/id/20860/kevin-ginkel,RP,32,5.033,,,2026 Active Roster,2026 Active Roster,Arizona Diamondbacks Contracts,,,Arbitration 3,Arbitration,,2725000,1.12,2725000,2725000,,,2026,2026,2026,1,2725000,2725000,656464,ARI,Active,true,https://www.spotrac.com/mlb/arizona-diamondbacks/cash/_/year/2026 | https://www.spotrac.com/mlb/arizona-diamondbacks/contracts | https://www.spotrac.com/mlb/arizona-diamondbacks/tax/_/year/2026,,
2026-07-08T14:16:26+00:00,2026,ARI,Arizona Diamondbacks,arizona-diamondbacks,Kohl Drake,kohldrake,https://www.spotrac.com/mlb/player/_/id/78902/kohl-drake,RP,25,,,,2026 Minor,2026 Minor,,,,Pre-Arbitration,,,12513,0.01,12513,12513,,,,,,,,,684442,ARI,Reassigned to Minors,true,https://www.spotrac.com/mlb/arizona-diamondbacks/cash/_/year/2026 | https://www.spotrac.com/mlb/arizona-diamondbacks/tax/_/year/2026,not_found_on_contracts_page,
2026-07-08T14:16:26+00:00,2026,ARI,Arizona Diamondbacks,arizona-diamondbacks,Leonardo Sevilla,leonardosevilla,https://www.spotrac.com/mlb/player/_/id/105322/leonardo-sevilla,SS,18,,,,,2026 Signing Bonus,,,,,,,,,750000,,750000,,,,,,,,,,,false,https://www.spotrac.com/mlb/arizona-diamondbacks/cash/_/year/2026,not_found_on_tax_page;not_found_on_contracts_page,
2026-07-08T14:16:26+00:00,2026,ARI,Arizona Diamondbacks,arizona-diamondbacks,Loidel Amaya,loidelamaya,https://www.spotrac.com/mlb/player/_/id/105324/loidel-amaya,OF,17,,,,,2026 Signing Bonus,,,,,,,,,560000,,560000,,,,,,,,,,,false,https://www.spotrac.com/mlb/arizona-diamondbacks/cash/_/year/2026,not_found_on_tax_page;not_found_on_contracts_page,
2026-07-08T14:16:26+00:00,2026,ARI,Arizona Diamondbacks,arizona-diamondbacks,Lourdes Gurriel Jr.,lourdesgurriel,https://www.spotrac.com/mlb/player/_/id/21125/lourdes-gurriel-jr,OF,32,7.094,,,2026 Active Roster,2026 Active Roster,Arizona Diamondbacks Contracts,,,Free Agent,Free Agent,,14000000,5.74,13000000,13000000,,,2024,2024,2027,3,42000000,14000000,666971,ARI,Active,true,https://www.spotrac.com/mlb/arizona-diamondbacks/cash/_/year/2026 | https://www.spotrac.com/mlb/arizona-diamondbacks/contracts | https://www.spotrac.com/mlb/arizona-diamondbacks/tax/_/year/2026,,
2026-07-08T14:16:26+00:00,2026,ARI,Arizona Diamondbacks,arizona-diamondbacks,LuJames Groover,lujamesgroover,https://www.spotrac.com/mlb/player/_/id/84798/lujames-groover,3B,24,,,,2026 Minor,2026 Minor,,,,Pre-Arbitration,,,125130,0.05,125130,125130,,,,,,,,,694410,ARI,Reassigned to Minors,true,https://www.spotrac.com/mlb/arizona-diamondbacks/cash/_/year/2026 | https://www.spotrac.com/mlb/arizona-diamondbacks/tax/_/year/2026,not_found_on_contracts_page,
2026-07-08T14:16:26+00:00,2026,ARI,Arizona Diamondbacks,arizona-diamondbacks,Luken Baker,lukenbaker,https://www.spotrac.com/mlb/player/_/id/26099/luken-baker,1B,29,0.164,,,2026 Minor,2026 Minor,,,,Free Agent,,,45881,,45881,45881,,,,,,,,,,,,false,https://www.spotrac.com/mlb/arizona-diamondbacks/cash/_/year/2026 | https://www.spotrac.com/mlb/arizona-diamondbacks/tax/_/year/2026,not_found_on_contracts_page,
2026-07-08T14:16:26+00:00,2026,ARI,Arizona Diamondbacks,arizona-diamondbacks,Madison Bumgarner,madisonbumgarner,https://www.spotrac.com/mlb/player/_/id/7510/madison-bumgarner,SP,36,,,,,2026 Deferred,,,,,,,,,5000000,5000000,,,,,,,,,,,,false,https://www.spotrac.com/mlb/arizona-diamondbacks/cash/_/year/2026,not_found_on_tax_page;not_found_on_contracts_page,
2026-07-08T14:16:26+00:00,2026,ARI,Arizona Diamondbacks,arizona-diamondbacks,Manny Almonte,mannyalmonte,https://www.spotrac.com/mlb/player/_/id/105645/manny-almonte,OF,17,,,,,2026 Signing Bonus,,,,,,,,,187500,,187500,,,,,,,,,,,false,https://www.spotrac.com/mlb/arizona-diamondbacks/cash/_/year/2026,not_found_on_tax_page;not_found_on_contracts_page,
2026-07-08T14:16:26+00:00,2026,ARI,Arizona Diamondbacks,arizona-diamondbacks,Max Kepler,maxkepler,https://www.spotrac.com/mlb/player/_/id/16101/max-kepler,LF,33,,,,,2026 Active Roster,Arizona Diamondbacks Contracts,,,,Free Agent,,,,467152,467152,,,2026,2026,2026,1,780000,780000,596146,ARI,Active,true,https://www.spotrac.com/mlb/arizona-diamondbacks/cash/_/year/2026 | https://www.spotrac.com/mlb/arizona-diamondbacks/contracts,not_found_on_tax_page,
2026-07-08T14:16:26+00:00,2026,ARI,Arizona Diamondbacks,arizona-diamondbacks,Merrill Kelly,merrillkelly,https://www.spotrac.com/mlb/player/_/id/28232/merrill-kelly,SP,37,7.000,,,2026 Active Roster,2026 Active Roster,Arizona Diamondbacks Contracts,,,Free Agent,Free Agent,,20000000,8.20,19000000,17000000,2000000,,2026,2026,2027,2,40000000,20000000,518876,ARI,Active,true,https://www.spotrac.com/mlb/arizona-diamondbacks/cash/_/year/2026 | https://www.spotrac.com/mlb/arizona-diamondbacks/contracts | https://www.spotrac.com/mlb/arizona-diamondbacks/tax/_/year/2026,,
2026-07-08T14:16:26+00:00,2026,ARI,Arizona Diamondbacks,arizona-diamondbacks,Michael Soroka,michaelsoroka,https://www.spotrac.com/mlb/player/_/id/17643/michael-soroka,SP,28,7.009,,,2026 Injured List,2026 Injured List,Arizona Diamondbacks Contracts,,,Free Agent,Free Agent,,7500000,3.07,7000000,6500000,,,2026,2026,2027,1,7500000,7500000,647336,ARI,Injured 15-Day,true,https://www.spotrac.com/mlb/arizona-diamondbacks/cash/_/year/2026 | https://www.spotrac.com/mlb/arizona-diamondbacks/contracts | https://www.spotrac.com/mlb/arizona-diamondbacks/tax/_/year/2026,,
2026-07-08T14:16:26+00:00,2026,ARI,Arizona Diamondbacks,arizona-diamondbacks,Mitch Bratt,mitchbratt,https://www.spotrac.com/mlb/player/_/id/73396/mitch-bratt,SP,22,,,,2026 Minor,2026 Minor,,,,Pre-Arbitration,,,4171,0.00,4171,4171,,,,,,,,,683352,ARI,Reassigned to Minors,true,https://www.spotrac.com/mlb/arizona-diamondbacks/cash/_/year/2026 | https://www.spotrac.com/mlb/arizona-diamondbacks/tax/_/year/2026,not_found_on_contracts_page,
2026-07-08T14:16:26+00:00,2026,ARI,Arizona Diamondbacks,arizona-diamondbacks,Nolan Arenado,nolanarenado,https://www.spotrac.com/mlb/player/_/id/12643/nolan-arenado,3B,35,12.155,,,2026 Active Roster,2026 Active Roster,Arizona Diamondbacks Contracts,,,Extension Arbitration,Extension Arbitration,,5000000,2.05,5000000,5000000,,,2019,2019,2027,8,260000000,32500000,571448,ARI,Active,true,https://www.spotrac.com/mlb/arizona-diamondbacks/cash/_/year/2026 | https://www.spotrac.com/mlb/arizona-diamondbacks/contracts | https://www.spotrac.com/mlb/arizona-diamondbacks/tax/_/year/2026,,
2026-07-08T14:16:26+00:00,2026,ARI,Arizona Diamondbacks,arizona-diamondbacks,Paul Sewald,paulsewald,https://www.spotrac.com/mlb/player/_/id/21712/paul-sewald,RP,36,7.072,,,2026 Active Roster,2026 Active Roster,Arizona Diamondbacks Contracts,,,Free Agent,Free Agent,,1500000,0.61,1500000,1500000,,,2026,2026,2026,1,1500000,1500000,623149,ARI,Active,true,https://www.spotrac.com/mlb/arizona-diamondbacks/cash/_/year/2026 | https://www.spotrac.com/mlb/arizona-diamondbacks/contracts | https://www.spotrac.com/mlb/arizona-diamondbacks/tax/_/year/2026,,
2026-07-08T14:16:26+00:00,2026,ARI,Arizona Diamondbacks,arizona-diamondbacks,Pavin Smith,pavinsmith,https://www.spotrac.com/mlb/player/_/id/23216/pavin-smith,1B,30,4.015,,,2026 Active Roster,2026 Active Roster,Arizona Diamondbacks Contracts,,,Arbitration 2,Arbitration,,2250000,0.92,2250000,2250000,,,2026,2026,2026,1,2250000,2250000,656976,ARI,Active,true,https://www.spotrac.com/mlb/arizona-diamondbacks/cash/_/year/2026 | https://www.spotrac.com/mlb/arizona-diamondbacks/contracts | https://www.spotrac.com/mlb/arizona-diamondbacks/tax/_/year/2026,,
2026-07-08T14:16:26+00:00,2026,ARI,Arizona Diamondbacks,arizona-diamondbacks,Philip Abner,philipabner,https://www.spotrac.com/mlb/player/_/id/84919/philip-abner,RP,24,0.011,,,2026 Minor,2026 Minor,,,,Pre-Arbitration,,,25026,0.01,25026,25026,,,,,,,,,691769,ARI,Reassigned to Minors,true,https://www.spotrac.com/mlb/arizona-diamondbacks/cash/_/year/2026 | https://www.spotrac.com/mlb/arizona-diamondbacks/tax/_/year/2026,not_found_on_contracts_page,
2026-07-08T14:16:26+00:00,2026,ARI,Arizona Diamondbacks,arizona-diamondbacks,Ruben Gallego,rubengallego,https://www.spotrac.com/mlb/player/_/id/105321/ruben-gallego,SS,17,,,,,2026 Signing Bonus,,,,,,,,,1750000,,1750000,,,,,,,,,,,false,https://www.spotrac.com/mlb/arizona-diamondbacks/cash/_/year/2026,not_found_on_tax_page;not_found_on_contracts_page,
2026-07-08T14:16:26+00:00,2026,ARI,Arizona Diamondbacks,arizona-diamondbacks,Ryan Thompson,ryanthompson,https://www.spotrac.com/mlb/player/_/id/48790/ryan-thompson,RP,34,5.095,,,2026 Active Roster,2026 Active Roster,Arizona Diamondbacks Contracts,,,Arbitration 4,Arbitration,,3950000,1.62,3950000,3950000,,,2026,2026,2026,1,3950000,3950000,657044,ARI,Active,true,https://www.spotrac.com/mlb/arizona-diamondbacks/cash/_/year/2026 | https://www.spotrac.com/mlb/arizona-diamondbacks/contracts | https://www.spotrac.com/mlb/arizona-diamondbacks/tax/_/year/2026,,
2026-07-08T14:16:26+00:00,2026,ARI,Arizona Diamondbacks,arizona-diamondbacks,Ryan Waldschmidt,ryanwaldschmidt,https://www.spotrac.com/mlb/player/_/id/94577/ryan-waldschmidt,OF,23,,,,2026 Minor,2026 Minor,,,,Pre-Arbitration,,,158498,0.07,158498,158498,,,,,,,,,814439,ARI,Reassigned to Minors,true,https://www.spotrac.com/mlb/arizona-diamondbacks/cash/_/year/2026 | https://www.spotrac.com/mlb/arizona-diamondbacks/tax/_/year/2026,not_found_on_contracts_page,
2026-07-08T14:16:26+00:00,2026,ARI,Arizona Diamondbacks,arizona-diamondbacks,Ryne Nelson,rynenelson,https://www.spotrac.com/mlb/player/_/id/30454/ryne-nelson,SP,28,3.020,,,2026 Injured List,2026 Injured List,Arizona Diamondbacks Contracts,,,Arbitration 1,Arbitration,,3000000,,3000000,3000000,,,2026,2026,2026,1,3000000,3000000,669194,ARI,Injured 60-Day,true,https://www.spotrac.com/mlb/arizona-diamondbacks/cash/_/year/2026 | https://www.spotrac.com/mlb/arizona-diamondbacks/contracts | https://www.spotrac.com/mlb/arizona-diamondbacks/tax/_/year/2026,,
2026-07-08T14:16:26+00:00,2026,ARI,Arizona Diamondbacks,arizona-diamondbacks,Taylor Clarke,taylorclarke,https://www.spotrac.com/mlb/player/_/id/17735/taylor-clarke,RP,33,5.148,,,2026 Active Roster,2026 Active Roster,Arizona Diamondbacks Contracts,,,Free Agent,Free Agent,,1550000,0.64,1550000,1550000,,,2026,2026,2026,1,1550000,1550000,664199,ARI,Active,true,https://www.spotrac.com/mlb/arizona-diamondbacks/cash/_/year/2026 | https://www.spotrac.com/mlb/arizona-diamondbacks/contracts | https://www.spotrac.com/mlb/arizona-diamondbacks/tax/_/year/2026,,
2026-07-08T14:16:26+00:00,2026,ARI,Arizona Diamondbacks,arizona-diamondbacks,Taylor Rashi,taylorrashi,https://www.spotrac.com/mlb/player/_/id/32236/taylor-rashi,RP,30,0.033,,,2026 Dead Money,2026 Dead Money,,,,,,,45881,0.02,45881,45881,,,,,,,,,688497,MIN,Reassigned to Minors,true_other_team,https://www.spotrac.com/mlb/arizona-diamondbacks/cash/_/year/2026 | https://www.spotrac.com/mlb/arizona-diamondbacks/tax/_/year/2026,not_found_on_contracts_page,
2026-07-08T14:16:26+00:00,2026,ARI,Arizona Diamondbacks,arizona-diamondbacks,Tim Tawa,timtawa,https://www.spotrac.com/mlb/player/_/id/74044/tim-tawa,2B,27,0.112,,,2026 Active Roster,2026 Active Roster,Arizona Diamondbacks Contracts,,,Pre-Arbitration,Pre-Arbitration,,665496,0.27,665496,665496,,,2026,2026,2026,1,787700,787700,694374,ARI,Active,true,https://www.spotrac.com/mlb/arizona-diamondbacks/cash/_/year/2026 | https://www.spotrac.com/mlb/arizona-diamondbacks/contracts | https://www.spotrac.com/mlb/arizona-diamondbacks/tax/_/year/2026,,
2026-07-08T14:16:26+00:00,2026,ARI,Arizona Diamondbacks,arizona-diamondbacks,Tommy Troy,tommytroy,https://www.spotrac.com/mlb/player/_/id/84453/tommy-troy,SS,24,,,,2026 Active Roster,2026 Active Roster,Arizona Diamondbacks Contracts,,,Pre-Arbitration,Pre-Arbitration,,529717,0.22,529717,529717,,,2026,2026,2026,1,780000,780000,694371,ARI,Active,true,https://www.spotrac.com/mlb/arizona-diamondbacks/cash/_/year/2026 | https://www.spotrac.com/mlb/arizona-diamondbacks/contracts | https://www.spotrac.com/mlb/arizona-diamondbacks/tax/_/year/2026,,
2026-07-08T14:16:26+00:00,2026,ARI,Arizona Diamondbacks,arizona-diamondbacks,Tyler Locklear,tylerlocklear,https://www.spotrac.com/mlb/player/_/id/78597/tyler-locklear,1B,25,0.084,,,2026 Minor,2026 Minor,,,,Pre-Arbitration,,,189090,0.08,189090,189090,,,,,,,,,682988,ARI,Reassigned to Minors,true,https://www.spotrac.com/mlb/arizona-diamondbacks/cash/_/year/2026 | https://www.spotrac.com/mlb/arizona-diamondbacks/tax/_/year/2026,not_found_on_contracts_page,
2026-07-08T14:16:26+00:00,2026,ARI,Arizona Diamondbacks,arizona-diamondbacks,Yamir Mendieta,yamirmendieta,https://www.spotrac.com/mlb/player/_/id/105559/yamir-mendieta,OF,17,,,,,2026 Signing Bonus,,,,,,,,,122500,,122500,,,,,,,,,,,false,https://www.spotrac.com/mlb/arizona-diamondbacks/cash/_/year/2026,not_found_on_tax_page;not_found_on_contracts_page,
2026-07-08T14:16:26+00:00,2026,ARI,Arizona Diamondbacks,arizona-diamondbacks,Yilber Diaz,yilberdiaz,https://www.spotrac.com/mlb/player/_/id/80345/yilber-diaz,RP,25,0.041,,,2026 Dead Money,2026 Dead Money,,,,,,,8342,0.00,8342,8342,,,,,,,,,700270,DET,Reassigned to Minors,true_other_team,https://www.spotrac.com/mlb/arizona-diamondbacks/cash/_/year/2026 | https://www.spotrac.com/mlb/arizona-diamondbacks/tax/_/year/2026,not_found_on_contracts_page,
2026-07-08T14:16:26+00:00,2026,ARI,Arizona Diamondbacks,arizona-diamondbacks,Yohansis Pena,yohansispena,https://www.spotrac.com/mlb/player/_/id/105812/yohansis-pena,P,17,,,,,2026 Signing Bonus,,,,,,,,,197500,,197500,,,,,,,,,,,false,https://www.spotrac.com/mlb/arizona-diamondbacks/cash/_/year/2026,not_found_on_tax_page;not_found_on_contracts_page,
2026-07-08T14:16:26+00:00,2026,ARI,Arizona Diamondbacks,arizona-diamondbacks,Yohendi Hernandez,yohendihernandez,https://www.spotrac.com/mlb/player/_/id/105325/yohendi-hernandez,OF,16,,,,,2026 Signing Bonus,,,,,,,,,547500,,547500,,,,,,,,,,,false,https://www.spotrac.com/mlb/arizona-diamondbacks/cash/_/year/2026,not_found_on_tax_page;not_found_on_contracts_page,
2026-07-08T14:16:26+00:00,2026,ARI,Arizona Diamondbacks,arizona-diamondbacks,Zac Gallen,zacgallen,https://www.spotrac.com/mlb/player/_/id/20168/zac-gallen,SP,30,6.100,,,2026 Active Roster,2026 Active Roster,Arizona Diamondbacks Contracts,,,Free Agent,Free Agent,,18756739,7.69,8000000,8000000,,,2026,2026,2026,1,22025000,22025000,668678,ARI,Active,true,https://www.spotrac.com/mlb/arizona-diamondbacks/cash/_/year/2026 | https://www.spotrac.com/mlb/arizona-diamondbacks/contracts | https://www.spotrac.com/mlb/arizona-diamondbacks/tax/_/year/2026,,
2026-07-08T14:16:26+00:00,2026,ATH,Athletics,athletics,Aaron Civale,aaroncivale,https://www.spotrac.com/mlb/player/_/id/20116/aaron-civale,SP,31,6.058,,,2026 Active Roster,2026 Active Roster,Athletics Contracts,,,Free Agent,Free Agent,,6000000,2.46,6000000,6000000,,,2026,2026,2026,1,6000000,6000000,650644,ATH,Active,true,https://www.spotrac.com/mlb/athletics/cash/_/year/2026 | https://www.spotrac.com/mlb/athletics/contracts | https://www.spotrac.com/mlb/athletics/tax/_/year/2026,,
2026-07-08T14:16:26+00:00,2026,ATH,Athletics,athletics,Albert Ramos,albertramos,https://www.spotrac.com/mlb/player/_/id/105868/albert-ramos,P,17,,,,,2026 Signing Bonus,,,,,,,,,135000,,135000,,,,,,,,,,,false,https://www.spotrac.com/mlb/athletics/cash/_/year/2026,not_found_on_tax_page;not_found_on_contracts_page,
2026-07-08T14:16:26+00:00,2026,ATH,Athletics,athletics,Alika Williams,alikawilliams,https://www.spotrac.com/mlb/player/_/id/48393/alika-williams,SS,27,1.032,,,2026 Active Roster,2026 Active Roster,Athletics Contracts,,,Pre-Arbitration,Pre-Arbitration,,542230,0.22,542230,542230,,,2026,2026,2026,1,780000,780000,675961,ATH,Active,true,https://www.spotrac.com/mlb/athletics/cash/_/year/2026 | https://www.spotrac.com/mlb/athletics/contracts | https://www.spotrac.com/mlb/athletics/tax/_/year/2026,,
2026-07-08T14:16:26+00:00,2026,ATH,Athletics,athletics,Andy Ibanez,andyibanez,https://www.spotrac.com/mlb/player/_/id/21302/andy-ibanez,2B,33,3.133,,,2026 Dead Money,2026 Dead Money,,,,,,,1200000,0.49,1200000,1200000,,,,,,,,,,,,false,https://www.spotrac.com/mlb/athletics/cash/_/year/2026 | https://www.spotrac.com/mlb/athletics/tax/_/year/2026,not_found_on_contracts_page,
2026-07-08T14:16:26+00:00,2026,ATH,Athletics,athletics,Anibal Yean,anibalyean,https://www.spotrac.com/mlb/player/_/id/105869/anibal-yean,P,,,,,,2026 Signing Bonus,,,,,,,,,75000,,75000,,,,,,,,,,,false,https://www.spotrac.com/mlb/athletics/cash/_/year/2026,not_found_on_tax_page;not_found_on_contracts_page,
2026-07-08T14:16:26+00:00,2026,ATH,Athletics,athletics,Austin Wynns,austinwynns,https://www.spotrac.com/mlb/player/_/id/24555/austin-wynns,C,35,5.017,,,2026 Retained,2026 Retained,,,,Retained,,,1100000,,1100000,1100000,,,,,,,,,,,,false,https://www.spotrac.com/mlb/athletics/cash/_/year/2026 | https://www.spotrac.com/mlb/athletics/tax/_/year/2026,not_found_on_contracts_page,
2026-07-08T14:16:26+00:00,2026,ATH,Athletics,athletics,Braden Nett,bradennett,https://www.spotrac.com/mlb/player/_/id/79424/braden-nett,SP,,,,,2026 Minor,,,,,Pre-Arbitration,,,,,,,,,,,,,,,804556,ATH,Reassigned to Minors,true,https://www.spotrac.com/mlb/athletics/tax/_/year/2026,missing_all_money_fields;not_found_on_cash_page;not_found_on_contracts_page,
2026-07-08T14:16:26+00:00,2026,ATH,Athletics,athletics,Brady Basso,bradybasso,https://www.spotrac.com/mlb/player/_/id/32343/brady-basso,RP,28,1.029,,,2026 Minor,2026 Minor,,,,Pre-Arbitration,,,54223,0.02,54223,54223,,,,,,,,,669620,ATH,Reassigned to Minors,true,https://www.spotrac.com/mlb/athletics/cash/_/year/2026 | https://www.spotrac.com/mlb/athletics/tax/_/year/2026,not_found_on_contracts_page,
2026-07-08T14:16:26+00:00,2026,ATH,Athletics,athletics,Brent Rooker,brentrooker,https://www.spotrac.com/mlb/player/_/id/23244/brent-rooker,DH,31,4.059,,,2026 Injured List,2026 Injured List,Athletics Contracts,,,Extension Arbitration,Extension Arbitration,,12000000,4.92,6000000,6000000,,,2025,2025,2030,5,60000000,12000000,667670,ATH,Injured 10-Day,true,https://www.spotrac.com/mlb/athletics/cash/_/year/2026 | https://www.spotrac.com/mlb/athletics/contracts | https://www.spotrac.com/mlb/athletics/tax/_/year/2026,,
2026-07-08T14:16:26+00:00,2026,ATH,Athletics,athletics,Brett Harris,brettharris,https://www.spotrac.com/mlb/player/_/id/73483/brett-harris,3B,28,0.105,,,2026 Dead Money,2026 Dead Money,,,,,,,62565,0.03,62565,62565,,,,,,,,,695391,BOS,Reassigned to Minors,true_other_team,https://www.spotrac.com/mlb/athletics/cash/_/year/2026 | https://www.spotrac.com/mlb/athletics/tax/_/year/2026,not_found_on_contracts_page,
2026-07-08T14:16:26+00:00,2026,ATH,Athletics,athletics,Brian Serven,brianserven,https://www.spotrac.com/mlb/player/_/id/20014/brian-serven,C,31,1.089,,,2026 Minor,2026 Minor,,,,Free Agent,,,12513,0.01,12513,12513,,,,,,,,,661531,ATH,Reassigned to Minors,true,https://www.spotrac.com/mlb/athletics/cash/_/year/2026 | https://www.spotrac.com/mlb/athletics/tax/_/year/2026,not_found_on_contracts_page,
2026-07-08T14:16:26+00:00,2026,ATH,Athletics,athletics,Brooks Kriske,brookskriske,https://www.spotrac.com/mlb/player/_/id/19965/brooks-kriske,RP,32,1.019,,,2026 Injured List,2026 Injured List,Athletics Contracts,,,Free Agent,Free Agent,,600624,,600624,600624,,,2026,2026,2026,1,780000,780000,621139,ATH,Injured 60-Day,true,https://www.spotrac.com/mlb/athletics/cash/_/year/2026 | https://www.spotrac.com/mlb/athletics/contracts | https://www.spotrac.com/mlb/athletics/tax/_/year/2026,,
2026-07-08T14:16:26+00:00,2026,ATH,Athletics,athletics,Carlos Cortes,carloscortes,https://www.spotrac.com/mlb/player/_/id/26112/carlos-cortes,OF,29,0.069,,,2026 Active Roster,2026 Active Roster,Athletics Contracts,,,Pre-Arbitration,Pre-Arbitration,,780000,0.32,780000,780000,,,2026,2026,2026,1,780000,780000,666126,ATH,Active,true,https://www.spotrac.com/mlb/athletics/cash/_/year/2026 | https://www.spotrac.com/mlb/athletics/contracts | https://www.spotrac.com/mlb/athletics/tax/_/year/2026,,
2026-07-08T14:16:26+00:00,2026,ATH,Athletics,athletics,Chen Zhong-Ao Zhuang,chenzhongaozhuang,https://www.spotrac.com/mlb/player/_/id/87963/chen-zhong-ao-zhuang,SP,,,,,2026 Minor,,,,,Pre-Arbitration,,,,,,,,,,,,,,,800018,ATH,Reassigned to Minors,true,https://www.spotrac.com/mlb/athletics/tax/_/year/2026,missing_all_money_fields;not_found_on_cash_page;not_found_on_contracts_page,
2026-07-08T14:16:26+00:00,2026,ATH,Athletics,athletics,Colby Thomas,colbythomas,https://www.spotrac.com/mlb/player/_/id/78600/colby-thomas,RF,25,0.079,,,2026 Active Roster,2026 Active Roster,Athletics Contracts,,,Pre-Arbitration,Pre-Arbitration,,659018,0.27,659018,659018,,,2026,2026,2026,1,780000,780000,687515,ATH,Active,true,https://www.spotrac.com/mlb/athletics/cash/_/year/2026 | https://www.spotrac.com/mlb/athletics/contracts | https://www.spotrac.com/mlb/athletics/tax/_/year/2026,,
2026-07-08T14:16:26+00:00,2026,ATH,Athletics,athletics,Darell Hernaiz,darellhernaiz,https://www.spotrac.com/mlb/player/_/id/30540/darell-hernaiz,SS,24,1.040,,,2026 Minor,2026 Minor,,,,Pre-Arbitration,,,428196,0.18,428196,428196,,,,,,,,,687231,ATH,Reassigned to Minors,true,https://www.spotrac.com/mlb/athletics/cash/_/year/2026 | https://www.spotrac.com/mlb/athletics/tax/_/year/2026,not_found_on_contracts_page,
2026-07-08T14:16:26+00:00,2026,ATH,Athletics,athletics,Darian Rojas,darianrojas,https://www.spotrac.com/mlb/player/_/id/105332/darian-rojas,OF,19,,,,,2026 Signing Bonus,,,,,,,,,200000,,200000,,,,,,,,,,,false,https://www.spotrac.com/mlb/athletics/cash/_/year/2026,not_found_on_tax_page;not_found_on_contracts_page,
2026-07-08T14:16:26+00:00,2026,ATH,Athletics,athletics,Denzel Clarke,denzelclarke,https://www.spotrac.com/mlb/player/_/id/73390/denzel-clarke,CF,26,0.129,,,2026 Injured List,2026 Injured List,Athletics Contracts,,,Pre-Arbitration,Pre-Arbitration,,780000,,780000,780000,,,2026,2026,2026,1,780000,780000,672016,ATH,Injured 60-Day,true,https://www.spotrac.com/mlb/athletics/cash/_/year/2026 | https://www.spotrac.com/mlb/athletics/contracts | https://www.spotrac.com/mlb/athletics/tax/_/year/2026,,
2026-07-08T14:16:26+00:00,2026,ATH,Athletics,athletics,Edward Suazo,edwardsuazo,https://www.spotrac.com/mlb/player/_/id/105330/edward-suazo,SS,17,,,,,2026 Signing Bonus,,,,,,,,,675000,,675000,,,,,,,,,,,false,https://www.spotrac.com/mlb/athletics/cash/_/year/2026,not_found_on_tax_page;not_found_on_contracts_page,
2026-07-08T14:16:26+00:00,2026,ATH,Athletics,athletics,Elvis Alvarado,elvisalvarado,https://www.spotrac.com/mlb/player/_/id/75029/elvis-alvarado,RP,27,0.101,,,2026 Active Roster,2026 Active Roster,Athletics Contracts,,,Pre-Arbitration,Pre-Arbitration,,579769,0.24,579769,579769,,,2026,2026,2026,1,780000,780000,665660,ATH,Active,true,https://www.spotrac.com/mlb/athletics/cash/_/year/2026 | https://www.spotrac.com/mlb/athletics/contracts | https://www.spotrac.com/mlb/athletics/tax/_/year/2026,,
2026-07-08T14:16:26+00:00,2026,ATH,Athletics,athletics,Erick Encarnacion,erickencarnacion,https://www.spotrac.com/mlb/player/_/id/105598/erick-encarnacion,3B,17,,,,,2026 Signing Bonus,,,,,,,,,230000,,230000,,,,,,,,,,,false,https://www.spotrac.com/mlb/athletics/cash/_/year/2026,not_found_on_tax_page;not_found_on_contracts_page,
2026-07-08T14:16:26+00:00,2026,ATH,Athletics,athletics,Frailyn Minier,frailynminier,https://www.spotrac.com/mlb/player/_/id/105870/frailyn-minier,P,17,,,,,2026 Signing Bonus,,,,,,,,,27500,,27500,,,,,,,,,,,false,https://www.spotrac.com/mlb/athletics/cash/_/year/2026,not_found_on_tax_page;not_found_on_contracts_page,
2026-07-08T14:16:26+00:00,2026,ATH,Athletics,athletics,Gage Jump,gagejump,https://www.spotrac.com/mlb/player/_/id/79558/gage-jump,SP,23,,,,2026 Active Roster,2026 Active Roster,Athletics Contracts,,,Pre-Arbitration,Pre-Arbitration,,517204,0.21,517204,517204,,,2026,2026,2026,1,780000,780000,695611,ATH,Active,true,https://www.spotrac.com/mlb/athletics/cash/_/year/2026 | https://www.spotrac.com/mlb/athletics/contracts | https://www.spotrac.com/mlb/athletics/tax/_/year/2026,,
2026-07-08T14:16:26+00:00,2026,ATH,Athletics,athletics,Geoff Hartlieb,geoffhartlieb,https://www.spotrac.com/mlb/player/_/id/30107/geoff-hartlieb,RP,32,2.003,,,2026 Minor,2026 Minor,,,,Free Agent,,,59085,,59085,59085,,,,,,,,,,,,false,https://www.spotrac.com/mlb/athletics/cash/_/year/2026 | https://www.spotrac.com/mlb/athletics/tax/_/year/2026,not_found_on_contracts_page,
2026-07-08T14:16:26+00:00,2026,ATH,Athletics,athletics,Gunnar Hoglund,gunnarhoglund,https://www.spotrac.com/mlb/player/_/id/73281/gunnar-hoglund,SP,26,0.150,,,2026 Injured List,2026 Injured List,Athletics Contracts,,,Pre-Arbitration,Pre-Arbitration,,780000,,780000,780000,,,2026,2026,2026,1,780000,780000,680684,ATH,Injured 60-Day,true,https://www.spotrac.com/mlb/athletics/cash/_/year/2026 | https://www.spotrac.com/mlb/athletics/contracts | https://www.spotrac.com/mlb/athletics/tax/_/year/2026,,
2026-07-08T14:16:26+00:00,2026,ATH,Athletics,athletics,Hayden Juenger,haydenjuenger,https://www.spotrac.com/mlb/player/_/id/73444/hayden-juenger,RP,,,,,2026 Minor,,,,,Pre-Arbitration,,,,,,,,,,,,,,,696522,ATH,Reassigned to Minors,true,https://www.spotrac.com/mlb/athletics/tax/_/year/2026,missing_all_money_fields;not_found_on_cash_page;not_found_on_contracts_page,
2026-07-08T14:16:26+00:00,2026,ATH,Athletics,athletics,Henry Baez,henrybaez,https://www.spotrac.com/mlb/player/_/id/88016/henry-baez,SP,,,,,2026 Minor,,,,,Pre-Arbitration,,,,,,,,,,,,,,,692013,ATH,Reassigned to Minors,true,https://www.spotrac.com/mlb/athletics/tax/_/year/2026,missing_all_money_fields;not_found_on_cash_page;not_found_on_contracts_page,
2026-07-08T14:16:26+00:00,2026,ATH,Athletics,athletics,Henry Bolte,henrybolte,https://www.spotrac.com/mlb/player/_/id/78026/henry-bolte,OF,22,,,,2026 Active Roster,2026 Active Roster,Athletics Contracts,,,Pre-Arbitration,Pre-Arbitration,,575598,0.24,575598,575598,,,2026,2026,2026,1,780000,780000,703607,ATH,Active,true,https://www.spotrac.com/mlb/athletics/cash/_/year/2026 | https://www.spotrac.com/mlb/athletics/contracts | https://www.spotrac.com/mlb/athletics/tax/_/year/2026,,
2026-07-08T14:16:26+00:00,2026,ATH,Athletics,athletics,Hogan Harris,hoganharris,https://www.spotrac.com/mlb/player/_/id/26114/hogan-harris,RP,29,1.146,,,2026 Active Roster,2026 Active Roster,Athletics Contracts,,,Pre-Arbitration,Pre-Arbitration,,785000,0.32,785000,785000,,,2026,2026,2026,1,785000,785000,663687,ATH,Active,true,https://www.spotrac.com/mlb/athletics/cash/_/year/2026 | https://www.spotrac.com/mlb/athletics/contracts | https://www.spotrac.com/mlb/athletics/tax/_/year/2026,,
2026-07-08T14:16:26+00:00,2026,ATH,Athletics,athletics,J.T. Ginn,jtginn,https://www.spotrac.com/mlb/player/_/id/48408/jt-ginn,SP,27,1.039,,,2026 Active Roster,2026 Active Roster,Athletics Contracts,,,Pre-Arbitration,Pre-Arbitration,,785000,0.32,785000,785000,,,2026,2026,2026,1,785000,785000,669372,ATH,Active,true,https://www.spotrac.com/mlb/athletics/cash/_/year/2026 | https://www.spotrac.com/mlb/athletics/contracts | https://www.spotrac.com/mlb/athletics/tax/_/year/2026,,
2026-07-08T14:16:26+00:00,2026,ATH,Athletics,athletics,Jack Perkins,jackperkins,https://www.spotrac.com/mlb/player/_/id/78738/jack-perkins,SP,26,0.099,,,2026 Active Roster,2026 Active Roster,Athletics Contracts,,,Pre-Arbitration,Pre-Arbitration,,713262,0.29,713262,713262,,,2026,2026,2026,1,780000,780000,678022,ATH,Active,true,https://www.spotrac.com/mlb/athletics/cash/_/year/2026 | https://www.spotrac.com/mlb/athletics/contracts | https://www.spotrac.com/mlb/athletics/tax/_/year/2026,,
2026-07-08T14:16:26+00:00,2026,ATH,Athletics,athletics,Jacob Lopez,jacoblopez,https://www.spotrac.com/mlb/player/_/id/27633/jacob-lopez,SP,28,0.160,,,2026 Active Roster,2026 Active Roster,Athletics Contracts,,,Pre-Arbitration,Pre-Arbitration,,629821,0.26,629821,629821,,,2026,2026,2026,1,780000,780000,682052,ATH,Active,true,https://www.spotrac.com/mlb/athletics/cash/_/year/2026 | https://www.spotrac.com/mlb/athletics/contracts | https://www.spotrac.com/mlb/athletics/tax/_/year/2026,,
2026-07-08T14:16:26+00:00,2026,ATH,Athletics,athletics,Jacob Wilson,jacobwilson,https://www.spotrac.com/mlb/player/_/id/83155/jacob-wilson,SS,24,1.073,,,2026 Active Roster,2026 Active Roster,Athletics Contracts,,,Extension Pre-Arbitration,Extension Pre-Arbitration,,10000000,4.10,4000000,1000000,3000000,,2026,2026,2033,7,70000000,10000000,805779,ATH,Active,true,https://www.spotrac.com/mlb/athletics/cash/_/year/2026 | https://www.spotrac.com/mlb/athletics/contracts | https://www.spotrac.com/mlb/athletics/tax/_/year/2026,,
2026-07-08T14:16:26+00:00,2026,ATH,Athletics,athletics,Jeff McNeil,jeffmcneil,https://www.spotrac.com/mlb/player/_/id/27750/jeff-mcneil,2B,34,7.069,,,2026 Active Roster,2026 Active Roster,Athletics Contracts,,,Extension Arbitration,Extension Arbitration,,12500000,5.12,10500000,10000000,,,2023,2023,2027,4,50000000,12500000,643446,ATH,Active,true,https://www.spotrac.com/mlb/athletics/cash/_/year/2026 | https://www.spotrac.com/mlb/athletics/contracts | https://www.spotrac.com/mlb/athletics/tax/_/year/2026,,
2026-07-08T14:16:26+00:00,2026,ATH,Athletics,athletics,Jeffrey Springs,jeffreysprings,https://www.spotrac.com/mlb/player/_/id/27819/jeffrey-springs,SP,33,7.055,,,2026 Active Roster,2026 Active Roster,Athletics Contracts,,,Extension Arbitration,Extension Arbitration,,7750000,3.18,10500000,10500000,,,2023,2023,2027,4,31000000,7750000,605488,ATH,Active,true,https://www.spotrac.com/mlb/athletics/cash/_/year/2026 | https://www.spotrac.com/mlb/athletics/contracts | https://www.spotrac.com/mlb/athletics/tax/_/year/2026,,
2026-07-08T14:16:26+00:00,2026,ATH,Athletics,athletics,Joel Kuhnel,joelkuhnel,https://www.spotrac.com/mlb/player/_/id/20866/joel-kuhnel,RP,31,1.127,,,2026 Dead Money,2026 Dead Money,,,,,,,116788,0.05,116788,116788,,,,,,,,,669270,MIL,Injured 15-Day,true_other_team,https://www.spotrac.com/mlb/athletics/cash/_/year/2026 | https://www.spotrac.com/mlb/athletics/tax/_/year/2026,not_found_on_contracts_page,
2026-07-08T14:16:26+00:00,2026,ATH,Athletics,athletics,Joey Estes,joeyestes,https://www.spotrac.com/mlb/player/_/id/31975/joey-estes,RP,24,1.031,,,2026 Minor,2026 Minor,,,,Pre-Arbitration,,,20855,0.01,20855,20855,,,,,,,,,683155,ATH,Reassigned to Minors,true,https://www.spotrac.com/mlb/athletics/cash/_/year/2026 | https://www.spotrac.com/mlb/athletics/tax/_/year/2026,not_found_on_contracts_page,
2026-07-08T14:16:26+00:00,2026,ATH,Athletics,athletics,Joey Meneses,joeymeneses,https://www.spotrac.com/mlb/player/_/id/74491/joey-meneses,1B,34,1.164,,,2026 Minor,2026 Minor,,,,Free Agent,,,54223,0.02,54223,54223,,,,,,,,,608841,ATH,Reassigned to Minors,true,https://www.spotrac.com/mlb/athletics/cash/_/year/2026 | https://www.spotrac.com/mlb/athletics/tax/_/year/2026,not_found_on_contracts_page,
2026-07-08T14:16:26+00:00,2026,ATH,Athletics,athletics,Johenssy Colome,johenssycolome,https://www.spotrac.com/mlb/player/_/id/105328/johenssy-colome,SS,17,,,,,2026 Signing Bonus,,,,,,,,,4000000,,4000000,,,,,,,,,,,false,https://www.spotrac.com/mlb/athletics/cash/_/year/2026,not_found_on_tax_page;not_found_on_contracts_page,
2026-07-08T14:16:26+00:00,2026,ATH,Athletics,athletics,Jonah Heim,jonahheim,https://www.spotrac.com/mlb/player/_/id/33203/jonah-heim,C,31,5.097,,,2026 Active Roster,2026 Active Roster,Athletics Contracts,,,Free Agent,Free Agent,,981183,0.40,981183,981183,,,2026,2026,2026,1,1250000,1250000,641680,ATH,Active,true,https://www.spotrac.com/mlb/athletics/cash/_/year/2026 | https://www.spotrac.com/mlb/athletics/contracts | https://www.spotrac.com/mlb/athletics/tax/_/year/2026,,
2026-07-08T14:16:26+00:00,2026,ATH,Athletics,athletics,Jose Perdomo,joseperdomo,https://www.spotrac.com/mlb/player/_/id/105331/jose-perdomo,C,17,,,,,2026 Signing Bonus,,,,,,,,,600000,,600000,,,,,,,,,,,false,https://www.spotrac.com/mlb/athletics/cash/_/year/2026,not_found_on_tax_page;not_found_on_contracts_page,
2026-07-08T14:16:26+00:00,2026,ATH,Athletics,athletics,Joshua Kuroda-Grauer,joshuakurodagrauer,https://www.spotrac.com/mlb/player/_/id/94619/joshua-kuroda-grauer,SS,23,,,,2026 Active Roster,2026 Active Roster,Athletics Contracts,,,Pre-Arbitration,Pre-Arbitration,,780000,0.32,780000,780000,,,2026,2026,2026,1,780000,780000,811965,ATH,Active,true,https://www.spotrac.com/mlb/athletics/cash/_/year/2026 | https://www.spotrac.com/mlb/athletics/contracts | https://www.spotrac.com/mlb/athletics/tax/_/year/2026,,
2026-07-08T14:16:26+00:00,2026,ATH,Athletics,athletics,José Suarez,josesuarez,https://www.spotrac.com/mlb/player/_/id/28162/jos%C3%A9-suarez,RP,28,4.064,,,2026 Active Roster,2026 Active Roster,Athletics Contracts,,,Arbitration 3,Arbitration,,654568,0.27,654568,654568,,,2026,2026,2026,1,900000,900000,660761,ATH,Active,true,https://www.spotrac.com/mlb/athletics/cash/_/year/2026 | https://www.spotrac.com/mlb/athletics/contracts | https://www.spotrac.com/mlb/athletics/tax/_/year/2026,,
2026-07-08T14:16:26+00:00,2026,ATH,Athletics,athletics,Justin Sterner,justinsterner,https://www.spotrac.com/mlb/player/_/id/74621/justin-sterner,RP,29,0.169,,,2026 Active Roster,2026 Active Roster,Athletics Contracts,,,Pre-Arbitration,Pre-Arbitration,,780000,0.32,780000,780000,,,2026,2026,2026,1,780000,780000,686993,ATH,Active,true,https://www.spotrac.com/mlb/athletics/cash/_/year/2026 | https://www.spotrac.com/mlb/athletics/contracts | https://www.spotrac.com/mlb/athletics/tax/_/year/2026,,
2026-07-08T14:16:26+00:00,2026,ATH,Athletics,athletics,Kade Morris,kademorris,https://www.spotrac.com/mlb/player/_/id/84843/kade-morris,RP,24,,,,2026 Minor,2026 Minor,,,,Pre-Arbitration,,,141814,0.06,141814,141814,,,,,,,,,695034,ATH,Reassigned to Minors,true,https://www.spotrac.com/mlb/athletics/cash/_/year/2026 | https://www.spotrac.com/mlb/athletics/tax/_/year/2026,not_found_on_contracts_page,
2026-07-08T14:16:26+00:00,2026,ATH,Athletics,athletics,Kenny Fermin,kennyfermin,https://www.spotrac.com/mlb/player/_/id/105867/kenny-fermin,INF,19,,,,,2026 Signing Bonus,,,,,,,,,200000,,200000,,,,,,,,,,,false,https://www.spotrac.com/mlb/athletics/cash/_/year/2026,not_found_on_tax_page;not_found_on_contracts_page,
2026-07-08T14:16:26+00:00,2026,ATH,Athletics,athletics,Lawrence Butler,lawrencebutler,https://www.spotrac.com/mlb/player/_/id/26206/lawrence-butler,RF,25,2.032,,,2026 Active Roster,2026 Active Roster,Athletics Contracts,,,Extension Pre-Arbitration,Extension Pre-Arbitration,,9357143,3.83,3250000,3250000,,,2025,2025,2032,7,65500000,9357143,671732,ATH,Active,true,https://www.spotrac.com/mlb/athletics/cash/_/year/2026 | https://www.spotrac.com/mlb/athletics/contracts | https://www.spotrac.com/mlb/athletics/tax/_/year/2026,,
2026-07-08T14:16:26+00:00,2026,ATH,Athletics,athletics,Luis Medina,luismedina,https://www.spotrac.com/mlb/player/_/id/35698/luis-medina,RP,27,2.146,,,2026 Active Roster,2026 Active Roster,Athletics Contracts,,,Arbitration 1 Super Two,Arbitration,,835000,0.34,835000,835000,,,2026,2026,2026,1,835000,835000,665622,ATH,Active,true,https://www.spotrac.com/mlb/athletics/cash/_/year/2026 | https://www.spotrac.com/mlb/athletics/contracts | https://www.spotrac.com/mlb/athletics/tax/_/year/2026,,
2026-07-08T14:16:26+00:00,2026,ATH,Athletics,athletics,Luis Morales,luismorales,https://www.spotrac.com/mlb/player/_/id/80382/luis-morales,RP,23,0.059,,,2026 Minor,2026 Minor,,,,Pre-Arbitration,,,66736,0.03,66736,66736,,,,,,,,,806960,ATH,Reassigned to Minors,true,https://www.spotrac.com/mlb/athletics/cash/_/year/2026 | https://www.spotrac.com/mlb/athletics/tax/_/year/2026,not_found_on_contracts_page,
2026-07-08T14:16:26+00:00,2026,ATH,Athletics,athletics,Luis Severino,luisseverino,https://www.spotrac.com/mlb/player/_/id/18091/luis-severino,SP,32,9.170,,,2026 Injured List,2026 Injured List,Athletics Contracts,,,Free Agent,Free Agent,,22333333,,20000000,20000000,,,2025,2025,2027,3,67000000,22333333,622663,ATH,Injured 60-Day,true,https://www.spotrac.com/mlb/athletics/cash/_/year/2026 | https://www.spotrac.com/mlb/athletics/contracts | https://www.spotrac.com/mlb/athletics/tax/_/year/2026,,
2026-07-08T14:16:26+00:00,2026,ATH,Athletics,athletics,Mark Leiter Jr.,markleiter,https://www.spotrac.com/mlb/player/_/id/21727/mark-leiter-jr,RP,35,5.031,,,2026 Active Roster,2026 Active Roster,Athletics Contracts,,,Free Agent,Free Agent,,2850000,1.17,2850000,2850000,,,2026,2026,2026,1,2850000,2850000,643410,ATH,Active,true,https://www.spotrac.com/mlb/athletics/cash/_/year/2026 | https://www.spotrac.com/mlb/athletics/contracts | https://www.spotrac.com/mlb/athletics/tax/_/year/2026,,
2026-07-08T14:16:26+00:00,2026,ATH,Athletics,athletics,Mason Barnett,masonbarnett,https://www.spotrac.com/mlb/player/_/id/78689/mason-barnett,RP,25,0.034,,,2026 Active Roster,2026 Active Roster,Athletics Contracts,,,Pre-Arbitration,Pre-Arbitration,,504691,0.21,504691,504691,,,2026,2026,2026,1,780000,780000,686930,ATH,Active,true,https://www.spotrac.com/mlb/athletics/cash/_/year/2026 | https://www.spotrac.com/mlb/athletics/contracts | https://www.spotrac.com/mlb/athletics/tax/_/year/2026,,
2026-07-08T14:16:26+00:00,2026,ATH,Athletics,athletics,Matt Krook,mattkrook,https://www.spotrac.com/mlb/player/_/id/20171/matt-krook,RP,31,0.055,,,2026 Dead Money,2026 Dead Money,,,,,,,50052,0.02,50052,50052,,,,,,,,,640454,WSH,Active,true_other_team,https://www.spotrac.com/mlb/athletics/cash/_/year/2026 | https://www.spotrac.com/mlb/athletics/tax/_/year/2026,not_found_on_contracts_page,
2026-07-08T14:16:26+00:00,2026,ATH,Athletics,athletics,Max Muncy,maxmuncy,https://www.spotrac.com/mlb/player/_/id/73287/max-muncy,3B,23,0.144,,,2026 Active Roster,2026 Active Roster,Athletics Contracts,,,Pre-Arbitration,Pre-Arbitration,,780000,0.32,780000,780000,,,2026,2026,2026,1,780000,780000,691777,ATH,Active,true,https://www.spotrac.com/mlb/athletics/cash/_/year/2026 | https://www.spotrac.com/mlb/athletics/contracts | https://www.spotrac.com/mlb/athletics/tax/_/year/2026,,
2026-07-08T14:16:26+00:00,2026,ATH,Athletics,athletics,Michael Kelly,michaelkelly,https://www.spotrac.com/mlb/player/_/id/24670/michael-kelly,RP,33,1.124,,,2026 Dead Money,2026 Dead Money,,,,,,,83960,0.03,83960,83960,,,,,,,,,,,,false,https://www.spotrac.com/mlb/athletics/cash/_/year/2026 | https://www.spotrac.com/mlb/athletics/tax/_/year/2026,not_found_on_contracts_page,
2026-07-08T14:16:26+00:00,2026,ATH,Athletics,athletics,Michael Stefanic,michaelstefanic,https://www.spotrac.com/mlb/player/_/id/74745/michael-stefanic,2B,30,1.092,,,2026 Dead Money,2026 Dead Money,,,,,,,17540,0.01,17540,17540,,,,,,,,,,,,false,https://www.spotrac.com/mlb/athletics/cash/_/year/2026 | https://www.spotrac.com/mlb/athletics/tax/_/year/2026,not_found_on_contracts_page,
2026-07-08T14:16:26+00:00,2026,ATH,Athletics,athletics,Nick Anderson,nickanderson,https://www.spotrac.com/mlb/player/_/id/28218/nick-anderson,RP,35,,,,,2026 Minor,,,,,,,,,1000000,1000000,,,,,,,,,,,,false,https://www.spotrac.com/mlb/athletics/cash/_/year/2026,not_found_on_tax_page;not_found_on_contracts_page,
2026-07-08T14:16:26+00:00,2026,ATH,Athletics,athletics,Nick Kurtz,nickkurtz,https://www.spotrac.com/mlb/player/_/id/94541/nick-kurtz,1B,23,1.000,,,2026 Active Roster,2026 Active Roster,Athletics Contracts,,,Pre-Arbitration,Pre-Arbitration,,785000,0.32,785000,785000,,,2026,2026,2026,1,785000,785000,701762,ATH,Active,true,https://www.spotrac.com/mlb/athletics/cash/_/year/2026 | https://www.spotrac.com/mlb/athletics/contracts | https://www.spotrac.com/mlb/athletics/tax/_/year/2026,,
2026-07-08T14:16:26+00:00,2026,ATH,Athletics,athletics,Ricky Duran,rickyduran,https://www.spotrac.com/mlb/player/_/id/105329/ricky-duran,SS,17,,,,,2026 Signing Bonus,,,,,,,,,1050000,,1050000,,,,,,,,,,,false,https://www.spotrac.com/mlb/athletics/cash/_/year/2026,not_found_on_tax_page;not_found_on_contracts_page,
2026-07-08T14:16:26+00:00,2026,ATH,Athletics,athletics,Scott Barlow,scottbarlow,https://www.spotrac.com/mlb/player/_/id/24660/scott-barlow,RP,33,7.026,,,2026 Minor,2026 Minor,,,,Free Agent,,,2000000,,2000000,2000000,,,,,,,,,,,,false,https://www.spotrac.com/mlb/athletics/cash/_/year/2026 | https://www.spotrac.com/mlb/athletics/tax/_/year/2026,not_found_on_contracts_page,
2026-07-08T14:16:26+00:00,2026,ATH,Athletics,athletics,Shea Langeliers,shealangeliers,https://www.spotrac.com/mlb/player/_/id/30407/shea-langeliers,C,28,3.051,,,2026 Active Roster,2026 Active Roster,Athletics Contracts,,,Arbitration 1,Arbitration,,5250000,2.15,5300000,5250000,,,2026,2026,2026,1,5250000,5250000,669127,ATH,Active,true,https://www.spotrac.com/mlb/athletics/cash/_/year/2026 | https://www.spotrac.com/mlb/athletics/contracts | https://www.spotrac.com/mlb/athletics/tax/_/year/2026,,
2026-07-08T14:16:26+00:00,2026,ATH,Athletics,athletics,Tyler Ferguson,tylerferguson,https://www.spotrac.com/mlb/player/_/id/81950/tyler-ferguson,RP,32,1.089,,,2026 Dead Money,2026 Dead Money,,,,,,,61000,0.03,61000,61000,,,,,,,,,621053,CHC,Active,true_other_team,https://www.spotrac.com/mlb/athletics/cash/_/year/2026 | https://www.spotrac.com/mlb/athletics/tax/_/year/2026,not_found_on_contracts_page,
2026-07-08T14:16:26+00:00,2026,ATH,Athletics,athletics,Tyler Soderstrom,tylersoderstrom,https://www.spotrac.com/mlb/player/_/id/48382/tyler-soderstrom,LF,24,2.053,,,2026 Injured List,2026 Injured List,Athletics Contracts,,,Extension Pre-Arbitration,Extension Pre-Arbitration,,12285714,5.04,4000000,1000000,3000000,,2026,2026,2032,7,86000000,12285714,691016,ATH,Injured 10-Day,true,https://www.spotrac.com/mlb/athletics/cash/_/year/2026 | https://www.spotrac.com/mlb/athletics/contracts | https://www.spotrac.com/mlb/athletics/tax/_/year/2026,,
2026-07-08T14:16:26+00:00,2026,ATH,Athletics,athletics,Wensloby Jhon,wenslobyjhon,https://www.spotrac.com/mlb/player/_/id/105604/wensloby-jhon,P,18,,,,,2026 Signing Bonus,,,,,,,,,75000,,75000,,,,,,,,,,,false,https://www.spotrac.com/mlb/athletics/cash/_/year/2026,not_found_on_tax_page;not_found_on_contracts_page,
2026-07-08T14:16:26+00:00,2026,ATH,Athletics,athletics,Zack Gelof,zackgelof,https://www.spotrac.com/mlb/player/_/id/73322/zack-gelof,2B,26,2.051,,,2026 Active Roster,2026 Active Roster,Athletics Contracts,,,Pre-Arbitration,Pre-Arbitration,,745450,0.31,820000,820000,,,2026,2026,2026,1,820000,820000,680869,ATH,Active,true,https://www.spotrac.com/mlb/athletics/cash/_/year/2026 | https://www.spotrac.com/mlb/athletics/contracts | https://www.spotrac.com/mlb/athletics/tax/_/year/2026,,
2026-07-08T14:16:26+00:00,2026,ATL,Atlanta Braves,atlanta-braves,AJ Smith-Shawver,ajsmithshawver,https://www.spotrac.com/mlb/player/_/id/73482/aj-smith-shawver,SP,23,1.097,,,2026 Injured List,2026 Injured List,Atlanta Braves Contracts,,,Pre-Arbitration,Pre-Arbitration,,800000,,800000,800000,,,2026,2026,2026,1,800000,800000,700363,ATL,Injured 60-Day,true,https://www.spotrac.com/mlb/atlanta-braves/cash/_/year/2026 | https://www.spotrac.com/mlb/atlanta-braves/contracts | https://www.spotrac.com/mlb/atlanta-braves/tax/_/year/2026,,
2026-07-08T14:16:26+00:00,2026,ATL,Atlanta Braves,atlanta-braves,Aaron Bummer,aaronbummer,https://www.spotrac.com/mlb/player/_/id/24274/aaron-bummer,RP,32,7.150,,,2026 Retained,2026 Retained,,,,Retained,,,9500000,,9500000,9500000,,,,,,,,,,,,false,https://www.spotrac.com/mlb/atlanta-braves/cash/_/year/2026 | https://www.spotrac.com/mlb/atlanta-braves/tax/_/year/2026,not_found_on_contracts_page,
2026-07-08T14:16:26+00:00,2026,ATL,Atlanta Braves,atlanta-braves,Anthony Molina,anthonymolina,https://www.spotrac.com/mlb/player/_/id/27547/anthony-molina,RP,24,1.074,,,2026 Minor,2026 Minor,,,,Pre-Arbitration,,,37539,0.02,37539,37539,,,,,,,,,683627,ATL,Reassigned to Minors,true,https://www.spotrac.com/mlb/atlanta-braves/cash/_/year/2026 | https://www.spotrac.com/mlb/atlanta-braves/tax/_/year/2026,not_found_on_contracts_page,
2026-07-08T14:16:26+00:00,2026,ATL,Atlanta Braves,atlanta-braves,Austin Riley,austinriley,https://www.spotrac.com/mlb/player/_/id/20523/austin-riley,3B,29,6.138,,,2026 Active Roster,2026 Active Roster,Atlanta Braves Contracts,,,Extension Arbitration,Extension Arbitration,,21200000,8.69,22000000,22000000,,,2023,2023,2033,10,212000000,21200000,663586,ATL,Active,true,https://www.spotrac.com/mlb/atlanta-braves/cash/_/year/2026 | https://www.spotrac.com/mlb/atlanta-braves/contracts | https://www.spotrac.com/mlb/atlanta-braves/tax/_/year/2026,,
2026-07-08T14:16:26+00:00,2026,ATL,Atlanta Braves,atlanta-braves,Austin Wynns,austinwynns,https://www.spotrac.com/mlb/player/_/id/24555/austin-wynns,C,35,5.017,,,2026 Dead Money,2026 Dead Money,,,,,,,49995,0.02,49995,49995,,,,,,,,,,,,false,https://www.spotrac.com/mlb/atlanta-braves/cash/_/year/2026 | https://www.spotrac.com/mlb/atlanta-braves/tax/_/year/2026,not_found_on_contracts_page,
2026-07-08T14:16:26+00:00,2026,ATL,Atlanta Braves,atlanta-braves,Brett Wisely,brettwisely,https://www.spotrac.com/mlb/player/_/id/31457/brett-wisely,2B,27,1.105,,,2026 Minor,2026 Minor,,,,Pre-Arbitration,,,29731,,29731,29731,,,,,,,,,,,,false,https://www.spotrac.com/mlb/atlanta-braves/cash/_/year/2026 | https://www.spotrac.com/mlb/atlanta-braves/tax/_/year/2026,not_found_on_contracts_page,
2026-07-08T14:16:26+00:00,2026,ATL,Atlanta Braves,atlanta-braves,Brewer Hicklen,brewerhicklen,https://www.spotrac.com/mlb/player/_/id/23423/brewer-hicklen,OF,,0.042,,,2026 Minor,,,,,Free Agent,,,,,,,,,,,,,,,676551,ATL,Reassigned to Minors,true,https://www.spotrac.com/mlb/atlanta-braves/tax/_/year/2026,missing_all_money_fields;not_found_on_cash_page;not_found_on_contracts_page,
2026-07-08T14:16:26+00:00,2026,ATL,Atlanta Braves,atlanta-braves,Bryce Elder,bryceelder,https://www.spotrac.com/mlb/player/_/id/48512/bryce-elder,SP,27,2.069,,,2026 Active Roster,2026 Active Roster,,,,Pre-Arbitration,,,810000,0.33,810000,810000,,,,,,,,,693821,ATL,Active,true,https://www.spotrac.com/mlb/atlanta-braves/cash/_/year/2026 | https://www.spotrac.com/mlb/atlanta-braves/tax/_/year/2026,not_found_on_contracts_page,
2026-07-08T14:16:26+00:00,2026,ATL,Atlanta Braves,atlanta-braves,Carlos Carrasco,carloscarrasco,https://www.spotrac.com/mlb/player/_/id/7295/carlos-carrasco,SP,39,14.039,,,2026 Dead Money,2026 Dead Money,,,,Free Agent,,,112294,0.05,112294,112294,,,,,,,,,,,,false,https://www.spotrac.com/mlb/atlanta-braves/cash/_/year/2026 | https://www.spotrac.com/mlb/atlanta-braves/tax/_/year/2026,not_found_on_contracts_page,
2026-07-08T14:16:26+00:00,2026,ATL,Atlanta Braves,atlanta-braves,Cesar Navarro,cesarnavarro,https://www.spotrac.com/mlb/player/_/id/105873/cesar-navarro,P,17,,,,,2026 Signing Bonus,,,,,,,,,80000,,80000,,,,,,,,,,,false,https://www.spotrac.com/mlb/atlanta-braves/cash/_/year/2026,not_found_on_tax_page;not_found_on_contracts_page,
2026-07-08T14:16:26+00:00,2026,ATL,Atlanta Braves,atlanta-braves,Chadwick Tromp,chadwicktromp,https://www.spotrac.com/mlb/player/_/id/28843/chadwick-tromp,C,31,2.120,,,2026 Minor,2026 Minor,,,,Free Agent,,,72720,,72720,72720,,,,,,,,,,,,false,https://www.spotrac.com/mlb/atlanta-braves/cash/_/year/2026 | https://www.spotrac.com/mlb/atlanta-braves/tax/_/year/2026,not_found_on_contracts_page,
2026-07-08T14:16:26+00:00,2026,ATL,Atlanta Braves,atlanta-braves,Chris Sale,chrissale,https://www.spotrac.com/mlb/player/_/id/7278/chris-sale,SP,37,15.061,,,2026 Active Roster,2026 Active Roster,Atlanta Braves Contracts,,,Extension,Extension,,18000000,7.38,18000000,18000000,,,2024,2024,2026,2,38000000,19000000,519242,ATL,Active,true,https://www.spotrac.com/mlb/atlanta-braves/cash/_/year/2026 | https://www.spotrac.com/mlb/atlanta-braves/contracts | https://www.spotrac.com/mlb/atlanta-braves/tax/_/year/2026,,
2026-07-08T14:16:26+00:00,2026,ATL,Atlanta Braves,atlanta-braves,Connor Thomas,connorthomas,https://www.spotrac.com/mlb/player/_/id/30557/connor-thomas,RP,28,1.000,,,2026 Active Roster,2026 Active Roster,Atlanta Braves Contracts,,,Pre-Arbitration,Pre-Arbitration,,780000,0.32,780000,780000,,,2026,2026,2026,1,780000,780000,671162,ATL,Active,true,https://www.spotrac.com/mlb/atlanta-braves/cash/_/year/2026 | https://www.spotrac.com/mlb/atlanta-braves/contracts | https://www.spotrac.com/mlb/atlanta-braves/tax/_/year/2026,,
2026-07-08T14:16:26+00:00,2026,ATL,Atlanta Braves,atlanta-braves,DaShawn Keirsey,dashawnkeirsey,https://www.spotrac.com/mlb/player/_/id/26153/dashawn-keirsey,OF,,0.169,,,2026 Minor,,,,,Pre-Arbitration,,,,,,,,,,,,,,,680577,ATL,Reassigned to Minors,true,https://www.spotrac.com/mlb/atlanta-braves/tax/_/year/2026,missing_all_money_fields;not_found_on_cash_page;not_found_on_contracts_page,
2026-07-08T14:16:26+00:00,2026,ATL,Atlanta Braves,atlanta-braves,Danny Young,dannyyoung,https://www.spotrac.com/mlb/player/_/id/74513/danny-young,RP,32,1.160,,,2026 Active Roster,2026 Active Roster,Atlanta Braves Contracts,,,Free Agent,Free Agent,,925000,0.38,925000,925000,,,2026,2026,2026,1,925000,925000,664849,ATL,Active,true,https://www.spotrac.com/mlb/atlanta-braves/cash/_/year/2026 | https://www.spotrac.com/mlb/atlanta-braves/contracts | https://www.spotrac.com/mlb/atlanta-braves/tax/_/year/2026,,
2026-07-08T14:16:26+00:00,2026,ATL,Atlanta Braves,atlanta-braves,Darren Pereira,darrenpereira,https://www.spotrac.com/mlb/player/_/id/105756/darren-pereira,P,17,,,,,2026 Signing Bonus,,,,,,,,,60000,,60000,,,,,,,,,,,false,https://www.spotrac.com/mlb/atlanta-braves/cash/_/year/2026,not_found_on_tax_page;not_found_on_contracts_page,
2026-07-08T14:16:26+00:00,2026,ATL,Atlanta Braves,atlanta-braves,Derek Torres,derektorres,https://www.spotrac.com/mlb/player/_/id/105874/derek-torres,P,17,,,,,2026 Signing Bonus,,,,,,,,,35000,,35000,,,,,,,,,,,false,https://www.spotrac.com/mlb/atlanta-braves/cash/_/year/2026,not_found_on_tax_page;not_found_on_contracts_page,
2026-07-08T14:16:26+00:00,2026,ATL,Atlanta Braves,atlanta-braves,Didier Fuentes,didierfuentes,https://www.spotrac.com/mlb/player/_/id/85415/didier-fuentes,RP,21,0.019,,,2026 Active Roster,2026 Active Roster,,,,Pre-Arbitration,,,671775,0.28,671775,671775,,,,,,,,,800311,ATL,Active,true,https://www.spotrac.com/mlb/atlanta-braves/cash/_/year/2026 | https://www.spotrac.com/mlb/atlanta-braves/tax/_/year/2026,not_found_on_contracts_page,
2026-07-08T14:16:26+00:00,2026,ATL,Atlanta Braves,atlanta-braves,Dominic Smith,dominicsmith,https://www.spotrac.com/mlb/player/_/id/24368/dominic-smith,DH,31,6.151,,,2026 Active Roster,2026 Active Roster,Atlanta Braves Contracts,,,Free Agent,Free Agent,,1250000,0.51,1250000,1250000,,,2026,2026,2026,1,1250000,1250000,642086,ATL,Active,true,https://www.spotrac.com/mlb/atlanta-braves/cash/_/year/2026 | https://www.spotrac.com/mlb/atlanta-braves/contracts | https://www.spotrac.com/mlb/atlanta-braves/tax/_/year/2026,,
2026-07-08T14:16:26+00:00,2026,ATL,Atlanta Braves,atlanta-braves,Drake Baldwin,drakebaldwin,https://www.spotrac.com/mlb/player/_/id/78692/drake-baldwin,C,25,1.000,,,2026 Active Roster,2026 Active Roster,Atlanta Braves Contracts,,,Pre-Arbitration,Pre-Arbitration,,800000,0.33,800000,800000,,,2026,2026,2026,1,800000,800000,686948,ATL,Active,true,https://www.spotrac.com/mlb/atlanta-braves/cash/_/year/2026 | https://www.spotrac.com/mlb/atlanta-braves/contracts | https://www.spotrac.com/mlb/atlanta-braves/tax/_/year/2026,,
2026-07-08T14:16:26+00:00,2026,ATL,Atlanta Braves,atlanta-braves,Durban Arnedo,durbanarnedo,https://www.spotrac.com/mlb/player/_/id/105771/durban-arnedo,SS,17,,,,,2026 Signing Bonus,,,,,,,,,275000,,275000,,,,,,,,,,,false,https://www.spotrac.com/mlb/atlanta-braves/cash/_/year/2026,not_found_on_tax_page;not_found_on_contracts_page,
2026-07-08T14:16:26+00:00,2026,ATL,Atlanta Braves,atlanta-braves,Dylan Dodd,dylandodd,https://www.spotrac.com/mlb/player/_/id/73358/dylan-dodd,RP,28,0.131,,,2026 Active Roster,2026 Active Roster,Atlanta Braves Contracts,,,Pre-Arbitration,Pre-Arbitration,,667360,0.27,667360,667360,,,2026,2026,2026,1,780000,780000,689266,ATL,Active,true,https://www.spotrac.com/mlb/atlanta-braves/cash/_/year/2026 | https://www.spotrac.com/mlb/atlanta-braves/contracts | https://www.spotrac.com/mlb/atlanta-braves/tax/_/year/2026,,
2026-07-08T14:16:26+00:00,2026,ATL,Atlanta Braves,atlanta-braves,Dylan Lee,dylanlee,https://www.spotrac.com/mlb/player/_/id/20078/dylan-lee,RP,31,3.150,,,2026 Active Roster,2026 Active Roster,Atlanta Braves Contracts,,,Arbitration 2 Super Two,Arbitration,,2200000,0.90,2200000,2200000,,,2026,2026,2026,1,2200000,2200000,669276,ATL,Active,true,https://www.spotrac.com/mlb/atlanta-braves/cash/_/year/2026 | https://www.spotrac.com/mlb/atlanta-braves/contracts | https://www.spotrac.com/mlb/atlanta-braves/tax/_/year/2026,,
2026-07-08T14:16:26+00:00,2026,ATL,Atlanta Braves,atlanta-braves,Edelson Cabral,edelsoncabral,https://www.spotrac.com/mlb/player/_/id/105335/edelson-cabral,OF,16,,,,,2026 Signing Bonus,,,,,,,,,600000,,600000,,,,,,,,,,,false,https://www.spotrac.com/mlb/atlanta-braves/cash/_/year/2026,not_found_on_tax_page;not_found_on_contracts_page,
2026-07-08T14:16:26+00:00,2026,ATL,Atlanta Braves,atlanta-braves,Efrailin Caminero,efrailincaminero,https://www.spotrac.com/mlb/player/_/id/105777/efrailin-caminero,P,17,,,,,2026 Signing Bonus,,,,,,,,,150000,,150000,,,,,,,,,,,false,https://www.spotrac.com/mlb/atlanta-braves/cash/_/year/2026,not_found_on_tax_page;not_found_on_contracts_page,
2026-07-08T14:16:26+00:00,2026,ATL,Atlanta Braves,atlanta-braves,Eli White,eliwhite,https://www.spotrac.com/mlb/player/_/id/20869/eli-white,OF,32,3.140,,,2026 Personal Leave,2026 Personal Leave,Atlanta Braves Contracts,,,Arbitration 1,Arbitration,,900000,,900000,900000,,,2026,2026,2026,1,900000,900000,642201,ATL,Paternity List,true,https://www.spotrac.com/mlb/atlanta-braves/cash/_/year/2026 | https://www.spotrac.com/mlb/atlanta-braves/contracts | https://www.spotrac.com/mlb/atlanta-braves/tax/_/year/2026,,
2026-07-08T14:16:26+00:00,2026,ATL,Atlanta Braves,atlanta-braves,Elioberto Mondesir,eliobertomondesir,https://www.spotrac.com/mlb/player/_/id/105931/elioberto-mondesir,INF,17,,,,,2026 Signing Bonus,,,,,,,,,200000,,200000,,,,,,,,,,,false,https://www.spotrac.com/mlb/atlanta-braves/cash/_/year/2026,not_found_on_tax_page;not_found_on_contracts_page,
2026-07-08T14:16:26+00:00,2026,ATL,Atlanta Braves,atlanta-braves,Geowin Gomez,geowingomez,https://www.spotrac.com/mlb/player/_/id/105817/geowin-gomez,P,17,,,,,2026 Signing Bonus,,,,,,,,,50500,,50500,,,,,,,,,,,false,https://www.spotrac.com/mlb/atlanta-braves/cash/_/year/2026,not_found_on_tax_page;not_found_on_contracts_page,
2026-07-08T14:16:26+00:00,2026,ATL,Atlanta Braves,atlanta-braves,Giovanni Medina,giovannimedina,https://www.spotrac.com/mlb/player/_/id/105866/giovanni-medina,P,17,,,,,2026 Signing Bonus,,,,,,,,,90000,,90000,,,,,,,,,,,false,https://www.spotrac.com/mlb/atlanta-braves/cash/_/year/2026,not_found_on_tax_page;not_found_on_contracts_page,
2026-07-08T14:16:26+00:00,2026,ATL,Atlanta Braves,atlanta-braves,Grant Holmes,grantholmes,https://www.spotrac.com/mlb/player/_/id/17698/grant-holmes,SP,30,1.106,,,2026 Active Roster,2026 Active Roster,Atlanta Braves Contracts,,,Pre-Arbitration,Pre-Arbitration,,800000,0.33,800000,800000,,,2026,2026,2026,1,800000,800000,656550,ATL,Active,true,https://www.spotrac.com/mlb/atlanta-braves/cash/_/year/2026 | https://www.spotrac.com/mlb/atlanta-braves/contracts | https://www.spotrac.com/mlb/atlanta-braves/tax/_/year/2026,,
2026-07-08T14:16:26+00:00,2026,ATL,Atlanta Braves,atlanta-braves,Ha-seong Kim,haseongkim,https://www.spotrac.com/mlb/player/_/id/70890/ha-seong-kim,SS,30,5.000,,,2026 Injured List,2026 Injured List,Atlanta Braves Contracts,,,Free Agent,Free Agent,,20000000,8.20,20000000,20000000,,,2026,2026,2026,1,20000000,20000000,673490,ATL,Injured 10-Day,true,https://www.spotrac.com/mlb/atlanta-braves/cash/_/year/2026 | https://www.spotrac.com/mlb/atlanta-braves/contracts | https://www.spotrac.com/mlb/atlanta-braves/tax/_/year/2026,,
2026-07-08T14:16:26+00:00,2026,ATL,Atlanta Braves,atlanta-braves,Hayden Harris,haydenharris,https://www.spotrac.com/mlb/player/_/id/79329/hayden-harris,RP,27,0.027,,,2026 Minor,2026 Minor,,,,Pre-Arbitration,,,8342,0.00,8342,8342,,,,,,,,,802686,ATL,Reassigned to Minors,true,https://www.spotrac.com/mlb/atlanta-braves/cash/_/year/2026 | https://www.spotrac.com/mlb/atlanta-braves/tax/_/year/2026,not_found_on_contracts_page,
2026-07-08T14:16:26+00:00,2026,ATL,Atlanta Braves,atlanta-braves,Hurston Waldrep,hurstonwaldrep,https://www.spotrac.com/mlb/player/_/id/84454/hurston-waldrep,SP,24,0.103,,,2026 Active Roster,2026 Active Roster,Atlanta Braves Contracts,,,Pre-Arbitration,Pre-Arbitration,,397017,0.16,397017,397017,,,2026,2026,2026,1,798300,798300,694462,ATL,Active,true,https://www.spotrac.com/mlb/atlanta-braves/cash/_/year/2026 | https://www.spotrac.com/mlb/atlanta-braves/contracts | https://www.spotrac.com/mlb/atlanta-braves/tax/_/year/2026,,
2026-07-08T14:16:26+00:00,2026,ATL,Atlanta Braves,atlanta-braves,Ian Hamilton,ianhamilton,https://www.spotrac.com/mlb/player/_/id/20873/ian-hamilton,RP,31,3.081,,,2026 Minor,2026 Minor,,,,Free Agent,,,84225,,84225,84225,,,,,,,,,,,,false,https://www.spotrac.com/mlb/atlanta-braves/cash/_/year/2026 | https://www.spotrac.com/mlb/atlanta-braves/tax/_/year/2026,not_found_on_contracts_page,
2026-07-08T14:16:26+00:00,2026,ATL,Atlanta Braves,atlanta-braves,Ignacio Alvarez,ignacioalvarez,https://www.spotrac.com/mlb/player/_/id/78739/ignacio-alvarez,3B,,0.160,,,2026 Minor,,,,,Pre-Arbitration,,,,,,,,,,,,,,,,,,false,https://www.spotrac.com/mlb/atlanta-braves/tax/_/year/2026,missing_all_money_fields;not_found_on_cash_page;not_found_on_contracts_page,
2026-07-08T14:16:26+00:00,2026,ATL,Atlanta Braves,atlanta-braves,JR Ritchie,ritchie,https://www.spotrac.com/mlb/player/_/id/78036/jr-ritchie,SP,23,,,,2026 Active Roster,2026 Active Roster,Atlanta Braves Contracts,,,Pre-Arbitration,Pre-Arbitration,,517204,0.21,517204,517204,,,2026,2026,2026,1,780000,780000,702275,ATL,Active,true,https://www.spotrac.com/mlb/atlanta-braves/cash/_/year/2026 | https://www.spotrac.com/mlb/atlanta-braves/contracts | https://www.spotrac.com/mlb/atlanta-braves/tax/_/year/2026,,
2026-07-08T14:16:26+00:00,2026,ATL,Atlanta Braves,atlanta-braves,Jair Camargo,jaircamargo,https://www.spotrac.com/mlb/player/_/id/81930/jair-camargo,C,27,0.043,,,2026 Minor,2026 Minor,,,,Pre-Arbitration,,,4171,,4171,4171,,,,,,,,,,,,false,https://www.spotrac.com/mlb/atlanta-braves/cash/_/year/2026 | https://www.spotrac.com/mlb/atlanta-braves/tax/_/year/2026,not_found_on_contracts_page,
2026-07-08T14:16:26+00:00,2026,ATL,Atlanta Braves,atlanta-braves,James Karinchak,jameskarinchak,https://www.spotrac.com/mlb/player/_/id/23495/james-karinchak,RP,30,4.099,,,2026 Active Roster,2026 Active Roster,Atlanta Braves Contracts,,,Free Agent,Free Agent,,471660,0.19,471660,471660,,,2026,2026,2026,1,840000,840000,675916,ATL,Active,true,https://www.spotrac.com/mlb/atlanta-braves/cash/_/year/2026 | https://www.spotrac.com/mlb/atlanta-braves/contracts | https://www.spotrac.com/mlb/atlanta-braves/tax/_/year/2026,,
2026-07-08T14:16:26+00:00,2026,ATL,Atlanta Braves,atlanta-braves,Jim Jarvis,jimjarvis,https://www.spotrac.com/mlb/player/_/id/85064/jim-jarvis,SS,25,,,,2026 Active Roster,2026 Active Roster,Atlanta Braves Contracts,,,Pre-Arbitration,Pre-Arbitration,,387903,0.16,387903,387903,,,2026,2026,2026,1,780000,780000,805347,ATL,Active,true,https://www.spotrac.com/mlb/atlanta-braves/cash/_/year/2026 | https://www.spotrac.com/mlb/atlanta-braves/contracts | https://www.spotrac.com/mlb/atlanta-braves/tax/_/year/2026,,
2026-07-08T14:16:26+00:00,2026,ATL,Atlanta Braves,atlanta-braves,Joe Jimenez,joejimenez,https://www.spotrac.com/mlb/player/_/id/21338/joe-jimenez,RP,31,8.061,,,2026 Injured List,2026 Injured List,Atlanta Braves Contracts,,,Extension,Extension,,8666667,,9000000,9000000,,,2024,2024,2026,3,26000000,8666667,641729,ATL,Injured 60-Day,true,https://www.spotrac.com/mlb/atlanta-braves/cash/_/year/2026 | https://www.spotrac.com/mlb/atlanta-braves/contracts | https://www.spotrac.com/mlb/atlanta-braves/tax/_/year/2026,,
2026-07-08T14:16:26+00:00,2026,ATL,Atlanta Braves,atlanta-braves,Joel Payamps,joelpayamps,https://www.spotrac.com/mlb/player/_/id/28202/joel-payamps,RP,32,4.117,,,2026 Minor,2026 Minor,,,,Free Agent,,,2250000,,2250000,2250000,,,,,,,,,,,,false,https://www.spotrac.com/mlb/atlanta-braves/cash/_/year/2026 | https://www.spotrac.com/mlb/atlanta-braves/tax/_/year/2026,not_found_on_contracts_page,
2026-07-08T14:16:26+00:00,2026,ATL,Atlanta Braves,atlanta-braves,Joey Bart,joeybart,https://www.spotrac.com/mlb/player/_/id/26025/joey-bart,C,29,4.020,,,2026 Active Roster,2026 Active Roster,Atlanta Braves Contracts,,,Arbitration 2,Arbitration,,1352900,0.55,1352900,1352900,,,2026,2026,2026,1,2530000,2530000,663698,ATL,Active,true,https://www.spotrac.com/mlb/atlanta-braves/cash/_/year/2026 | https://www.spotrac.com/mlb/atlanta-braves/contracts | https://www.spotrac.com/mlb/atlanta-braves/tax/_/year/2026,,
2026-07-08T14:16:26+00:00,2026,ATL,Atlanta Braves,atlanta-braves,Joey Wentz,joeywentz,https://www.spotrac.com/mlb/player/_/id/19989/joey-wentz,SP,28,2.166,,,2026 Injured List,2026 Injured List,Atlanta Braves Contracts,,,Arbitration 1 Super Two,Arbitration,,900000,,900000,900000,,,2026,2026,2026,1,900000,900000,666214,ATL,Injured 60-Day,true,https://www.spotrac.com/mlb/atlanta-braves/cash/_/year/2026 | https://www.spotrac.com/mlb/atlanta-braves/contracts | https://www.spotrac.com/mlb/atlanta-braves/tax/_/year/2026,,
2026-07-08T14:16:26+00:00,2026,ATL,Atlanta Braves,atlanta-braves,Jonah Heim,jonahheim,https://www.spotrac.com/mlb/player/_/id/33203/jonah-heim,C,31,5.097,,,2026 Retained,2026 Retained,,,,Retained,,,268817,,268817,268817,,,,,,,,,641680,ATH,Active,true_other_team,https://www.spotrac.com/mlb/atlanta-braves/cash/_/year/2026 | https://www.spotrac.com/mlb/atlanta-braves/tax/_/year/2026,not_found_on_contracts_page,
2026-07-08T14:16:26+00:00,2026,ATL,Atlanta Braves,atlanta-braves,Jonathan Hechavarria,jonathanhechavarria,https://www.spotrac.com/mlb/player/_/id/105336/jonathan-hechavarria,P,17,,,,,2026 Signing Bonus,,,,,,,,,340000,,340000,,,,,,,,,,,false,https://www.spotrac.com/mlb/atlanta-braves/cash/_/year/2026,not_found_on_tax_page;not_found_on_contracts_page,
2026-07-08T14:16:26+00:00,2026,ATL,Atlanta Braves,atlanta-braves,Jorge Mateo,jorgemateo,https://www.spotrac.com/mlb/player/_/id/18497/jorge-mateo,SS,31,6.000,,,2026 Active Roster,2026 Active Roster,Atlanta Braves Contracts,,,Free Agent,Free Agent,,1000000,0.41,1000000,1000000,,,2026,2026,2026,1,1000000,1000000,622761,ATL,Active,true,https://www.spotrac.com/mlb/atlanta-braves/cash/_/year/2026 | https://www.spotrac.com/mlb/atlanta-braves/contracts | https://www.spotrac.com/mlb/atlanta-braves/tax/_/year/2026,,
2026-07-08T14:16:26+00:00,2026,ATL,Atlanta Braves,atlanta-braves,Jorwin Pulido,jorwinpulido,https://www.spotrac.com/mlb/player/_/id/105816/jorwin-pulido,C,17,,,,,2026 Signing Bonus,,,,,,,,,350000,,350000,,,,,,,,,,,false,https://www.spotrac.com/mlb/atlanta-braves/cash/_/year/2026,not_found_on_tax_page;not_found_on_contracts_page,
2026-07-08T14:16:26+00:00,2026,ATL,Atlanta Braves,atlanta-braves,Jose Azocar,joseazocar,https://www.spotrac.com/mlb/player/_/id/70733/jose-azocar,OF,30,2.087,,,2026 Active Roster,2026 Active Roster,Atlanta Braves Contracts,,,Free Agent,Free Agent,,377235,0.15,377235,377235,,,2026,2026,2026,1,850000,850000,640492,ATL,Active,true,https://www.spotrac.com/mlb/atlanta-braves/cash/_/year/2026 | https://www.spotrac.com/mlb/atlanta-braves/contracts | https://www.spotrac.com/mlb/atlanta-braves/tax/_/year/2026,,
2026-07-08T14:16:26+00:00,2026,ATL,Atlanta Braves,atlanta-braves,Jose Manon,josemanon,https://www.spotrac.com/mlb/player/_/id/105333/jose-manon,SS,17,,,,,2026 Signing Bonus,,,,,,,,,1500000,,1500000,,,,,,,,,,,false,https://www.spotrac.com/mlb/atlanta-braves/cash/_/year/2026,not_found_on_tax_page;not_found_on_contracts_page,
2026-07-08T14:16:26+00:00,2026,ATL,Atlanta Braves,atlanta-braves,Jose Nelo,josenelo,https://www.spotrac.com/mlb/player/_/id/105858/jose-nelo,C,17,,,,,2026 Signing Bonus,,,,,,,,,50000,,50000,,,,,,,,,,,false,https://www.spotrac.com/mlb/atlanta-braves/cash/_/year/2026,not_found_on_tax_page;not_found_on_contracts_page,
2026-07-08T14:16:26+00:00,2026,ATL,Atlanta Braves,atlanta-braves,Josue Castro,josuecastro,https://www.spotrac.com/mlb/player/_/id/105859/josue-castro,P,17,,,,,2026 Signing Bonus,,,,,,,,,60000,,60000,,,,,,,,,,,false,https://www.spotrac.com/mlb/atlanta-braves/cash/_/year/2026,not_found_on_tax_page;not_found_on_contracts_page,
2026-07-08T14:16:26+00:00,2026,ATL,Atlanta Braves,atlanta-braves,José Suarez,josesuarez,https://www.spotrac.com/mlb/player/_/id/28162/jos%C3%A9-suarez,RP,28,4.064,,,2026 Dead Money,2026 Dead Money,,,,,,,192489,0.08,192489,192489,,,,,,,,,660761,ATH,Active,true_other_team,https://www.spotrac.com/mlb/atlanta-braves/cash/_/year/2026 | https://www.spotrac.com/mlb/atlanta-braves/tax/_/year/2026,not_found_on_contracts_page,
2026-07-08T14:16:26+00:00,2026,ATL,Atlanta Braves,atlanta-braves,Jurickson Profar,juricksonprofar,https://www.spotrac.com/mlb/player/_/id/11471/jurickson-profar,LF,31,,,,,,Atlanta Braves Contracts,,,,Free Agent,,,,,,,,2025,2025,2027,3,42000000,14000000,,,,false,https://www.spotrac.com/mlb/atlanta-braves/contracts,not_found_on_tax_page;not_found_on_cash_page,
2026-07-08T14:16:26+00:00,2026,ATL,Atlanta Braves,atlanta-braves,Kyle Farmer,kylefarmer,https://www.spotrac.com/mlb/player/_/id/21174/kyle-farmer,SS,35,7.129,,,2026 Active Roster,2026 Active Roster,Atlanta Braves Contracts,,,Free Agent,Free Agent,,1250000,0.51,1250000,1250000,,,2026,2026,2026,1,1250000,1250000,571657,ATL,Active,true,https://www.spotrac.com/mlb/atlanta-braves/cash/_/year/2026 | https://www.spotrac.com/mlb/atlanta-braves/contracts | https://www.spotrac.com/mlb/atlanta-braves/tax/_/year/2026,,
2026-07-08T14:16:26+00:00,2026,ATL,Atlanta Braves,atlanta-braves,Luis Fortunato,luisfortunato,https://www.spotrac.com/mlb/player/_/id/105814/luis-fortunato,SS,17,,,,,2026 Signing Bonus,,,,,,,,,150000,,150000,,,,,,,,,,,false,https://www.spotrac.com/mlb/atlanta-braves/cash/_/year/2026,not_found_on_tax_page;not_found_on_contracts_page,
2026-07-08T14:16:26+00:00,2026,ATL,Atlanta Braves,atlanta-braves,Luke Williams,lukewilliams,https://www.spotrac.com/mlb/player/_/id/17742/luke-williams,LF,29,3.065,,,2026 Dead Money,2026 Dead Money,,,,,,,112903,0.05,112903,112903,,,,,,,,,,,,false,https://www.spotrac.com/mlb/atlanta-braves/cash/_/year/2026 | https://www.spotrac.com/mlb/atlanta-braves/tax/_/year/2026,not_found_on_contracts_page,
2026-07-08T14:16:26+00:00,2026,ATL,Atlanta Braves,atlanta-braves,Martín Pérez,martinperez,https://www.spotrac.com/mlb/player/_/id/8625/mart%C3%ADn-p%C3%A9rez,SP,35,13.038,,,2026 Injured List,2026 Injured List,Atlanta Braves Contracts,,,Free Agent,Free Agent,,3050871,1.25,3050871,3050871,,,2026,2026,2026,1,3500000,3500000,527048,ATL,Injured 15-Day,true,https://www.spotrac.com/mlb/atlanta-braves/cash/_/year/2026 | https://www.spotrac.com/mlb/atlanta-braves/contracts | https://www.spotrac.com/mlb/atlanta-braves/tax/_/year/2026,,
2026-07-08T14:16:26+00:00,2026,ATL,Atlanta Braves,atlanta-braves,Matt Olson,mattolson,https://www.spotrac.com/mlb/player/_/id/21058/matt-olson,1B,32,8.103,,,2026 Active Roster,2026 Active Roster,Atlanta Braves Contracts,,,Extension Arbitration,Extension Arbitration,,21000000,8.61,22000000,22000000,,,2022,2022,2030,8,168000000,21000000,621566,ATL,Active,true,https://www.spotrac.com/mlb/atlanta-braves/cash/_/year/2026 | https://www.spotrac.com/mlb/atlanta-braves/contracts | https://www.spotrac.com/mlb/atlanta-braves/tax/_/year/2026,,
2026-07-08T14:16:26+00:00,2026,ATL,Atlanta Braves,atlanta-braves,Matthew Luna,matthewluna,https://www.spotrac.com/mlb/player/_/id/105815/matthew-luna,P,17,,,,,2026 Signing Bonus,,,,,,,,,65000,,65000,,,,,,,,,,,false,https://www.spotrac.com/mlb/atlanta-braves/cash/_/year/2026,not_found_on_tax_page;not_found_on_contracts_page,
2026-07-08T14:16:26+00:00,2026,ATL,Atlanta Braves,atlanta-braves,Mauricio Dubon,mauriciodubon,https://www.spotrac.com/mlb/player/_/id/24579/mauricio-dubon,SS,31,5.162,,,2026 Active Roster,2026 Active Roster,Atlanta Braves Contracts,,,Arbitration 4,Arbitration,,6100000,2.50,6100000,6100000,,,2026,2026,2026,1,6100000,6100000,643289,ATL,Active,true,https://www.spotrac.com/mlb/atlanta-braves/cash/_/year/2026 | https://www.spotrac.com/mlb/atlanta-braves/contracts | https://www.spotrac.com/mlb/atlanta-braves/tax/_/year/2026,,
2026-07-08T14:16:26+00:00,2026,ATL,Atlanta Braves,atlanta-braves,Michael Harris II,michaelharris,https://www.spotrac.com/mlb/player/_/id/30497/michael-harris-ii,CF,25,4.000,,,2026 Active Roster,2026 Active Roster,Atlanta Braves Contracts,,,Extension Pre-Arbitration,Extension Pre-Arbitration,,9000000,3.69,8000000,8000000,,,2023,2023,2032,8,72000000,9000000,671739,ATL,Active,true,https://www.spotrac.com/mlb/atlanta-braves/cash/_/year/2026 | https://www.spotrac.com/mlb/atlanta-braves/contracts | https://www.spotrac.com/mlb/atlanta-braves/tax/_/year/2026,,
2026-07-08T14:16:26+00:00,2026,ATL,Atlanta Braves,atlanta-braves,Mike Yastrzemski,mikeyastrzemski,https://www.spotrac.com/mlb/player/_/id/18482/mike-yastrzemski,LF,35,6.128,,,2026 Active Roster,2026 Active Roster,Atlanta Braves Contracts,,,Free Agent,Free Agent,,11500000,4.71,9000000,9000000,,,2026,2026,2028,2,23000000,11500000,573262,ATL,Active,true,https://www.spotrac.com/mlb/atlanta-braves/cash/_/year/2026 | https://www.spotrac.com/mlb/atlanta-braves/contracts | https://www.spotrac.com/mlb/atlanta-braves/tax/_/year/2026,,
2026-07-08T14:16:26+00:00,2026,ATL,Atlanta Braves,atlanta-braves,Osmar Torrealba,osmartorrealba,https://www.spotrac.com/mlb/player/_/id/105813/osmar-torrealba,OF,17,,,,,2026 Signing Bonus,,,,,,,,,400000,,400000,,,,,,,,,,,false,https://www.spotrac.com/mlb/atlanta-braves/cash/_/year/2026,not_found_on_tax_page;not_found_on_contracts_page,
2026-07-08T14:16:26+00:00,2026,ATL,Atlanta Braves,atlanta-braves,Osvaldo Bido,osvaldobido,https://www.spotrac.com/mlb/player/_/id/74658/osvaldo-bido,RP,30,1.161,,,2026 Dead Money,2026 Dead Money,,,,,,,99360,0.04,99360,99360,,,,,,,,,,,,false,https://www.spotrac.com/mlb/atlanta-braves/cash/_/year/2026 | https://www.spotrac.com/mlb/atlanta-braves/tax/_/year/2026,not_found_on_contracts_page,
2026-07-08T14:16:26+00:00,2026,ATL,Atlanta Braves,atlanta-braves,Owen Murphy,owenmurphy,https://www.spotrac.com/mlb/player/_/id/78037/owen-murphy,SP,22,,,,2026 Minor,2026 Minor,,,,Pre-Arbitration,,,4171,0.00,4171,4171,,,,,,,,,702566,ATL,Reassigned to Minors,true,https://www.spotrac.com/mlb/atlanta-braves/cash/_/year/2026 | https://www.spotrac.com/mlb/atlanta-braves/tax/_/year/2026,not_found_on_contracts_page,
2026-07-08T14:16:26+00:00,2026,ATL,Atlanta Braves,atlanta-braves,Ozzie Albies,ozziealbies,https://www.spotrac.com/mlb/player/_/id/21317/ozzie-albies,2B,29,8.062,,,2026 Active Roster,2026 Active Roster,Atlanta Braves Contracts,,,Extension Pre-Arbitration,Extension Pre-Arbitration,,3000000,1.23,7000000,7000000,,,2019,2019,2027,7,35000000,5000000,645277,ATL,Active,true,https://www.spotrac.com/mlb/atlanta-braves/cash/_/year/2026 | https://www.spotrac.com/mlb/atlanta-braves/contracts | https://www.spotrac.com/mlb/atlanta-braves/tax/_/year/2026,,
2026-07-08T14:16:26+00:00,2026,ATL,Atlanta Braves,atlanta-braves,Raisel Iglesias,raiseliglesias,https://www.spotrac.com/mlb/player/_/id/15416/raisel-iglesias,RP,36,10.154,,,2026 Active Roster,2026 Active Roster,Atlanta Braves Contracts,,,Free Agent,Free Agent,,16000000,6.56,16000000,16000000,,,2026,2026,2026,1,16000000,16000000,628452,ATL,Active,true,https://www.spotrac.com/mlb/atlanta-braves/cash/_/year/2026 | https://www.spotrac.com/mlb/atlanta-braves/contracts | https://www.spotrac.com/mlb/atlanta-braves/tax/_/year/2026,,
2026-07-08T14:16:26+00:00,2026,ATL,Atlanta Braves,atlanta-braves,Reynaldo López,reynaldolopez,https://www.spotrac.com/mlb/player/_/id/20890/reynaldo-l%C3%B3pez,RP,32,8.004,,,2026 Active Roster,2026 Active Roster,Atlanta Braves Contracts,,,Extension,Extension,,10000000,4.10,14000000,14000000,,,2025,2025,2027,3,30000000,10000000,625643,ATL,Active,true,https://www.spotrac.com/mlb/atlanta-braves/cash/_/year/2026 | https://www.spotrac.com/mlb/atlanta-braves/contracts | https://www.spotrac.com/mlb/atlanta-braves/tax/_/year/2026,,
2026-07-08T14:16:26+00:00,2026,ATL,Atlanta Braves,atlanta-braves,Robert Suarez,robertsuarez,https://www.spotrac.com/mlb/player/_/id/75007/robert-suarez,RP,35,4.000,,,2026 Injured List,2026 Injured List,Atlanta Braves Contracts,,,Free Agent,Free Agent,,15000000,6.15,13000000,13000000,,,2026,2026,2028,3,45000000,15000000,663158,ATL,Injured 15-Day,true,https://www.spotrac.com/mlb/atlanta-braves/cash/_/year/2026 | https://www.spotrac.com/mlb/atlanta-braves/contracts | https://www.spotrac.com/mlb/atlanta-braves/tax/_/year/2026,,
2026-07-08T14:16:26+00:00,2026,ATL,Atlanta Braves,atlanta-braves,Rolddy Muñoz,rolddymunoz,https://www.spotrac.com/mlb/player/_/id/86486/rolddy-mu%C3%B1oz,RP,26,0.028,,,2026 Minor,2026 Minor,,,,Pre-Arbitration,,,4171,0.00,4171,4171,,,,,,,,,691548,ATL,Reassigned to Minors,true,https://www.spotrac.com/mlb/atlanta-braves/cash/_/year/2026 | https://www.spotrac.com/mlb/atlanta-braves/tax/_/year/2026,not_found_on_contracts_page,
2026-07-08T14:16:26+00:00,2026,ATL,Atlanta Braves,atlanta-braves,Ronald Acuña Jr.,ronaldacuna,https://www.spotrac.com/mlb/player/_/id/25027/ronald-acu%C3%B1a-jr,RF,28,7.159,,,2026 Injured List,2026 Injured List,Atlanta Braves Contracts,,,Extension Pre-Arbitration,Extension Pre-Arbitration,,12500000,5.12,17000000,17000000,,,2019,2019,2028,8,100000000,12500000,660670,ATL,Injured 10-Day,true,https://www.spotrac.com/mlb/atlanta-braves/cash/_/year/2026 | https://www.spotrac.com/mlb/atlanta-braves/contracts | https://www.spotrac.com/mlb/atlanta-braves/tax/_/year/2026,,
2026-07-08T14:16:26+00:00,2026,ATL,Atlanta Braves,atlanta-braves,Rowdy Tellez,rowdytellez,https://www.spotrac.com/mlb/player/_/id/21293/rowdy-tellez,DH,31,6.169,,,2026 Minor,2026 Minor,,,,Free Agent,,,147048,,147048,147048,,,,,,,,,,,,false,https://www.spotrac.com/mlb/atlanta-braves/cash/_/year/2026 | https://www.spotrac.com/mlb/atlanta-braves/tax/_/year/2026,not_found_on_contracts_page,
2026-07-08T14:16:26+00:00,2026,ATL,Atlanta Braves,atlanta-braves,Sandy León,sandyleon,https://www.spotrac.com/mlb/player/_/id/10683/sandy-le%C3%B3n,C,37,8.159,,,2026 Dead Money,2026 Dead Money,,,,,,,203224,0.08,203224,203224,,,,,,,,,,,,false,https://www.spotrac.com/mlb/atlanta-braves/cash/_/year/2026 | https://www.spotrac.com/mlb/atlanta-braves/tax/_/year/2026,not_found_on_contracts_page,
2026-07-08T14:16:26+00:00,2026,ATL,Atlanta Braves,atlanta-braves,Sean Murphy,seanmurphy,https://www.spotrac.com/mlb/player/_/id/19999/sean-murphy,C,31,6.029,,,2026 Injured List,2026 Injured List,Atlanta Braves Contracts,,,Extension Arbitration,Extension Arbitration,,12166667,,15000000,15000000,,,2023,2023,2028,6,73000000,12166667,669221,ATL,Injured 60-Day,true,https://www.spotrac.com/mlb/atlanta-braves/cash/_/year/2026 | https://www.spotrac.com/mlb/atlanta-braves/contracts | https://www.spotrac.com/mlb/atlanta-braves/tax/_/year/2026,,
2026-07-08T14:16:26+00:00,2026,ATL,Atlanta Braves,atlanta-braves,Sherrintely Da Costa Gomez,sherrintelydacostagomez,https://www.spotrac.com/mlb/player/_/id/105872/sherrintely-da-costa-gomez,OF,17,,,,,2026 Signing Bonus,,,,,,,,,250000,,250000,,,,,,,,,,,false,https://www.spotrac.com/mlb/atlanta-braves/cash/_/year/2026,not_found_on_tax_page;not_found_on_contracts_page,
2026-07-08T14:16:26+00:00,2026,ATL,Atlanta Braves,atlanta-braves,Spencer Schwellenbach,spencerschwellenbach,https://www.spotrac.com/mlb/player/_/id/73321/spencer-schwellenbach,SP,26,1.124,,,2026 Injured List,2026 Injured List,Atlanta Braves Contracts,,,Pre-Arbitration,Pre-Arbitration,,800000,,800000,800000,,,2026,2026,2026,1,800000,800000,680885,ATL,Injured 60-Day,true,https://www.spotrac.com/mlb/atlanta-braves/cash/_/year/2026 | https://www.spotrac.com/mlb/atlanta-braves/contracts | https://www.spotrac.com/mlb/atlanta-braves/tax/_/year/2026,,
2026-07-08T14:16:26+00:00,2026,ATL,Atlanta Braves,atlanta-braves,Spencer Strider,spencerstrider,https://www.spotrac.com/mlb/player/_/id/48482/spencer-strider,SP,27,4.003,,,2026 Injured List,2026 Injured List,Atlanta Braves Contracts,,,Extension Pre-Arbitration,Extension Pre-Arbitration,,12500000,,20000000,20000000,,,2023,2023,2029,6,75000000,12500000,675911,ATL,Injured 60-Day,true,https://www.spotrac.com/mlb/atlanta-braves/cash/_/year/2026 | https://www.spotrac.com/mlb/atlanta-braves/contracts | https://www.spotrac.com/mlb/atlanta-braves/tax/_/year/2026,,
2026-07-08T14:16:26+00:00,2026,ATL,Atlanta Braves,atlanta-braves,Starlyn De La Cruz,starlyndelacruz,https://www.spotrac.com/mlb/player/_/id/105334/starlyn-de-la-cruz,OF,17,,,,,2026 Signing Bonus,,,,,,,,,1200000,,1200000,,,,,,,,,,,false,https://www.spotrac.com/mlb/atlanta-braves/cash/_/year/2026,not_found_on_tax_page;not_found_on_contracts_page,
2026-07-08T14:16:26+00:00,2026,ATL,Atlanta Braves,atlanta-braves,Tyler Kinley,tylerkinley,https://www.spotrac.com/mlb/player/_/id/24674/tyler-kinley,RP,35,7.014,,,2026 Personal Leave,2026 Personal Leave,Atlanta Braves Contracts,,,Free Agent,Free Agent,,4250000,,3000000,3000000,,,2026,2026,2027,1,4250000,4250000,641755,ATL,Paternity List,true,https://www.spotrac.com/mlb/atlanta-braves/cash/_/year/2026 | https://www.spotrac.com/mlb/atlanta-braves/contracts | https://www.spotrac.com/mlb/atlanta-braves/tax/_/year/2026,,
2026-07-08T14:16:26+00:00,2026,ATL,Atlanta Braves,atlanta-braves,Victor Mederos,victormederos,https://www.spotrac.com/mlb/player/_/id/78760/victor-mederos,RP,25,0.101,,,2026 Minor,2026 Minor,,,,Pre-Arbitration,,,8342,0.00,8342,8342,,,,,,,,,682989,ATL,Reassigned to Minors,true,https://www.spotrac.com/mlb/atlanta-braves/cash/_/year/2026 | https://www.spotrac.com/mlb/atlanta-braves/tax/_/year/2026,not_found_on_contracts_page,
2026-07-08T14:16:26+00:00,2026,BAL,Baltimore Orioles,baltimore-orioles,Adley Rutschman,adleyrutschman,https://www.spotrac.com/mlb/player/_/id/30399/adley-rutschman,C,28,4.000,,,2026 Active Roster,2026 Active Roster,Baltimore Orioles Contracts,,,Arbitration 2,,,7250000,2.97,7300000,7250000,,,,,,,,,668939,BAL,Active,true,https://www.spotrac.com/mlb/baltimore-orioles/cash/_/year/2026 | https://www.spotrac.com/mlb/baltimore-orioles/contracts | https://www.spotrac.com/mlb/baltimore-orioles/tax/_/year/2026,,
2026-07-08T14:16:26+00:00,2026,BAL,Baltimore Orioles,baltimore-orioles,Albert Suarez,albertsuarez,https://www.spotrac.com/mlb/player/_/id/19731/albert-suarez,RP,36,3.019,,,2026 Active Roster,2026 Active Roster,Baltimore Orioles Contracts,,,Free Agent,,,530585,0.22,530585,530585,,,,,,,,,544150,BAL,Active,true,https://www.spotrac.com/mlb/baltimore-orioles/cash/_/year/2026 | https://www.spotrac.com/mlb/baltimore-orioles/contracts | https://www.spotrac.com/mlb/baltimore-orioles/tax/_/year/2026,,
2026-07-08T14:16:26+00:00,2026,BAL,Baltimore Orioles,baltimore-orioles,Alex Cobb,alexcobb,https://www.spotrac.com/mlb/player/_/id/8473/alex-cobb,SP,38,,,,,2026 Deferred,,,,,,,,,1800000,1800000,,,,,,,,,,,,false,https://www.spotrac.com/mlb/baltimore-orioles/cash/_/year/2026,not_found_on_tax_page;not_found_on_contracts_page,
2026-07-08T14:16:26+00:00,2026,BAL,Baltimore Orioles,baltimore-orioles,Andrew Kittredge,andrewkittredge,https://www.spotrac.com/mlb/player/_/id/24229/andrew-kittredge,RP,36,7.070,,,2026 Active Roster,2026 Active Roster,Baltimore Orioles Contracts,,,Free Agent,,,8317204,3.41,9000000,9000000,,,,,,,,,552640,BAL,Active,true,https://www.spotrac.com/mlb/baltimore-orioles/cash/_/year/2026 | https://www.spotrac.com/mlb/baltimore-orioles/contracts | https://www.spotrac.com/mlb/baltimore-orioles/tax/_/year/2026,,
2026-07-08T14:16:26+00:00,2026,BAL,Baltimore Orioles,baltimore-orioles,Andri Hidalgo,andrihidalgo,https://www.spotrac.com/mlb/player/_/id/105341/andri-hidalgo,P,17,,,,,2026 Signing Bonus,,,,,,,,,625000,,625000,,,,,,,,,,,false,https://www.spotrac.com/mlb/baltimore-orioles/cash/_/year/2026,not_found_on_tax_page;not_found_on_contracts_page,
2026-07-08T14:16:26+00:00,2026,BAL,Baltimore Orioles,baltimore-orioles,Anthony Nunez,anthonynunez,https://www.spotrac.com/mlb/player/_/id/32267/anthony-nunez,RP,24,,,,2026 Active Roster,2026 Active Roster,Baltimore Orioles Contracts,,,Pre-Arbitration,,,709070,0.29,709070,709070,,,,,,,,,689296,BAL,Active,true,https://www.spotrac.com/mlb/baltimore-orioles/cash/_/year/2026 | https://www.spotrac.com/mlb/baltimore-orioles/contracts | https://www.spotrac.com/mlb/baltimore-orioles/tax/_/year/2026,,
2026-07-08T14:16:26+00:00,2026,BAL,Baltimore Orioles,baltimore-orioles,Ariel Roque,arielroque,https://www.spotrac.com/mlb/player/_/id/105338/ariel-roque,OF,17,,,,,2026 Signing Bonus,,,,,,,,,1700000,,1700000,,,,,,,,,,,false,https://www.spotrac.com/mlb/baltimore-orioles/cash/_/year/2026,not_found_on_tax_page;not_found_on_contracts_page,
2026-07-08T14:16:26+00:00,2026,BAL,Baltimore Orioles,baltimore-orioles,Blaze Alexander,blazealexander,https://www.spotrac.com/mlb/player/_/id/26334/blaze-alexander,2B,27,1.053,,,2026 Active Roster,2026 Active Roster,Baltimore Orioles Contracts,,,Pre-Arbitration,,,792800,0.32,792800,792800,,,,,,,,,677942,BAL,Active,true,https://www.spotrac.com/mlb/baltimore-orioles/cash/_/year/2026 | https://www.spotrac.com/mlb/baltimore-orioles/contracts | https://www.spotrac.com/mlb/baltimore-orioles/tax/_/year/2026,,
2026-07-08T14:16:26+00:00,2026,BAL,Baltimore Orioles,baltimore-orioles,Bobby Bonilla,bobbybonilla,https://www.spotrac.com/mlb/player/_/id/11887/bobby-bonilla,LF,63,,,,,2026 Deferred,,,,,,,,,500000,500000,,,,,,,,,,,,false,https://www.spotrac.com/mlb/baltimore-orioles/cash/_/year/2026,not_found_on_tax_page;not_found_on_contracts_page,
2026-07-08T14:16:26+00:00,2026,BAL,Baltimore Orioles,baltimore-orioles,Brandon Young,brandonyoung,https://www.spotrac.com/mlb/player/_/id/48555/brandon-young,SP,27,0.095,,,2026 Active Roster,2026 Active Roster,Baltimore Orioles Contracts,,,Pre-Arbitration,,,659018,0.27,659018,659018,,,,,,,,,687064,BAL,Active,true,https://www.spotrac.com/mlb/baltimore-orioles/cash/_/year/2026 | https://www.spotrac.com/mlb/baltimore-orioles/contracts | https://www.spotrac.com/mlb/baltimore-orioles/tax/_/year/2026,,
2026-07-08T14:16:26+00:00,2026,BAL,Baltimore Orioles,baltimore-orioles,Cade Povich,cadepovich,https://www.spotrac.com/mlb/player/_/id/73360/cade-povich,SP,26,1.080,,,2026 Minor,2026 Minor,,,,Pre-Arbitration,,,275286,0.11,275286,275286,,,,,,,,,700249,BAL,Reassigned to Minors,true,https://www.spotrac.com/mlb/baltimore-orioles/cash/_/year/2026 | https://www.spotrac.com/mlb/baltimore-orioles/tax/_/year/2026,not_found_on_contracts_page,
2026-07-08T14:16:26+00:00,2026,BAL,Baltimore Orioles,baltimore-orioles,Cameron Foster,cameronfoster,https://www.spotrac.com/mlb/player/_/id/79008/cameron-foster,RP,27,,,,2026 Minor,2026 Minor,,,,Pre-Arbitration,,,58394,0.02,58394,58394,,,,,,,,,671382,BAL,Reassigned to Minors,true,https://www.spotrac.com/mlb/baltimore-orioles/cash/_/year/2026 | https://www.spotrac.com/mlb/baltimore-orioles/tax/_/year/2026,not_found_on_contracts_page,
2026-07-08T14:16:26+00:00,2026,BAL,Baltimore Orioles,baltimore-orioles,Cameron Weston,cameronweston,https://www.spotrac.com/mlb/player/_/id/78809/cameron-weston,RP,25,,,,2026 Minor,2026 Minor,,,,Pre-Arbitration,,,25026,0.01,25026,25026,,,,,,,,,687721,BAL,Reassigned to Minors,true,https://www.spotrac.com/mlb/baltimore-orioles/cash/_/year/2026 | https://www.spotrac.com/mlb/baltimore-orioles/tax/_/year/2026,not_found_on_contracts_page,
2026-07-08T14:16:26+00:00,2026,BAL,Baltimore Orioles,baltimore-orioles,Carlos Rubecindo,carlosrubecindo,https://www.spotrac.com/mlb/player/_/id/105343/carlos-rubecindo,OF,17,,,,,2026 Signing Bonus,,,,,,,,,400000,,400000,,,,,,,,,,,false,https://www.spotrac.com/mlb/baltimore-orioles/cash/_/year/2026,not_found_on_tax_page;not_found_on_contracts_page,
2026-07-08T14:16:26+00:00,2026,BAL,Baltimore Orioles,baltimore-orioles,Chadwick Tromp,chadwicktromp,https://www.spotrac.com/mlb/player/_/id/28843/chadwick-tromp,C,31,2.120,,,2026 Minor,2026 Minor,,,,Free Agent,,,45881,,45881,45881,,,,,,,,,,,,false,https://www.spotrac.com/mlb/baltimore-orioles/cash/_/year/2026 | https://www.spotrac.com/mlb/baltimore-orioles/tax/_/year/2026,not_found_on_contracts_page,
2026-07-08T14:16:26+00:00,2026,BAL,Baltimore Orioles,baltimore-orioles,Chris Bassitt,chrisbassitt,https://www.spotrac.com/mlb/player/_/id/14068/chris-bassitt,SP,37,9.130,,,2026 Injured List,2026 Injured List,Baltimore Orioles Contracts,,,Free Agent,,,18500000,7.58,18500000,15500000,3000000,,,,,,,,605135,BAL,Injured 15-Day,true,https://www.spotrac.com/mlb/baltimore-orioles/cash/_/year/2026 | https://www.spotrac.com/mlb/baltimore-orioles/contracts | https://www.spotrac.com/mlb/baltimore-orioles/tax/_/year/2026,,
2026-07-08T14:16:26+00:00,2026,BAL,Baltimore Orioles,baltimore-orioles,Chris Davis,chrisdavis,https://www.spotrac.com/mlb/player/_/id/5397/chris-davis,1B,40,,,,,2026 Deferred,,,,,,,,,3500000,3500000,,,,,,,,,,,,false,https://www.spotrac.com/mlb/baltimore-orioles/cash/_/year/2026,not_found_on_tax_page;not_found_on_contracts_page,
2026-07-08T14:16:26+00:00,2026,BAL,Baltimore Orioles,baltimore-orioles,Christian Encarnacion-Strand,christianencarnacionstrand,https://www.spotrac.com/mlb/player/_/id/73391/christian-encarnacion-strand,1B,,2.012,,,2026 Minor,,,,,Pre-Arbitration,,,,,,,,,,,,,,,687952,BAL,Reassigned to Minors,true,https://www.spotrac.com/mlb/baltimore-orioles/tax/_/year/2026,missing_all_money_fields;not_found_on_cash_page;not_found_on_contracts_page,
2026-07-08T14:16:26+00:00,2026,BAL,Baltimore Orioles,baltimore-orioles,Coby Mayo,cobymayo,https://www.spotrac.com/mlb/player/_/id/48459/coby-mayo,3B,24,0.170,,,2026 Active Roster,2026 Active Roster,Baltimore Orioles Contracts,,,Pre-Arbitration,,,790800,0.32,790800,790800,,,,,,,,,691723,BAL,Active,true,https://www.spotrac.com/mlb/baltimore-orioles/cash/_/year/2026 | https://www.spotrac.com/mlb/baltimore-orioles/contracts | https://www.spotrac.com/mlb/baltimore-orioles/tax/_/year/2026,,
2026-07-08T14:16:26+00:00,2026,BAL,Baltimore Orioles,baltimore-orioles,Colin Selby,colinselby,https://www.spotrac.com/mlb/player/_/id/26506/colin-selby,RP,28,0.161,,,2026 Injured List,2026 Injured List,Baltimore Orioles Contracts,,,Pre-Arbitration,,,785200,,785200,785200,,,,,,,,,681882,BAL,Injured 60-Day,true,https://www.spotrac.com/mlb/baltimore-orioles/cash/_/year/2026 | https://www.spotrac.com/mlb/baltimore-orioles/contracts | https://www.spotrac.com/mlb/baltimore-orioles/tax/_/year/2026,,
2026-07-08T14:16:26+00:00,2026,BAL,Baltimore Orioles,baltimore-orioles,Colton Cowser,coltoncowser,https://www.spotrac.com/mlb/player/_/id/73267/colton-cowser,CF,26,2.043,,,2026 Active Roster,2026 Active Roster,Baltimore Orioles Contracts,,,Pre-Arbitration,,,801500,0.33,801500,801500,,,,,,,,,681297,BAL,Active,true,https://www.spotrac.com/mlb/baltimore-orioles/cash/_/year/2026 | https://www.spotrac.com/mlb/baltimore-orioles/contracts | https://www.spotrac.com/mlb/baltimore-orioles/tax/_/year/2026,,
2026-07-08T14:16:26+00:00,2026,BAL,Baltimore Orioles,baltimore-orioles,Darling Villalona,darlingvillalona,https://www.spotrac.com/mlb/player/_/id/108544/darling-villalona,P,19,,,,,2026 Signing Bonus,,,,,,,,,10000,,10000,,,,,,,,,,,false,https://www.spotrac.com/mlb/baltimore-orioles/cash/_/year/2026,not_found_on_tax_page;not_found_on_contracts_page,
2026-07-08T14:16:26+00:00,2026,BAL,Baltimore Orioles,baltimore-orioles,Dean Kremer,deankremer,https://www.spotrac.com/mlb/player/_/id/27703/dean-kremer,SP,30,4.112,,,2026 Active Roster,2026 Active Roster,Baltimore Orioles Contracts,,,Arbitration 2,,,5750000,2.36,5750000,5750000,,,,,,,,,665152,BAL,Active,true,https://www.spotrac.com/mlb/baltimore-orioles/cash/_/year/2026 | https://www.spotrac.com/mlb/baltimore-orioles/contracts | https://www.spotrac.com/mlb/baltimore-orioles/tax/_/year/2026,,
2026-07-08T14:16:26+00:00,2026,BAL,Baltimore Orioles,baltimore-orioles,Dietrich Enns,dietrichenns,https://www.spotrac.com/mlb/player/_/id/21191/dietrich-enns,RP,35,0.162,,,2026 Minor,2026 Minor,,,,Pre-Arbitration,,,2625000,,2500000,2500000,,,,,,,,,,,,false,https://www.spotrac.com/mlb/baltimore-orioles/cash/_/year/2026 | https://www.spotrac.com/mlb/baltimore-orioles/tax/_/year/2026,not_found_on_contracts_page,
2026-07-08T14:16:26+00:00,2026,BAL,Baltimore Orioles,baltimore-orioles,Dylan Beavers,dylanbeavers,https://www.spotrac.com/mlb/player/_/id/78012/dylan-beavers,RF,24,0.044,,,2026 Active Roster,2026 Active Roster,Baltimore Orioles Contracts,,,Pre-Arbitration,,,787400,0.32,787400,787400,,,,,,,,,687637,BAL,Active,true,https://www.spotrac.com/mlb/baltimore-orioles/cash/_/year/2026 | https://www.spotrac.com/mlb/baltimore-orioles/contracts | https://www.spotrac.com/mlb/baltimore-orioles/tax/_/year/2026,,
2026-07-08T14:16:26+00:00,2026,BAL,Baltimore Orioles,baltimore-orioles,Félix Bautista,felixbautista,https://www.spotrac.com/mlb/player/_/id/74490/f%C3%A9lix-bautista,RP,31,4.000,,,2026 Injured List,2026 Injured List,Baltimore Orioles Contracts,,,Arbitration 2,,,2250000,,2250000,2250000,,,,,,,,,642585,BAL,Injured 60-Day,true,https://www.spotrac.com/mlb/baltimore-orioles/cash/_/year/2026 | https://www.spotrac.com/mlb/baltimore-orioles/contracts | https://www.spotrac.com/mlb/baltimore-orioles/tax/_/year/2026,,
2026-07-08T14:16:26+00:00,2026,BAL,Baltimore Orioles,baltimore-orioles,Gabriel Rosario,gabrielrosario,https://www.spotrac.com/mlb/player/_/id/105340/gabriel-rosario,OF,17,,,,,2026 Signing Bonus,,,,,,,,,1000000,,1000000,,,,,,,,,,,false,https://www.spotrac.com/mlb/baltimore-orioles/cash/_/year/2026,not_found_on_tax_page;not_found_on_contracts_page,
2026-07-08T14:16:26+00:00,2026,BAL,Baltimore Orioles,baltimore-orioles,Grant Wolfram,grantwolfram,https://www.spotrac.com/mlb/player/_/id/84334/grant-wolfram,RP,29,0.084,,,2026 Active Roster,2026 Active Roster,Baltimore Orioles Contracts,,,Pre-Arbitration,,,800000,0.33,800000,800000,,,,,,,,,664991,BAL,Active,true,https://www.spotrac.com/mlb/baltimore-orioles/cash/_/year/2026 | https://www.spotrac.com/mlb/baltimore-orioles/contracts | https://www.spotrac.com/mlb/baltimore-orioles/tax/_/year/2026,,
2026-07-08T14:16:26+00:00,2026,BAL,Baltimore Orioles,baltimore-orioles,Gunnar Henderson,gunnarhenderson,https://www.spotrac.com/mlb/player/_/id/30440/gunnar-henderson,SS,25,3.036,,,2026 Active Roster,2026 Active Roster,Baltimore Orioles Contracts,,,Arbitration 1,,,8500000,3.48,8500000,8500000,,,,,,,,,683002,BAL,Active,true,https://www.spotrac.com/mlb/baltimore-orioles/cash/_/year/2026 | https://www.spotrac.com/mlb/baltimore-orioles/contracts | https://www.spotrac.com/mlb/baltimore-orioles/tax/_/year/2026,,
2026-07-08T14:16:26+00:00,2026,BAL,Baltimore Orioles,baltimore-orioles,Heston Kjerstad,hestonkjerstad,https://www.spotrac.com/mlb/player/_/id/48356/heston-kjerstad,OF,27,1.041,,,2026 Minor,2026 Minor,,,,Pre-Arbitration,,,789500,0.32,789500,789500,,,,,,,,,677008,BAL,Reassigned to Minors,true,https://www.spotrac.com/mlb/baltimore-orioles/cash/_/year/2026 | https://www.spotrac.com/mlb/baltimore-orioles/tax/_/year/2026,not_found_on_contracts_page,
2026-07-08T14:16:26+00:00,2026,BAL,Baltimore Orioles,baltimore-orioles,Jackson Holliday,jacksonholliday,https://www.spotrac.com/mlb/player/_/id/77992/jackson-holliday,2B,22,1.078,,,2026 Active Roster,2026 Active Roster,Baltimore Orioles Contracts,,,Pre-Arbitration,,,802200,0.33,802200,802200,,,,,,,,,702616,BAL,Active,true,https://www.spotrac.com/mlb/baltimore-orioles/cash/_/year/2026 | https://www.spotrac.com/mlb/baltimore-orioles/contracts | https://www.spotrac.com/mlb/baltimore-orioles/tax/_/year/2026,,
2026-07-08T14:16:26+00:00,2026,BAL,Baltimore Orioles,baltimore-orioles,Jayvien Sandridge,jayviensandridge,https://www.spotrac.com/mlb/player/_/id/26747/jayvien-sandridge,RP,27,0.005,,,2026 Minor,2026 Minor,,,,Pre-Arbitration,,,14350,,14350,14350,,,,,,,,,,,,false,https://www.spotrac.com/mlb/baltimore-orioles/cash/_/year/2026 | https://www.spotrac.com/mlb/baltimore-orioles/tax/_/year/2026,not_found_on_contracts_page,
2026-07-08T14:16:26+00:00,2026,BAL,Baltimore Orioles,baltimore-orioles,Jeremiah Jackson,jeremiahjackson,https://www.spotrac.com/mlb/player/_/id/26080/jeremiah-jackson,2B,26,0.061,,,2026 Active Roster,2026 Active Roster,Baltimore Orioles Contracts,,,Pre-Arbitration,,,767676,0.31,767676,767676,,,,,,,,,669236,BAL,Active,true,https://www.spotrac.com/mlb/baltimore-orioles/cash/_/year/2026 | https://www.spotrac.com/mlb/baltimore-orioles/contracts | https://www.spotrac.com/mlb/baltimore-orioles/tax/_/year/2026,,
2026-07-08T14:16:26+00:00,2026,BAL,Baltimore Orioles,baltimore-orioles,Jhostin Berroa,jhostinberroa,https://www.spotrac.com/mlb/player/_/id/105773/jhostin-berroa,SS,17,,,,,2026 Signing Bonus,,,,,,,,,20000,,20000,,,,,,,,,,,false,https://www.spotrac.com/mlb/baltimore-orioles/cash/_/year/2026,not_found_on_tax_page;not_found_on_contracts_page,
2026-07-08T14:16:26+00:00,2026,BAL,Baltimore Orioles,baltimore-orioles,Johnathan Rodriguez,johnathanrodriguez,https://www.spotrac.com/mlb/player/_/id/23313/johnathan-rodriguez,OF,26,0.097,,,2026 Minor,2026 Minor,,,,Pre-Arbitration,,,50052,0.02,50052,50052,,,,,,,,,671286,BAL,Reassigned to Minors,true,https://www.spotrac.com/mlb/baltimore-orioles/cash/_/year/2026 | https://www.spotrac.com/mlb/baltimore-orioles/tax/_/year/2026,not_found_on_contracts_page,
2026-07-08T14:16:26+00:00,2026,BAL,Baltimore Orioles,baltimore-orioles,Jordan Westburg,jordanwestburg,https://www.spotrac.com/mlb/player/_/id/48386/jordan-westburg,2B,27,2.098,,,2026 Injured List,2026 Injured List,Baltimore Orioles Contracts,,,Pre-Arbitration,,,802800,,802800,802800,,,,,,,,,676059,BAL,Injured 60-Day,true,https://www.spotrac.com/mlb/baltimore-orioles/cash/_/year/2026 | https://www.spotrac.com/mlb/baltimore-orioles/contracts | https://www.spotrac.com/mlb/baltimore-orioles/tax/_/year/2026,,
2026-07-08T14:16:26+00:00,2026,BAL,Baltimore Orioles,baltimore-orioles,Jose Luis Acevedo,joseluisacevedo,https://www.spotrac.com/mlb/player/_/id/105337/jose-luis-acevedo,SS,17,,,,,2026 Signing Bonus,,,,,,,,,2300000,,2300000,,,,,,,,,,,false,https://www.spotrac.com/mlb/baltimore-orioles/cash/_/year/2026,not_found_on_tax_page;not_found_on_contracts_page,
2026-07-08T14:16:26+00:00,2026,BAL,Baltimore Orioles,baltimore-orioles,Josh Walker,joshwalker,https://www.spotrac.com/mlb/player/_/id/74692/josh-walker,RP,31,0.122,,,2026 Minor,2026 Minor,,,,Pre-Arbitration,,,37539,0.02,37539,37539,,,,,,,,,677020,BAL,Reassigned to Minors,true,https://www.spotrac.com/mlb/baltimore-orioles/cash/_/year/2026 | https://www.spotrac.com/mlb/baltimore-orioles/tax/_/year/2026,not_found_on_contracts_page,
2026-07-08T14:16:26+00:00,2026,BAL,Baltimore Orioles,baltimore-orioles,Joshddy Castillo,joshddycastillo,https://www.spotrac.com/mlb/player/_/id/105342/joshddy-castillo,OF,16,,,,,2026 Signing Bonus,,,,,,,,,375000,,375000,,,,,,,,,,,false,https://www.spotrac.com/mlb/baltimore-orioles/cash/_/year/2026,not_found_on_tax_page;not_found_on_contracts_page,
2026-07-08T14:16:26+00:00,2026,BAL,Baltimore Orioles,baltimore-orioles,José Espada,joseespada,https://www.spotrac.com/mlb/player/_/id/17810/jos%C3%A9-espada,RP,29,0.020,,,2026 Minor,2026 Minor,,,,Pre-Arbitration,,,20855,,20855,20855,,,,,,,,,,,,false,https://www.spotrac.com/mlb/baltimore-orioles/cash/_/year/2026 | https://www.spotrac.com/mlb/baltimore-orioles/tax/_/year/2026,not_found_on_contracts_page,
2026-07-08T14:16:26+00:00,2026,BAL,Baltimore Orioles,baltimore-orioles,Keegan Akin,keeganakin,https://www.spotrac.com/mlb/player/_/id/20192/keegan-akin,RP,31,5.083,,,2026 Injured List,2026 Injured List,Baltimore Orioles Contracts,,,Arbitration 3,,,2975000,1.22,2975000,2975000,,,,,,,,,669211,BAL,Injured 15-Day,true,https://www.spotrac.com/mlb/baltimore-orioles/cash/_/year/2026 | https://www.spotrac.com/mlb/baltimore-orioles/contracts | https://www.spotrac.com/mlb/baltimore-orioles/tax/_/year/2026,,
2026-07-08T14:16:26+00:00,2026,BAL,Baltimore Orioles,baltimore-orioles,Kyle Bradish,kylebradish,https://www.spotrac.com/mlb/player/_/id/26150/kyle-bradish,SP,29,3.160,,,2026 Active Roster,2026 Active Roster,Baltimore Orioles Contracts,,,Arbitration 2 Super Two,,,3550000,1.45,3550000,3550000,,,,,,,,,680694,BAL,Active,true,https://www.spotrac.com/mlb/baltimore-orioles/cash/_/year/2026 | https://www.spotrac.com/mlb/baltimore-orioles/contracts | https://www.spotrac.com/mlb/baltimore-orioles/tax/_/year/2026,,
2026-07-08T14:16:26+00:00,2026,BAL,Baltimore Orioles,baltimore-orioles,Leody Taveras,leodytaveras,https://www.spotrac.com/mlb/player/_/id/21300/leody-taveras,CF,27,4.031,,,2026 Active Roster,2026 Active Roster,Baltimore Orioles Contracts,,,Free Agent,,,2000000,0.82,2000000,2000000,,,,,,,,,665750,BAL,Active,true,https://www.spotrac.com/mlb/baltimore-orioles/cash/_/year/2026 | https://www.spotrac.com/mlb/baltimore-orioles/contracts | https://www.spotrac.com/mlb/baltimore-orioles/tax/_/year/2026,,
2026-07-08T14:16:26+00:00,2026,BAL,Baltimore Orioles,baltimore-orioles,Lou Trivino,loutrivino,https://www.spotrac.com/mlb/player/_/id/24639/lou-trivino,RP,34,7.140,,,2026 Retained,2026 Retained,,,,Retained,,,25026,,25026,25026,,,,,,,,,642152,PHI,Active,true_other_team,https://www.spotrac.com/mlb/baltimore-orioles/cash/_/year/2026 | https://www.spotrac.com/mlb/baltimore-orioles/tax/_/year/2026,not_found_on_contracts_page,
2026-07-08T14:16:26+00:00,2026,BAL,Baltimore Orioles,baltimore-orioles,Luis Dias,luisdias,https://www.spotrac.com/mlb/player/_/id/105344/luis-dias,C,16,,,,,2026 Signing Bonus,,,,,,,,,150000,,150000,,,,,,,,,,,false,https://www.spotrac.com/mlb/baltimore-orioles/cash/_/year/2026,not_found_on_tax_page;not_found_on_contracts_page,
2026-07-08T14:16:26+00:00,2026,BAL,Baltimore Orioles,baltimore-orioles,Luis Vazquez,luisvazquez,https://www.spotrac.com/mlb/player/_/id/84143/luis-vazquez,SS,26,,,,,2026 Minor,,,,,,,,,900000,900000,,,,,,,,,,,,false,https://www.spotrac.com/mlb/baltimore-orioles/cash/_/year/2026,not_found_on_tax_page;not_found_on_contracts_page,
2026-07-08T14:16:26+00:00,2026,BAL,Baltimore Orioles,baltimore-orioles,Maverick Handley,maverickhandley,https://www.spotrac.com/mlb/player/_/id/31108/maverick-handley,C,28,0.108,,,2026 Dead Money,2026 Dead Money,,,,,,,41710,0.02,41710,41710,,,,,,,,,,,,false,https://www.spotrac.com/mlb/baltimore-orioles/cash/_/year/2026 | https://www.spotrac.com/mlb/baltimore-orioles/tax/_/year/2026,not_found_on_contracts_page,
2026-07-08T14:16:26+00:00,2026,BAL,Baltimore Orioles,baltimore-orioles,Mike Siani,mikesiani,https://www.spotrac.com/mlb/player/_/id/26138/mike-siani,OF,26,1.063,,,2026 Minor,2026 Minor,,,,Pre-Arbitration,,,8342,,8342,8342,,,,,,,,,,,,false,https://www.spotrac.com/mlb/baltimore-orioles/cash/_/year/2026 | https://www.spotrac.com/mlb/baltimore-orioles/tax/_/year/2026,not_found_on_contracts_page,
2026-07-08T14:16:26+00:00,2026,BAL,Baltimore Orioles,baltimore-orioles,Nick Raquet,nickraquet,https://www.spotrac.com/mlb/player/_/id/23314/nick-raquet,RP,30,0.021,,,2026 Active Roster,2026 Active Roster,Baltimore Orioles Contracts,,,Pre-Arbitration,,,384284,0.16,384284,384284,,,,,,,,,675919,BAL,Active,true,https://www.spotrac.com/mlb/baltimore-orioles/cash/_/year/2026 | https://www.spotrac.com/mlb/baltimore-orioles/contracts | https://www.spotrac.com/mlb/baltimore-orioles/tax/_/year/2026,,
2026-07-08T14:16:26+00:00,2026,BAL,Baltimore Orioles,baltimore-orioles,Pedro Gomez,pedrogomez,https://www.spotrac.com/mlb/player/_/id/105339/pedro-gomez,OF,17,,,,,2026 Signing Bonus,,,,,,,,,1250000,,1250000,,,,,,,,,,,false,https://www.spotrac.com/mlb/baltimore-orioles/cash/_/year/2026,not_found_on_tax_page;not_found_on_contracts_page,
2026-07-08T14:16:26+00:00,2026,BAL,Baltimore Orioles,baltimore-orioles,Pete Alonso,petealonso,https://www.spotrac.com/mlb/player/_/id/20674/pete-alonso,1B,31,7.000,,,2026 Active Roster,2026 Active Roster,Baltimore Orioles Contracts,,,Free Agent,,,31000000,12.70,31000000,18500000,12500000,,,,,,,,624413,BAL,Active,true,https://www.spotrac.com/mlb/baltimore-orioles/cash/_/year/2026 | https://www.spotrac.com/mlb/baltimore-orioles/contracts | https://www.spotrac.com/mlb/baltimore-orioles/tax/_/year/2026,,
2026-07-08T14:16:26+00:00,2026,BAL,Baltimore Orioles,baltimore-orioles,Ray Faria,rayfaria,https://www.spotrac.com/mlb/player/_/id/105345/ray-faria,C,17,,,,,2026 Signing Bonus,,,,,,,,,110000,,110000,,,,,,,,,,,false,https://www.spotrac.com/mlb/baltimore-orioles/cash/_/year/2026,not_found_on_tax_page;not_found_on_contracts_page,
2026-07-08T14:16:26+00:00,2026,BAL,Baltimore Orioles,baltimore-orioles,Reed Trimble,reedtrimble,https://www.spotrac.com/mlb/player/_/id/73327/reed-trimble,OF,,,,,2026 Minor,,,,,Pre-Arbitration,,,,,,,,,,,,,,,701655,BAL,Reassigned to Minors,true,https://www.spotrac.com/mlb/baltimore-orioles/tax/_/year/2026,missing_all_money_fields;not_found_on_cash_page;not_found_on_contracts_page,
2026-07-08T14:16:26+00:00,2026,BAL,Baltimore Orioles,baltimore-orioles,Rico Garcia,ricogarcia,https://www.spotrac.com/mlb/player/_/id/32811/rico-garcia,RP,32,1.127,,,2026 Active Roster,2026 Active Roster,Baltimore Orioles Contracts,,,Pre-Arbitration,,,900000,0.37,900000,900000,,,,,,,,,670329,BAL,Active,true,https://www.spotrac.com/mlb/baltimore-orioles/cash/_/year/2026 | https://www.spotrac.com/mlb/baltimore-orioles/contracts | https://www.spotrac.com/mlb/baltimore-orioles/tax/_/year/2026,,
2026-07-08T14:16:26+00:00,2026,BAL,Baltimore Orioles,baltimore-orioles,Ryan Helsley,ryanhelsley,https://www.spotrac.com/mlb/player/_/id/17819/ryan-helsley,RP,31,6.105,,,2026 Injured List,2026 Injured List,Baltimore Orioles Contracts,,,Free Agent,,,14000000,5.74,14000000,14000000,,,,,,,,,664854,BAL,Injured 15-Day,true,https://www.spotrac.com/mlb/baltimore-orioles/cash/_/year/2026 | https://www.spotrac.com/mlb/baltimore-orioles/contracts | https://www.spotrac.com/mlb/baltimore-orioles/tax/_/year/2026,,
2026-07-08T14:16:26+00:00,2026,BAL,Baltimore Orioles,baltimore-orioles,Ryan Mountcastle,ryanmountcastle,https://www.spotrac.com/mlb/player/_/id/17652/ryan-mountcastle,1B,29,5.105,,,2026 Injured List,2026 Injured List,Baltimore Orioles Contracts,,,Arbitration 3,,,6787000,,6787000,6787000,,,,,,,,,663624,BAL,Injured 60-Day,true,https://www.spotrac.com/mlb/baltimore-orioles/cash/_/year/2026 | https://www.spotrac.com/mlb/baltimore-orioles/contracts | https://www.spotrac.com/mlb/baltimore-orioles/tax/_/year/2026,,
2026-07-08T14:16:26+00:00,2026,BAL,Baltimore Orioles,baltimore-orioles,Sam Huff,samhuff,https://www.spotrac.com/mlb/player/_/id/20183/sam-huff,C,28,2.057,,,2026 Dead Money,2026 Dead Money,,,,Retained,,,91762,0.04,91762,91762,,,,,,,,,,,,false,https://www.spotrac.com/mlb/baltimore-orioles/cash/_/year/2026 | https://www.spotrac.com/mlb/baltimore-orioles/tax/_/year/2026,not_found_on_contracts_page,
2026-07-08T14:16:26+00:00,2026,BAL,Baltimore Orioles,baltimore-orioles,Samuel Basallo,samuelbasallo,https://www.spotrac.com/mlb/player/_/id/71246/samuel-basallo,C,21,0.043,,,2026 Active Roster,2026 Active Roster,Baltimore Orioles Contracts,,,Extension Pre-Arbitration,,,8375000,3.43,6000000,1000000,5000000,,,,,,,,694212,BAL,Active,true,https://www.spotrac.com/mlb/baltimore-orioles/cash/_/year/2026 | https://www.spotrac.com/mlb/baltimore-orioles/contracts | https://www.spotrac.com/mlb/baltimore-orioles/tax/_/year/2026,,
2026-07-08T14:16:26+00:00,2026,BAL,Baltimore Orioles,baltimore-orioles,Shane Baz,shanebaz,https://www.spotrac.com/mlb/player/_/id/23221/shane-baz,SP,27,3.158,,,2026 Active Roster,2026 Active Roster,Baltimore Orioles Contracts,,,Extension Arbitration,,,13600000,5.57,5000000,1000000,4000000,,,,,,,,669358,BAL,Active,true,https://www.spotrac.com/mlb/baltimore-orioles/cash/_/year/2026 | https://www.spotrac.com/mlb/baltimore-orioles/contracts | https://www.spotrac.com/mlb/baltimore-orioles/tax/_/year/2026,,
2026-07-08T14:16:26+00:00,2026,BAL,Baltimore Orioles,baltimore-orioles,Taylor Ward,taylorward,https://www.spotrac.com/mlb/player/_/id/17641/taylor-ward,LF,32,5.164,,,2026 Active Roster,2026 Active Roster,Baltimore Orioles Contracts,,,Arbitration 4,,,12175000,4.99,12175000,12175000,,,,,,,,,621493,BAL,Active,true,https://www.spotrac.com/mlb/baltimore-orioles/cash/_/year/2026 | https://www.spotrac.com/mlb/baltimore-orioles/contracts | https://www.spotrac.com/mlb/baltimore-orioles/tax/_/year/2026,,
2026-07-08T14:16:26+00:00,2026,BAL,Baltimore Orioles,baltimore-orioles,Trevor Rogers,trevorrogers,https://www.spotrac.com/mlb/player/_/id/23222/trevor-rogers,SP,28,5.047,,,2026 Active Roster,2026 Active Roster,Baltimore Orioles Contracts,,,Arbitration 3,,,6200000,2.54,6200000,6200000,,,,,,,,,669432,BAL,Active,true,https://www.spotrac.com/mlb/baltimore-orioles/cash/_/year/2026 | https://www.spotrac.com/mlb/baltimore-orioles/contracts | https://www.spotrac.com/mlb/baltimore-orioles/tax/_/year/2026,,
2026-07-08T14:16:26+00:00,2026,BAL,Baltimore Orioles,baltimore-orioles,Trey Gibson,treygibson,https://www.spotrac.com/mlb/player/_/id/95765/trey-gibson,SP,24,,,,2026 Minor,2026 Minor,,,,Pre-Arbitration,,,116788,0.05,116788,116788,,,,,,,,,694346,BAL,Reassigned to Minors,true,https://www.spotrac.com/mlb/baltimore-orioles/cash/_/year/2026 | https://www.spotrac.com/mlb/baltimore-orioles/tax/_/year/2026,not_found_on_contracts_page,
2026-07-08T14:16:26+00:00,2026,BAL,Baltimore Orioles,baltimore-orioles,Tyler O'Neill,tyleroneill,https://www.spotrac.com/mlb/player/_/id/24564/tyler-oneill,RF,31,7.059,,,2026 Active Roster,2026 Active Roster,Baltimore Orioles Contracts,,,Free Agent,,,16500000,6.76,16500000,16500000,,,,,,,,,641933,BAL,Active,true,https://www.spotrac.com/mlb/baltimore-orioles/cash/_/year/2026 | https://www.spotrac.com/mlb/baltimore-orioles/contracts | https://www.spotrac.com/mlb/baltimore-orioles/tax/_/year/2026,,
2026-07-08T14:16:26+00:00,2026,BAL,Baltimore Orioles,baltimore-orioles,Tyler Wells,tylerwells,https://www.spotrac.com/mlb/player/_/id/70823/tyler-wells,RP,31,4.132,,,2026 Active Roster,2026 Active Roster,Baltimore Orioles Contracts,,,Arbitration 3 Super Two,,,2450000,1.00,2450000,2450000,,,,,,,,,669330,BAL,Active,true,https://www.spotrac.com/mlb/baltimore-orioles/cash/_/year/2026 | https://www.spotrac.com/mlb/baltimore-orioles/contracts | https://www.spotrac.com/mlb/baltimore-orioles/tax/_/year/2026,,
2026-07-08T14:16:26+00:00,2026,BAL,Baltimore Orioles,baltimore-orioles,Weston Wilson,westonwilson,https://www.spotrac.com/mlb/player/_/id/74709/weston-wilson,1B,31,1.097,,,2026 Dead Money,2026 Dead Money,,,,,,,225234,0.09,225234,225234,,,,,,,,,642215,SEA,Active,true_other_team,https://www.spotrac.com/mlb/baltimore-orioles/cash/_/year/2026 | https://www.spotrac.com/mlb/baltimore-orioles/tax/_/year/2026,not_found_on_contracts_page,
2026-07-08T14:16:26+00:00,2026,BAL,Baltimore Orioles,baltimore-orioles,Yaramil Hiraldo,yaramilhiraldo,https://www.spotrac.com/mlb/player/_/id/74986/yaramil-hiraldo,RP,30,0.053,,,2026 Injured List,2026 Injured List,Baltimore Orioles Contracts,,,Pre-Arbitration,,,785800,,785800,785800,,,,,,,,,682274,BAL,Injured 60-Day,true,https://www.spotrac.com/mlb/baltimore-orioles/cash/_/year/2026 | https://www.spotrac.com/mlb/baltimore-orioles/contracts | https://www.spotrac.com/mlb/baltimore-orioles/tax/_/year/2026,,
2026-07-08T14:16:26+00:00,2026,BAL,Baltimore Orioles,baltimore-orioles,Yennier Cano,yenniercano,https://www.spotrac.com/mlb/player/_/id/31432/yennier-cano,RP,32,3.065,,,2026 Active Roster,2026 Active Roster,,,,Arbitration 1,,,1600000,0.66,1600000,1600000,,,,,,,,,666974,BAL,Active,true,https://www.spotrac.com/mlb/baltimore-orioles/cash/_/year/2026 | https://www.spotrac.com/mlb/baltimore-orioles/tax/_/year/2026,not_found_on_contracts_page,
2026-07-08T14:16:26+00:00,2026,BAL,Baltimore Orioles,baltimore-orioles,Yosver Zulueta,yosverzulueta,https://www.spotrac.com/mlb/player/_/id/31425/yosver-zulueta,RP,,0.071,,,2026 Minor,,,,,Pre-Arbitration,,,,,,,,,,,,,,,691172,BAL,Reassigned to Minors,true,https://www.spotrac.com/mlb/baltimore-orioles/tax/_/year/2026,missing_all_money_fields;not_found_on_cash_page;not_found_on_contracts_page,
2026-07-08T14:16:26+00:00,2026,BAL,Baltimore Orioles,baltimore-orioles,Zach Eflin,zacheflin,https://www.spotrac.com/mlb/player/_/id/19954/zach-eflin,SP,32,9.018,,,2026 Injured List,2026 Injured List,Baltimore Orioles Contracts,,,Free Agent,,,10000000,,8000000,5000000,3000000,,,,,,,,621107,BAL,Injured 60-Day,true,https://www.spotrac.com/mlb/baltimore-orioles/cash/_/year/2026 | https://www.spotrac.com/mlb/baltimore-orioles/contracts | https://www.spotrac.com/mlb/baltimore-orioles/tax/_/year/2026,,
2026-07-08T14:16:26+00:00,2026,BOS,Boston Red Sox,boston-red-sox,Alec Gamboa,alecgamboa,https://www.spotrac.com/mlb/player/_/id/31228/alec-gamboa,RP,29,,,,2026 Minor,2026 Minor,,,,Free Agent,,,45881,0.02,45881,45881,,,,,,,,,687941,BOS,Reassigned to Minors,true,https://www.spotrac.com/mlb/boston-red-sox/cash/_/year/2026 | https://www.spotrac.com/mlb/boston-red-sox/tax/_/year/2026,not_found_on_contracts_page,
2026-07-08T14:16:26+00:00,2026,BOS,Boston Red Sox,boston-red-sox,Anderber Urbina,anderberurbina,https://www.spotrac.com/mlb/player/_/id/105587/anderber-urbina,INF,17,,,,,2026 Signing Bonus,,,,,,,,,145000,,145000,,,,,,,,,,,false,https://www.spotrac.com/mlb/boston-red-sox/cash/_/year/2026,not_found_on_tax_page;not_found_on_contracts_page,
2026-07-08T14:16:26+00:00,2026,BOS,Boston Red Sox,boston-red-sox,Anderson Gonzalez,andersongonzalez,https://www.spotrac.com/mlb/player/_/id/105591/anderson-gonzalez,INF,17,,,,,2026 Signing Bonus,,,,,,,,,60000,,60000,,,,,,,,,,,false,https://www.spotrac.com/mlb/boston-red-sox/cash/_/year/2026,not_found_on_tax_page;not_found_on_contracts_page,
2026-07-08T14:16:26+00:00,2026,BOS,Boston Red Sox,boston-red-sox,Andruw Monasterio,andruwmonasterio,https://www.spotrac.com/mlb/player/_/id/27977/andruw-monasterio,SS,29,2.099,,,2026 Active Roster,2026 Active Roster,Boston Red Sox Contracts,,,Pre-Arbitration,Pre-Arbitration,,807500,0.33,807500,807500,,,2026,2026,2026,1,807500,807500,655316,BOS,Active,true,https://www.spotrac.com/mlb/boston-red-sox/cash/_/year/2026 | https://www.spotrac.com/mlb/boston-red-sox/contracts | https://www.spotrac.com/mlb/boston-red-sox/tax/_/year/2026,,
2026-07-08T14:16:26+00:00,2026,BOS,Boston Red Sox,boston-red-sox,Angel Roa,angelroa,https://www.spotrac.com/mlb/player/_/id/105594/angel-roa,P,17,,,,,2026 Signing Bonus,,,,,,,,,10000,,10000,,,,,,,,,,,false,https://www.spotrac.com/mlb/boston-red-sox/cash/_/year/2026,not_found_on_tax_page;not_found_on_contracts_page,
2026-07-08T14:16:26+00:00,2026,BOS,Boston Red Sox,boston-red-sox,Anthony Seigler,anthonyseigler,https://www.spotrac.com/mlb/player/_/id/26046/anthony-seigler,C,27,0.090,,,2026 Active Roster,2026 Active Roster,Boston Red Sox Contracts,,,Pre-Arbitration,Pre-Arbitration,,439110,0.18,439110,439110,,,2026,2026,2026,1,782000,782000,678011,BOS,Active,true,https://www.spotrac.com/mlb/boston-red-sox/cash/_/year/2026 | https://www.spotrac.com/mlb/boston-red-sox/contracts | https://www.spotrac.com/mlb/boston-red-sox/tax/_/year/2026,,
2026-07-08T14:16:26+00:00,2026,BOS,Boston Red Sox,boston-red-sox,Aroldis Chapman,aroldischapman,https://www.spotrac.com/mlb/player/_/id/6462/aroldis-chapman,RP,38,15.009,,,2026 Active Roster,2026 Active Roster,Boston Red Sox Contracts,,,Extension,Extension,,13300000,5.45,13000000,12000000,1000000,,2026,2026,2027,1,13300000,13300000,547973,BOS,Active,true,https://www.spotrac.com/mlb/boston-red-sox/cash/_/year/2026 | https://www.spotrac.com/mlb/boston-red-sox/contracts | https://www.spotrac.com/mlb/boston-red-sox/tax/_/year/2026,,
2026-07-08T14:16:26+00:00,2026,BOS,Boston Red Sox,boston-red-sox,Axell Herrera,axellherrera,https://www.spotrac.com/mlb/player/_/id/105592/axell-herrera,INF,17,,,,,2026 Signing Bonus,,,,,,,,,10000,,10000,,,,,,,,,,,false,https://www.spotrac.com/mlb/boston-red-sox/cash/_/year/2026,not_found_on_tax_page;not_found_on_contracts_page,
2026-07-08T14:16:26+00:00,2026,BOS,Boston Red Sox,boston-red-sox,Brayan Bello,brayanbello,https://www.spotrac.com/mlb/player/_/id/74775/brayan-bello,SP,27,3.082,,,2026 Minor,2026 Minor,,,,Extension Pre-Arbitration,,,9166667,3.76,6000000,6000000,,,,,,,,,678394,BOS,Reassigned to Minors,true,https://www.spotrac.com/mlb/boston-red-sox/cash/_/year/2026 | https://www.spotrac.com/mlb/boston-red-sox/tax/_/year/2026,not_found_on_contracts_page,
2026-07-08T14:16:26+00:00,2026,BOS,Boston Red Sox,boston-red-sox,Brett Harris,brettharris,https://www.spotrac.com/mlb/player/_/id/73483/brett-harris,3B,,0.105,,,2026 Minor,,,,,Pre-Arbitration,,,,,,,,,,,,,,,695391,BOS,Reassigned to Minors,true,https://www.spotrac.com/mlb/boston-red-sox/tax/_/year/2026,missing_all_money_fields;not_found_on_cash_page;not_found_on_contracts_page,
2026-07-08T14:16:26+00:00,2026,BOS,Boston Red Sox,boston-red-sox,Caleb Durbin,calebdurbin,https://www.spotrac.com/mlb/player/_/id/73662/caleb-durbin,3B,26,0.164,,,2026 Active Roster,2026 Active Roster,Boston Red Sox Contracts,,,Pre-Arbitration,Pre-Arbitration,,796000,0.33,796000,796000,,,2026,2026,2026,1,796000,796000,702332,BOS,Active,true,https://www.spotrac.com/mlb/boston-red-sox/cash/_/year/2026 | https://www.spotrac.com/mlb/boston-red-sox/contracts | https://www.spotrac.com/mlb/boston-red-sox/tax/_/year/2026,,
2026-07-08T14:16:26+00:00,2026,BOS,Boston Red Sox,boston-red-sox,Carlos Narvaez,carlosnarvaez,https://www.spotrac.com/mlb/player/_/id/86101/carlos-narvaez,C,27,1.038,,,2026 Active Roster,2026 Active Roster,Boston Red Sox Contracts,,,Pre-Arbitration,Pre-Arbitration,,800000,0.33,800000,800000,,,2026,2026,2026,1,800000,800000,665966,BOS,Active,true,https://www.spotrac.com/mlb/boston-red-sox/cash/_/year/2026 | https://www.spotrac.com/mlb/boston-red-sox/contracts | https://www.spotrac.com/mlb/boston-red-sox/tax/_/year/2026,,
2026-07-08T14:16:26+00:00,2026,BOS,Boston Red Sox,boston-red-sox,Ceddanne Rafaela,ceddannerafaela,https://www.spotrac.com/mlb/player/_/id/80131/ceddanne-rafaela,CF,25,2.035,,,2026 Active Roster,2026 Active Roster,Boston Red Sox Contracts,,,Extension Pre-Arbitration,Extension Pre-Arbitration,,6250000,2.56,2000000,2000000,,,2024,2024,2032,8,50000000,6250000,678882,BOS,Active,true,https://www.spotrac.com/mlb/boston-red-sox/cash/_/year/2026 | https://www.spotrac.com/mlb/boston-red-sox/contracts | https://www.spotrac.com/mlb/boston-red-sox/tax/_/year/2026,,
2026-07-08T14:16:26+00:00,2026,BOS,Boston Red Sox,boston-red-sox,Claudio Pereira,claudiopereira,https://www.spotrac.com/mlb/player/_/id/105349/claudio-pereira,P,17,,,,,2026 Signing Bonus,,,,,,,,,500000,,500000,,,,,,,,,,,false,https://www.spotrac.com/mlb/boston-red-sox/cash/_/year/2026,not_found_on_tax_page;not_found_on_contracts_page,
2026-07-08T14:16:26+00:00,2026,BOS,Boston Red Sox,boston-red-sox,Connelly Early,connellyearly,https://www.spotrac.com/mlb/player/_/id/84894/connelly-early,SP,24,0.020,,,2026 Injured List,2026 Injured List,Boston Red Sox Contracts,,,Pre-Arbitration,Pre-Arbitration,,789500,0.32,789500,789500,,,2026,2026,2026,1,789500,789500,813349,BOS,Injured 15-Day,true,https://www.spotrac.com/mlb/boston-red-sox/cash/_/year/2026 | https://www.spotrac.com/mlb/boston-red-sox/contracts | https://www.spotrac.com/mlb/boston-red-sox/tax/_/year/2026,,
2026-07-08T14:16:26+00:00,2026,BOS,Boston Red Sox,boston-red-sox,Connor Wong,connorwong,https://www.spotrac.com/mlb/player/_/id/23311/connor-wong,C,30,3.079,,,2026 Active Roster,2026 Active Roster,Boston Red Sox Contracts,,,Arbitration 1,Arbitration,,1375000,0.56,1375000,1375000,,,2026,2026,2026,1,1375000,1375000,657136,BOS,Active,true,https://www.spotrac.com/mlb/boston-red-sox/cash/_/year/2026 | https://www.spotrac.com/mlb/boston-red-sox/contracts | https://www.spotrac.com/mlb/boston-red-sox/tax/_/year/2026,,
2026-07-08T14:16:26+00:00,2026,BOS,Boston Red Sox,boston-red-sox,Danny Coulombe,dannycoulombe,https://www.spotrac.com/mlb/player/_/id/16093/danny-coulombe,RP,36,7.008,,,2026 Active Roster,2026 Active Roster,Boston Red Sox Contracts,,,Free Agent,Free Agent,,1000000,0.41,1750000,1000000,,,2026,2026,2026,1,1000000,1000000,543056,BOS,Active,true,https://www.spotrac.com/mlb/boston-red-sox/cash/_/year/2026 | https://www.spotrac.com/mlb/boston-red-sox/contracts | https://www.spotrac.com/mlb/boston-red-sox/tax/_/year/2026,,
2026-07-08T14:16:26+00:00,2026,BOS,Boston Red Sox,boston-red-sox,Dawvris Brito,dawvrisbrito,https://www.spotrac.com/mlb/player/_/id/105347/dawvris-brito,SS,17,,,,,2026 Signing Bonus,,,,,,,,,1200000,,1200000,,,,,,,,,,,false,https://www.spotrac.com/mlb/boston-red-sox/cash/_/year/2026,not_found_on_tax_page;not_found_on_contracts_page,
2026-07-08T14:16:26+00:00,2026,BOS,Boston Red Sox,boston-red-sox,Dustin Pedroia,dustinpedroia,https://www.spotrac.com/mlb/player/_/id/102/dustin-pedroia,2B,42,,,,,2026 Deferred,,,,,,,,,2500000,2500000,,,,,,,,,,,,false,https://www.spotrac.com/mlb/boston-red-sox/cash/_/year/2026,not_found_on_tax_page;not_found_on_contracts_page,
2026-07-08T14:16:26+00:00,2026,BOS,Boston Red Sox,boston-red-sox,Eber Miranda,ebermiranda,https://www.spotrac.com/mlb/player/_/id/105560/eber-miranda,OF,17,,,,,2026 Signing Bonus,,,,,,,,,60000,,60000,,,,,,,,,,,false,https://www.spotrac.com/mlb/boston-red-sox/cash/_/year/2026,not_found_on_tax_page;not_found_on_contracts_page,
2026-07-08T14:16:26+00:00,2026,BOS,Boston Red Sox,boston-red-sox,Edgardo Gutierrez,edgardogutierrez,https://www.spotrac.com/mlb/player/_/id/105589/edgardo-gutierrez,C,16,,,,,2026 Signing Bonus,,,,,,,,,10000,,10000,,,,,,,,,,,false,https://www.spotrac.com/mlb/boston-red-sox/cash/_/year/2026,not_found_on_tax_page;not_found_on_contracts_page,
2026-07-08T14:16:26+00:00,2026,BOS,Boston Red Sox,boston-red-sox,Eduardo Rivera,eduardorivera,https://www.spotrac.com/mlb/player/_/id/73705/eduardo-rivera,RP,23,,,,2026 Minor,2026 Minor,,,,Pre-Arbitration,,,8342,0.00,8342,8342,,,,,,,,,700842,BOS,Reassigned to Minors,true,https://www.spotrac.com/mlb/boston-red-sox/cash/_/year/2026 | https://www.spotrac.com/mlb/boston-red-sox/tax/_/year/2026,not_found_on_contracts_page,
2026-07-08T14:16:26+00:00,2026,BOS,Boston Red Sox,boston-red-sox,Esterlin Casanova,esterlincasanova,https://www.spotrac.com/mlb/player/_/id/105586/esterlin-casanova,INF,17,,,,,2026 Signing Bonus,,,,,,,,,620000,,620000,,,,,,,,,,,false,https://www.spotrac.com/mlb/boston-red-sox/cash/_/year/2026,not_found_on_tax_page;not_found_on_contracts_page,
2026-07-08T14:16:26+00:00,2026,BOS,Boston Red Sox,boston-red-sox,Freyerso Vasquez,freyersovasquez,https://www.spotrac.com/mlb/player/_/id/105351/freyerso-vasquez,OF,17,,,,,2026 Signing Bonus,,,,,,,,,145000,,145000,,,,,,,,,,,false,https://www.spotrac.com/mlb/boston-red-sox/cash/_/year/2026,not_found_on_tax_page;not_found_on_contracts_page,
2026-07-08T14:16:26+00:00,2026,BOS,Boston Red Sox,boston-red-sox,Garielvin Silverio,garielvinsilverio,https://www.spotrac.com/mlb/player/_/id/105346/garielvin-silverio,OF,17,,,,,2026 Signing Bonus,,,,,,,,,1400000,,1400000,,,,,,,,,,,false,https://www.spotrac.com/mlb/boston-red-sox/cash/_/year/2026,not_found_on_tax_page;not_found_on_contracts_page,
2026-07-08T14:16:26+00:00,2026,BOS,Boston Red Sox,boston-red-sox,Garrett Crochet,garrettcrochet,https://www.spotrac.com/mlb/player/_/id/48366/garrett-crochet,SP,27,5.028,,,2026 Injured List,2026 Injured List,Boston Red Sox Contracts,,,Extension Arbitration,Extension Arbitration,,28333333,,28000000,24000000,4000000,,2026,2026,2031,6,170000000,28333333,676979,BOS,Injured 60-Day,true,https://www.spotrac.com/mlb/boston-red-sox/cash/_/year/2026 | https://www.spotrac.com/mlb/boston-red-sox/contracts | https://www.spotrac.com/mlb/boston-red-sox/tax/_/year/2026,,
2026-07-08T14:16:26+00:00,2026,BOS,Boston Red Sox,boston-red-sox,Garrett Whitlock,garrettwhitlock,https://www.spotrac.com/mlb/player/_/id/24250/garrett-whitlock,RP,30,5.000,,,2026 Active Roster,2026 Active Roster,Boston Red Sox Contracts,,,Extension Pre-Arbitration,Extension Pre-Arbitration,,4687500,1.92,7250000,7250000,,,2023,2023,2028,4,18750000,4687500,676477,BOS,Active,true,https://www.spotrac.com/mlb/boston-red-sox/cash/_/year/2026 | https://www.spotrac.com/mlb/boston-red-sox/contracts | https://www.spotrac.com/mlb/boston-red-sox/tax/_/year/2026,,
2026-07-08T14:16:26+00:00,2026,BOS,Boston Red Sox,boston-red-sox,Greg Weissert,gregweissert,https://www.spotrac.com/mlb/player/_/id/74682/greg-weissert,RP,31,2.079,,,2026 Active Roster,2026 Active Roster,Boston Red Sox Contracts,,,Pre-Arbitration,Pre-Arbitration,,807500,0.33,807500,807500,,,2026,2026,2026,1,807500,807500,669711,BOS,Active,true,https://www.spotrac.com/mlb/boston-red-sox/cash/_/year/2026 | https://www.spotrac.com/mlb/boston-red-sox/contracts | https://www.spotrac.com/mlb/boston-red-sox/tax/_/year/2026,,
2026-07-08T14:16:26+00:00,2026,BOS,Boston Red Sox,boston-red-sox,Harry Canedo,harrycanedo,https://www.spotrac.com/mlb/player/_/id/105853/harry-canedo,P,17,,,,,2026 Signing Bonus,,,,,,,,,10000,,10000,,,,,,,,,,,false,https://www.spotrac.com/mlb/boston-red-sox/cash/_/year/2026,not_found_on_tax_page;not_found_on_contracts_page,
2026-07-08T14:16:26+00:00,2026,BOS,Boston Red Sox,boston-red-sox,Isaac Brujan,isaacbrujan,https://www.spotrac.com/mlb/player/_/id/105855/isaac-brujan,P,18,,,,,2026 Signing Bonus,,,,,,,,,10000,,10000,,,,,,,,,,,false,https://www.spotrac.com/mlb/boston-red-sox/cash/_/year/2026,not_found_on_tax_page;not_found_on_contracts_page,
2026-07-08T14:16:26+00:00,2026,BOS,Boston Red Sox,boston-red-sox,Isaac Velasquez,isaacvelasquez,https://www.spotrac.com/mlb/player/_/id/105350/isaac-velasquez,SS,16,,,,,2026 Signing Bonus,,,,,,,,,370000,,370000,,,,,,,,,,,false,https://www.spotrac.com/mlb/boston-red-sox/cash/_/year/2026,not_found_on_tax_page;not_found_on_contracts_page,
2026-07-08T14:16:26+00:00,2026,BOS,Boston Red Sox,boston-red-sox,Isiah Kiner-Falefa,isiahkinerfalefa,https://www.spotrac.com/mlb/player/_/id/24571/isiah-kiner-falefa,SS,31,8.000,,,2026 Injured List,2026 Injured List,Boston Red Sox Contracts,,,Free Agent,Free Agent,,6000000,2.46,6000000,6000000,,,2026,2026,2026,1,6000000,6000000,643396,BOS,Injured 10-Day,true,https://www.spotrac.com/mlb/boston-red-sox/cash/_/year/2026 | https://www.spotrac.com/mlb/boston-red-sox/contracts | https://www.spotrac.com/mlb/boston-red-sox/tax/_/year/2026,,
2026-07-08T14:16:26+00:00,2026,BOS,Boston Red Sox,boston-red-sox,Jack Anderson,jackanderson,https://www.spotrac.com/mlb/player/_/id/74191/jack-anderson,RP,26,,,,2026 Minor,2026 Minor,,,,Pre-Arbitration,,,37539,,37539,37539,,,,,,,,,,,,false,https://www.spotrac.com/mlb/boston-red-sox/cash/_/year/2026 | https://www.spotrac.com/mlb/boston-red-sox/tax/_/year/2026,not_found_on_contracts_page,
2026-07-08T14:16:26+00:00,2026,BOS,Boston Red Sox,boston-red-sox,Jake Bennett,jakebennett,https://www.spotrac.com/mlb/player/_/id/32088/jake-bennett,SP,25,,,,2026 Active Roster,2026 Active Roster,Boston Red Sox Contracts,,,Pre-Arbitration,Pre-Arbitration,,488007,0.20,488007,488007,,,2026,2026,2026,1,780000,780000,687562,BOS,Active,true,https://www.spotrac.com/mlb/boston-red-sox/cash/_/year/2026 | https://www.spotrac.com/mlb/boston-red-sox/contracts | https://www.spotrac.com/mlb/boston-red-sox/tax/_/year/2026,,
2026-07-08T14:16:26+00:00,2026,BOS,Boston Red Sox,boston-red-sox,Jarren Duran,jarrenduran,https://www.spotrac.com/mlb/player/_/id/26253/jarren-duran,LF,29,3.155,,,2026 Active Roster,2026 Active Roster,Boston Red Sox Contracts,,,Arbitration 2 Super Two,Arbitration,,7700000,3.16,7700000,7700000,,,2026,2026,2026,1,7700000,7700000,680776,BOS,Active,true,https://www.spotrac.com/mlb/boston-red-sox/cash/_/year/2026 | https://www.spotrac.com/mlb/boston-red-sox/contracts | https://www.spotrac.com/mlb/boston-red-sox/tax/_/year/2026,,
2026-07-08T14:16:26+00:00,2026,BOS,Boston Red Sox,boston-red-sox,Joe La Sorsa,joelasorsa,https://www.spotrac.com/mlb/player/_/id/32142/joe-la-sorsa,RP,28,0.138,,,2026 Minor,2026 Minor,,,,Pre-Arbitration,,,12513,0.01,12513,12513,,,,,,,,,686747,BOS,Reassigned to Minors,true,https://www.spotrac.com/mlb/boston-red-sox/cash/_/year/2026 | https://www.spotrac.com/mlb/boston-red-sox/tax/_/year/2026,not_found_on_contracts_page,
2026-07-08T14:16:26+00:00,2026,BOS,Boston Red Sox,boston-red-sox,Johan Oviedo,johanoviedo,https://www.spotrac.com/mlb/player/_/id/20568/johan-oviedo,RP,28,4.078,,,2026 Injured List,2026 Injured List,Boston Red Sox Contracts,,,Arbitration 2,Arbitration,,1550000,,1550000,1550000,,,2026,2026,2026,1,1550000,1550000,670912,BOS,Injured 60-Day,true,https://www.spotrac.com/mlb/boston-red-sox/cash/_/year/2026 | https://www.spotrac.com/mlb/boston-red-sox/contracts | https://www.spotrac.com/mlb/boston-red-sox/tax/_/year/2026,,
2026-07-08T14:16:26+00:00,2026,BOS,Boston Red Sox,boston-red-sox,Jordan Hicks,jordanhicks,https://www.spotrac.com/mlb/player/_/id/20529/jordan-hicks,RP,29,8.000,,,2026 Retained,2026 Retained,,,,Retained,,,4983351,,4000000,4000000,,,,,,,,,663855,CHW,Active,true_other_team,https://www.spotrac.com/mlb/boston-red-sox/cash/_/year/2026 | https://www.spotrac.com/mlb/boston-red-sox/tax/_/year/2026,not_found_on_contracts_page,
2026-07-08T14:16:26+00:00,2026,BOS,Boston Red Sox,boston-red-sox,Joskairo Ramirez,joskairoramirez,https://www.spotrac.com/mlb/player/_/id/105348/joskairo-ramirez,OF,17,,,,,2026 Signing Bonus,,,,,,,,,800000,,800000,,,,,,,,,,,false,https://www.spotrac.com/mlb/boston-red-sox/cash/_/year/2026,not_found_on_tax_page;not_found_on_contracts_page,
2026-07-08T14:16:26+00:00,2026,BOS,Boston Red Sox,boston-red-sox,Jovani Morán,jovanimoran,https://www.spotrac.com/mlb/player/_/id/28911/jovani-mor%C3%A1n,RP,29,1.100,,,2026 Active Roster,2026 Active Roster,Boston Red Sox Contracts,,,Pre-Arbitration,Pre-Arbitration,,790000,0.32,790000,790000,,,2026,2026,2026,1,790000,790000,663558,BOS,Active,true,https://www.spotrac.com/mlb/boston-red-sox/cash/_/year/2026 | https://www.spotrac.com/mlb/boston-red-sox/contracts | https://www.spotrac.com/mlb/boston-red-sox/tax/_/year/2026,,
2026-07-08T14:16:26+00:00,2026,BOS,Boston Red Sox,boston-red-sox,Justin Slaten,justinslaten,https://www.spotrac.com/mlb/player/_/id/30484/justin-slaten,RP,28,2.000,,,2026 Active Roster,2026 Active Roster,Boston Red Sox Contracts,,,Pre-Arbitration,Pre-Arbitration,,791500,0.32,791500,791500,,,2026,2026,2026,1,791500,791500,686580,BOS,Active,true,https://www.spotrac.com/mlb/boston-red-sox/cash/_/year/2026 | https://www.spotrac.com/mlb/boston-red-sox/contracts | https://www.spotrac.com/mlb/boston-red-sox/tax/_/year/2026,,
2026-07-08T14:16:26+00:00,2026,BOS,Boston Red Sox,boston-red-sox,Kristian Campbell,kristiancampbell,https://www.spotrac.com/mlb/player/_/id/84877/kristian-campbell,2B,24,0.086,,,2026 Minor,2026 Minor,,,,Extension Pre-Arbitration,,,7500000,3.07,2000000,2000000,,,,,,,,,692225,BOS,Reassigned to Minors,true,https://www.spotrac.com/mlb/boston-red-sox/cash/_/year/2026 | https://www.spotrac.com/mlb/boston-red-sox/tax/_/year/2026,not_found_on_contracts_page,
2026-07-08T14:16:26+00:00,2026,BOS,Boston Red Sox,boston-red-sox,Kutter Crawford,kuttercrawford,https://www.spotrac.com/mlb/player/_/id/74392/kutter-crawford,SP,30,3.136,,,2026 Injured List,2026 Injured List,Boston Red Sox Contracts,,,Arbitration 2 Super Two,Arbitration,,2750000,,2750000,2750000,,,2026,2026,2026,1,2750000,2750000,676710,BOS,Injured 60-Day,true,https://www.spotrac.com/mlb/boston-red-sox/cash/_/year/2026 | https://www.spotrac.com/mlb/boston-red-sox/contracts | https://www.spotrac.com/mlb/boston-red-sox/tax/_/year/2026,,
2026-07-08T14:16:26+00:00,2026,BOS,Boston Red Sox,boston-red-sox,Luis Cayama,luiscayama,https://www.spotrac.com/mlb/player/_/id/105854/luis-cayama,P,17,,,,,2026 Signing Bonus,,,,,,,,,10000,,10000,,,,,,,,,,,false,https://www.spotrac.com/mlb/boston-red-sox/cash/_/year/2026,not_found_on_tax_page;not_found_on_contracts_page,
2026-07-08T14:16:26+00:00,2026,BOS,Boston Red Sox,boston-red-sox,Manny Ramirez,mannyramirez,https://www.spotrac.com/mlb/player/_/id/103/manny-ramirez,LF,54,,,,,2026 Deferred,,,,,,,,,2043809,2043809,,,,,,,,,,,,false,https://www.spotrac.com/mlb/boston-red-sox/cash/_/year/2026,not_found_on_tax_page;not_found_on_contracts_page,
2026-07-08T14:16:26+00:00,2026,BOS,Boston Red Sox,boston-red-sox,Marcelo Mayer,marcelomayer,https://www.spotrac.com/mlb/player/_/id/73266/marcelo-mayer,2B,23,0.128,,,2026 Injured List,2026 Injured List,Boston Red Sox Contracts,,,Pre-Arbitration,Pre-Arbitration,,783500,0.32,783500,783500,,,2026,2026,2026,1,783500,783500,691785,BOS,Injured 10-Day,true,https://www.spotrac.com/mlb/boston-red-sox/cash/_/year/2026 | https://www.spotrac.com/mlb/boston-red-sox/contracts | https://www.spotrac.com/mlb/boston-red-sox/tax/_/year/2026,,
2026-07-08T14:16:26+00:00,2026,BOS,Boston Red Sox,boston-red-sox,Masataka Yoshida,masatakayoshida,https://www.spotrac.com/mlb/player/_/id/80213/masataka-yoshida,OF,32,3.000,,,2026 Active Roster,2026 Active Roster,Boston Red Sox Contracts,,,Free Agent Foreign Professional,Free Agent Foreign Professional,,18000000,7.38,18000000,18000000,,,2023,2023,2027,5,90000000,18000000,807799,BOS,Active,true,https://www.spotrac.com/mlb/boston-red-sox/cash/_/year/2026 | https://www.spotrac.com/mlb/boston-red-sox/contracts | https://www.spotrac.com/mlb/boston-red-sox/tax/_/year/2026,,
2026-07-08T14:16:26+00:00,2026,BOS,Boston Red Sox,boston-red-sox,Mickey Gasper,mickeygasper,https://www.spotrac.com/mlb/player/_/id/26879/mickey-gasper,C,30,0.149,,,2026 Minor,2026 Minor,,,,Pre-Arbitration,,,216892,0.09,216892,216892,,,,,,,,,681508,BOS,Reassigned to Minors,true,https://www.spotrac.com/mlb/boston-red-sox/cash/_/year/2026 | https://www.spotrac.com/mlb/boston-red-sox/tax/_/year/2026,not_found_on_contracts_page,
2026-07-08T14:16:26+00:00,2026,BOS,Boston Red Sox,boston-red-sox,Nate Eaton,nateeaton,https://www.spotrac.com/mlb/player/_/id/26296/nate-eaton,3B,29,1.020,,,2026 Active Roster,2026 Active Roster,Boston Red Sox Contracts,,,Pre-Arbitration,Pre-Arbitration,,495505,0.20,495505,495505,,,2026,2026,2026,1,780000,780000,681987,BOS,Suspended # days,true,https://www.spotrac.com/mlb/boston-red-sox/cash/_/year/2026 | https://www.spotrac.com/mlb/boston-red-sox/contracts | https://www.spotrac.com/mlb/boston-red-sox/tax/_/year/2026,,
2026-07-08T14:16:26+00:00,2026,BOS,Boston Red Sox,boston-red-sox,Nick Sogard,nicksogard,https://www.spotrac.com/mlb/player/_/id/31352/nick-sogard,2B,28,0.119,,,2026 Injured List,2026 Injured List,Boston Red Sox Contracts,,,Pre-Arbitration,Pre-Arbitration,,558914,0.23,558914,558914,,,2026,2026,2026,1,780000,780000,686765,BOS,Injured 10-Day,true,https://www.spotrac.com/mlb/boston-red-sox/cash/_/year/2026 | https://www.spotrac.com/mlb/boston-red-sox/contracts | https://www.spotrac.com/mlb/boston-red-sox/tax/_/year/2026,,
2026-07-08T14:16:26+00:00,2026,BOS,Boston Red Sox,boston-red-sox,Pablo Serrano,pabloserrano,https://www.spotrac.com/mlb/player/_/id/108522/pablo-serrano,P,17,,,,,2026 Signing Bonus,,,,,,,,,20000,,20000,,,,,,,,,,,false,https://www.spotrac.com/mlb/boston-red-sox/cash/_/year/2026,not_found_on_tax_page;not_found_on_contracts_page,
2026-07-08T14:16:26+00:00,2026,BOS,Boston Red Sox,boston-red-sox,Patrick Sandoval,patricksandoval,https://www.spotrac.com/mlb/player/_/id/32713/patrick-sandoval,SP,29,5.149,,,2026 Active Roster,2026 Active Roster,Boston Red Sox Contracts,,,Free Agent,Free Agent,,9125000,3.74,12750000,12750000,,,2025,2025,2026,2,18250000,9125000,663776,BOS,Active,true,https://www.spotrac.com/mlb/boston-red-sox/cash/_/year/2026 | https://www.spotrac.com/mlb/boston-red-sox/contracts | https://www.spotrac.com/mlb/boston-red-sox/tax/_/year/2026,,
2026-07-08T14:16:26+00:00,2026,BOS,Boston Red Sox,boston-red-sox,Payton Tolle,paytontolle,https://www.spotrac.com/mlb/player/_/id/94596/payton-tolle,SP,23,0.031,,,2026 Active Roster,2026 Active Roster,Boston Red Sox Contracts,,,Pre-Arbitration,Pre-Arbitration,,654847,0.27,654847,654847,,,2026,2026,2026,1,780000,780000,801139,BOS,Active,true,https://www.spotrac.com/mlb/boston-red-sox/cash/_/year/2026 | https://www.spotrac.com/mlb/boston-red-sox/contracts | https://www.spotrac.com/mlb/boston-red-sox/tax/_/year/2026,,
2026-07-08T14:16:26+00:00,2026,BOS,Boston Red Sox,boston-red-sox,Rafael Devers,rafaeldevers,https://www.spotrac.com/mlb/player/_/id/18493/rafael-devers,DH,,8.070,,,2026 Retained,,,,,Retained,,,4057552,,,,,,,,,,,,646240,SF,Active,true_other_team,https://www.spotrac.com/mlb/boston-red-sox/tax/_/year/2026,not_found_on_cash_page;not_found_on_contracts_page,
2026-07-08T14:16:26+00:00,2026,BOS,Boston Red Sox,boston-red-sox,Ranger Suarez,rangersuarez,https://www.spotrac.com/mlb/player/_/id/24553/ranger-suarez,SP,30,6.112,,,2026 Active Roster,2026 Active Roster,Boston Red Sox Contracts,,,Free Agent,Free Agent,,26000000,10.66,10000000,7000000,3000000,,2026,2026,2030,5,130000000,26000000,624133,BOS,Active,true,https://www.spotrac.com/mlb/boston-red-sox/cash/_/year/2026 | https://www.spotrac.com/mlb/boston-red-sox/contracts | https://www.spotrac.com/mlb/boston-red-sox/tax/_/year/2026,,
2026-07-08T14:16:26+00:00,2026,BOS,Boston Red Sox,boston-red-sox,Roman Anthony,romananthony,https://www.spotrac.com/mlb/player/_/id/78634/roman-anthony,LF,22,0.112,,,2026 Injured List,2026 Injured List,Boston Red Sox Contracts,,,Extension Pre-Arbitration,Extension Pre-Arbitration,,16250000,,7000000,2000000,5000000,,2026,2026,2034,8,130000000,16250000,701350,BOS,Injured 60-Day,true,https://www.spotrac.com/mlb/boston-red-sox/cash/_/year/2026 | https://www.spotrac.com/mlb/boston-red-sox/contracts | https://www.spotrac.com/mlb/boston-red-sox/tax/_/year/2026,,
2026-07-08T14:16:26+00:00,2026,BOS,Boston Red Sox,boston-red-sox,Romy Gonzalez,romygonzalez,https://www.spotrac.com/mlb/player/_/id/26549/romy-gonzalez,2B,29,3.083,,,2026 Active Roster,2026 Active Roster,Boston Red Sox Contracts,,,Arbitration 1,Arbitration,,1600000,0.66,1600000,1600000,,,2026,2026,2026,1,1600000,1600000,663853,BOS,Active,true,https://www.spotrac.com/mlb/boston-red-sox/cash/_/year/2026 | https://www.spotrac.com/mlb/boston-red-sox/contracts | https://www.spotrac.com/mlb/boston-red-sox/tax/_/year/2026,,
2026-07-08T14:16:26+00:00,2026,BOS,Boston Red Sox,boston-red-sox,Ryan Watson,ryanwatson,https://www.spotrac.com/mlb/player/_/id/48553/ryan-watson,RP,28,,,,2026 Active Roster,2026 Active Roster,Boston Red Sox Contracts,,,Pre-Arbitration,Pre-Arbitration,,780000,0.32,780000,780000,,,2026,2026,2026,1,780000,780000,670245,BOS,Active,true,https://www.spotrac.com/mlb/boston-red-sox/cash/_/year/2026 | https://www.spotrac.com/mlb/boston-red-sox/contracts | https://www.spotrac.com/mlb/boston-red-sox/tax/_/year/2026,,
2026-07-08T14:16:26+00:00,2026,BOS,Boston Red Sox,boston-red-sox,Sonny Gray,sonnygray,https://www.spotrac.com/mlb/player/_/id/14331/sonny-gray,SP,36,12.061,,,2026 Active Roster,2026 Active Roster,Boston Red Sox Contracts,,,Free Agent,Free Agent,,21000000,8.61,11000000,11000000,,,2024,2024,2027,3,75000000,25000000,543243,BOS,Active,true,https://www.spotrac.com/mlb/boston-red-sox/cash/_/year/2026 | https://www.spotrac.com/mlb/boston-red-sox/contracts | https://www.spotrac.com/mlb/boston-red-sox/tax/_/year/2026,,
2026-07-08T14:16:26+00:00,2026,BOS,Boston Red Sox,boston-red-sox,Tanner Houck,tannerhouck,https://www.spotrac.com/mlb/player/_/id/23233/tanner-houck,SP,30,4.100,,,2026 Injured List,2026 Injured List,Boston Red Sox Contracts,,,Arbitration 2,Arbitration,,4150000,,4150000,4150000,,,2026,2026,2026,1,4150000,4150000,656557,BOS,Injured 60-Day,true,https://www.spotrac.com/mlb/boston-red-sox/cash/_/year/2026 | https://www.spotrac.com/mlb/boston-red-sox/contracts | https://www.spotrac.com/mlb/boston-red-sox/tax/_/year/2026,,
2026-07-08T14:16:26+00:00,2026,BOS,Boston Red Sox,boston-red-sox,Tayron Guerrero,tayronguerrero,https://www.spotrac.com/mlb/player/_/id/16581/tayron-guerrero,RP,35,2.004,,,2026 Active Roster,2026 Active Roster,Boston Red Sox Contracts,,,Free Agent,Free Agent,,561280,0.23,561280,561280,,,2026,2026,2026,1,820000,820000,,,,false,https://www.spotrac.com/mlb/boston-red-sox/cash/_/year/2026 | https://www.spotrac.com/mlb/boston-red-sox/contracts | https://www.spotrac.com/mlb/boston-red-sox/tax/_/year/2026,,
2026-07-08T14:16:26+00:00,2026,BOS,Boston Red Sox,boston-red-sox,Tommy Kahnle,tommykahnle,https://www.spotrac.com/mlb/player/_/id/14119/tommy-kahnle,RP,36,10.131,,,2026 Dead Money,2026 Dead Money,,,,,,,122715,0.05,122715,122715,,,,,,,,,,,,false,https://www.spotrac.com/mlb/boston-red-sox/cash/_/year/2026 | https://www.spotrac.com/mlb/boston-red-sox/tax/_/year/2026,not_found_on_contracts_page,
2026-07-08T14:16:26+00:00,2026,BOS,Boston Red Sox,boston-red-sox,Trevor Story,trevorstory,https://www.spotrac.com/mlb/player/_/id/18377/trevor-story,SS,33,10.000,,,2026 Injured List,2026 Injured List,Boston Red Sox Contracts,,,Free Agent,Free Agent,,23333333,,25000000,25000000,,,2022,2022,2028,6,140000000,23333333,596115,BOS,Injured 60-Day,true,https://www.spotrac.com/mlb/boston-red-sox/cash/_/year/2026 | https://www.spotrac.com/mlb/boston-red-sox/contracts | https://www.spotrac.com/mlb/boston-red-sox/tax/_/year/2026,,
2026-07-08T14:16:26+00:00,2026,BOS,Boston Red Sox,boston-red-sox,Triston Casas,tristoncasas,https://www.spotrac.com/mlb/player/_/id/26049/triston-casas,1B,26,3.032,,,2026 Injured List,2026 Injured List,Boston Red Sox Contracts,,,Arbitration 1,Arbitration,,1610000,,1610000,1610000,,,2026,2026,2026,1,1610000,1610000,671213,BOS,Injured 60-Day,true,https://www.spotrac.com/mlb/boston-red-sox/cash/_/year/2026 | https://www.spotrac.com/mlb/boston-red-sox/contracts | https://www.spotrac.com/mlb/boston-red-sox/tax/_/year/2026,,
2026-07-08T14:16:26+00:00,2026,BOS,Boston Red Sox,boston-red-sox,Tsung-Che Cheng,tsungchecheng,https://www.spotrac.com/mlb/player/_/id/86135/tsung-che-cheng,SS,24,0.010,,,2026 Active Roster,2026 Active Roster,Boston Red Sox Contracts,,,Pre-Arbitration,Pre-Arbitration,,387903,0.16,387903,387903,,,2026,2026,2026,1,780000,780000,691907,BOS,Active,true,https://www.spotrac.com/mlb/boston-red-sox/cash/_/year/2026 | https://www.spotrac.com/mlb/boston-red-sox/contracts | https://www.spotrac.com/mlb/boston-red-sox/tax/_/year/2026,,
2026-07-08T14:16:26+00:00,2026,BOS,Boston Red Sox,boston-red-sox,Tyler Samaniego,tylersamaniego,https://www.spotrac.com/mlb/player/_/id/73655/tyler-samaniego,RP,27,,,,2026 Minor,2026 Minor,,,,Pre-Arbitration,,,191866,0.08,191866,191866,,,,,,,,,701719,BOS,Reassigned to Minors,true,https://www.spotrac.com/mlb/boston-red-sox/cash/_/year/2026 | https://www.spotrac.com/mlb/boston-red-sox/tax/_/year/2026,not_found_on_contracts_page,
2026-07-08T14:16:26+00:00,2026,BOS,Boston Red Sox,boston-red-sox,Tyler Uberstine,tyleruberstine,https://www.spotrac.com/mlb/player/_/id/73947/tyler-uberstine,SP,27,,,,2026 Minor,2026 Minor,,,,Pre-Arbitration,,,12513,0.01,12513,12513,,,,,,,,,700413,BOS,Reassigned to Minors,true,https://www.spotrac.com/mlb/boston-red-sox/cash/_/year/2026 | https://www.spotrac.com/mlb/boston-red-sox/tax/_/year/2026,not_found_on_contracts_page,
2026-07-08T14:16:26+00:00,2026,BOS,Boston Red Sox,boston-red-sox,Willson Contreras,willsoncontreras,https://www.spotrac.com/mlb/player/_/id/18368/willson-contreras,1B,34,9.108,,,2026 Active Roster,2026 Active Roster,Boston Red Sox Contracts,,,Free Agent,Free Agent,,17250000,7.07,14000000,14000000,,,2023,2023,2028,5,87500000,17500000,575929,BOS,Active,true,https://www.spotrac.com/mlb/boston-red-sox/cash/_/year/2026 | https://www.spotrac.com/mlb/boston-red-sox/contracts | https://www.spotrac.com/mlb/boston-red-sox/tax/_/year/2026,,
2026-07-08T14:16:26+00:00,2026,BOS,Boston Red Sox,boston-red-sox,Wilneyker Bruce,wilneykerbruce,https://www.spotrac.com/mlb/player/_/id/105590/wilneyker-bruce,INF,17,,,,,2026 Signing Bonus,,,,,,,,,300000,,300000,,,,,,,,,,,false,https://www.spotrac.com/mlb/boston-red-sox/cash/_/year/2026,not_found_on_tax_page;not_found_on_contracts_page,
2026-07-08T14:16:26+00:00,2026,BOS,Boston Red Sox,boston-red-sox,Wilyer Abreu,wilyerabreu,https://www.spotrac.com/mlb/player/_/id/23911/wilyer-abreu,RF,27,2.041,,,2026 Active Roster,2026 Active Roster,Boston Red Sox Contracts,,,Pre-Arbitration,Pre-Arbitration,,810000,0.33,810000,810000,,,2026,2026,2026,1,810000,810000,677800,BOS,Active,true,https://www.spotrac.com/mlb/boston-red-sox/cash/_/year/2026 | https://www.spotrac.com/mlb/boston-red-sox/contracts | https://www.spotrac.com/mlb/boston-red-sox/tax/_/year/2026,,
2026-07-08T14:16:26+00:00,2026,BOS,Boston Red Sox,boston-red-sox,Yeider Pineda,yeiderpineda,https://www.spotrac.com/mlb/player/_/id/105588/yeider-pineda,P,17,,,,,2026 Signing Bonus,,,,,,,,,200000,,200000,,,,,,,,,,,false,https://www.spotrac.com/mlb/boston-red-sox/cash/_/year/2026,not_found_on_tax_page;not_found_on_contracts_page,
2026-07-08T14:16:26+00:00,2026,BOS,Boston Red Sox,boston-red-sox,Zack Kelly,zackkelly,https://www.spotrac.com/mlb/player/_/id/71369/zack-kelly,RP,31,2.134,,,2026 Minor,2026 Minor,,,,Pre-Arbitration,,,214865,0.09,214865,214865,,,,,,,,,677161,BOS,Reassigned to Minors,true,https://www.spotrac.com/mlb/boston-red-sox/cash/_/year/2026 | https://www.spotrac.com/mlb/boston-red-sox/tax/_/year/2026,not_found_on_contracts_page,
2026-07-08T14:16:26+00:00,2026,CHC,Chicago Cubs,chicago-cubs,Albert Moreno,albertmoreno,https://www.spotrac.com/mlb/player/_/id/105775/albert-moreno,OF,17,,,,,2026 Signing Bonus,,,,,,,,,50000,,50000,,,,,,,,,,,false,https://www.spotrac.com/mlb/chicago-cubs/cash/_/year/2026,not_found_on_tax_page;not_found_on_contracts_page,
2026-07-08T14:16:26+00:00,2026,CHC,Chicago Cubs,chicago-cubs,Alex Bregman,alexbregman,https://www.spotrac.com/mlb/player/_/id/17617/alex-bregman,3B,32,9.070,,,2026 Active Roster,2026 Active Roster,Chicago Cubs Contracts,,,Free Agent,Free Agent,,32500000,13.32,20000000,20000000,,,2026,2026,2030,5,175000000,35000000,608324,CHC,Active,true,https://www.spotrac.com/mlb/chicago-cubs/cash/_/year/2026 | https://www.spotrac.com/mlb/chicago-cubs/contracts | https://www.spotrac.com/mlb/chicago-cubs/tax/_/year/2026,,
2026-07-08T14:16:26+00:00,2026,CHC,Chicago Cubs,chicago-cubs,Anderson Carias,andersoncarias,https://www.spotrac.com/mlb/player/_/id/105825/anderson-carias,P,17,,,,,2026 Signing Bonus,,,,,,,,,80000,,80000,,,,,,,,,,,false,https://www.spotrac.com/mlb/chicago-cubs/cash/_/year/2026,not_found_on_tax_page;not_found_on_contracts_page,
2026-07-08T14:16:26+00:00,2026,CHC,Chicago Cubs,chicago-cubs,Andrew Kittredge,andrewkittredge,https://www.spotrac.com/mlb/player/_/id/24229/andrew-kittredge,RP,,7.070,,,2026 Retained,,,,,Retained,,,-317204,,,,,,,,,,,,552640,BAL,Active,true_other_team,https://www.spotrac.com/mlb/chicago-cubs/tax/_/year/2026,not_found_on_cash_page;not_found_on_contracts_page,
2026-07-08T14:16:26+00:00,2026,CHC,Chicago Cubs,chicago-cubs,Antoine Kelly,antoinekelly,https://www.spotrac.com/mlb/player/_/id/30463/antoine-kelly,RP,,,,,2026 Minor,,,,,Pre-Arbitration,,,,,,,,,,,,,,,681520,CHC,Reassigned to Minors,true,https://www.spotrac.com/mlb/chicago-cubs/tax/_/year/2026,missing_all_money_fields;not_found_on_cash_page;not_found_on_contracts_page,
2026-07-08T14:16:26+00:00,2026,CHC,Chicago Cubs,chicago-cubs,Ben Brown,benbrown,https://www.spotrac.com/mlb/player/_/id/79310/ben-brown,RP,26,1.169,,,2026 Injured List,2026 Injured List,Chicago Cubs Contracts,,,Pre-Arbitration,Pre-Arbitration,,800000,0.33,800000,800000,,,2026,2026,2026,1,800000,800000,676962,CHC,Injured 15-Day,true,https://www.spotrac.com/mlb/chicago-cubs/cash/_/year/2026 | https://www.spotrac.com/mlb/chicago-cubs/contracts | https://www.spotrac.com/mlb/chicago-cubs/tax/_/year/2026,,
2026-07-08T14:16:26+00:00,2026,CHC,Chicago Cubs,chicago-cubs,Bryse Wilson,brysewilson,https://www.spotrac.com/mlb/player/_/id/20114/bryse-wilson,RP,28,4.123,,,2026 Minor,2026 Minor,,,,Free Agent,,,45450,,45450,45450,,,,,,,,,,,,false,https://www.spotrac.com/mlb/chicago-cubs/cash/_/year/2026 | https://www.spotrac.com/mlb/chicago-cubs/tax/_/year/2026,not_found_on_contracts_page,
2026-07-08T14:16:26+00:00,2026,CHC,Chicago Cubs,chicago-cubs,Cade Horton,cadehorton,https://www.spotrac.com/mlb/player/_/id/78596/cade-horton,SP,24,0.142,,,2026 Injured List,2026 Injured List,Chicago Cubs Contracts,,,Pre-Arbitration,Pre-Arbitration,,817500,,817500,817500,,,2026,2026,2026,1,817500,817500,690990,CHC,Injured 60-Day,true,https://www.spotrac.com/mlb/chicago-cubs/cash/_/year/2026 | https://www.spotrac.com/mlb/chicago-cubs/contracts | https://www.spotrac.com/mlb/chicago-cubs/tax/_/year/2026,,
2026-07-08T14:16:26+00:00,2026,CHC,Chicago Cubs,chicago-cubs,Caleb Thielbar,calebthielbar,https://www.spotrac.com/mlb/player/_/id/14320/caleb-thielbar,RP,39,7.131,,,2026 Active Roster,2026 Active Roster,Chicago Cubs Contracts,,,Free Agent,Free Agent,,4500000,1.84,4000000,4000000,,,2026,2026,2027,1,4500000,4500000,573204,CHC,Active,true,https://www.spotrac.com/mlb/chicago-cubs/cash/_/year/2026 | https://www.spotrac.com/mlb/chicago-cubs/contracts | https://www.spotrac.com/mlb/chicago-cubs/tax/_/year/2026,,
2026-07-08T14:16:26+00:00,2026,CHC,Chicago Cubs,chicago-cubs,Carson Kelly,carsonkelly,https://www.spotrac.com/mlb/player/_/id/21046/carson-kelly,C,31,7.161,,,2026 Active Roster,2026 Active Roster,Chicago Cubs Contracts,,,Free Agent,Free Agent,,5750000,2.36,5000000,5000000,,,2025,2025,2027,2,11500000,5750000,608348,CHC,Active,true,https://www.spotrac.com/mlb/chicago-cubs/cash/_/year/2026 | https://www.spotrac.com/mlb/chicago-cubs/contracts | https://www.spotrac.com/mlb/chicago-cubs/tax/_/year/2026,,
2026-07-08T14:16:26+00:00,2026,CHC,Chicago Cubs,chicago-cubs,Charlie Barnes,charliebarnes,https://www.spotrac.com/mlb/player/_/id/23317/charlie-barnes,RP,30,0.037,,,2026 Dead Money,2026 Dead Money,,,,,,,46761,0.02,46761,46761,,,,,,,,,656212,LAD,Reassigned to Minors,true_other_team,https://www.spotrac.com/mlb/chicago-cubs/cash/_/year/2026 | https://www.spotrac.com/mlb/chicago-cubs/tax/_/year/2026,not_found_on_contracts_page,
2026-07-08T14:16:26+00:00,2026,CHC,Chicago Cubs,chicago-cubs,Cody Bellinger,codybellinger,https://www.spotrac.com/mlb/player/_/id/21735/cody-bellinger,CF,30,8.160,,,2026 Retained,2026 Retained,,,,Retained,,,2500000,,2500000,2500000,,,,,,,,,641355,NYY,Active,true_other_team,https://www.spotrac.com/mlb/chicago-cubs/cash/_/year/2026 | https://www.spotrac.com/mlb/chicago-cubs/tax/_/year/2026,not_found_on_contracts_page,
2026-07-08T14:16:26+00:00,2026,CHC,Chicago Cubs,chicago-cubs,Colin Rea,colinrea,https://www.spotrac.com/mlb/player/_/id/18111/colin-rea,SP,36,6.057,,,2026 Active Roster,2026 Active Roster,Chicago Cubs Contracts,,,Extension,Extension,,5750000,2.36,5500000,5500000,,,2026,2026,2027,1,6500000,6500000,607067,CHC,Active,true,https://www.spotrac.com/mlb/chicago-cubs/cash/_/year/2026 | https://www.spotrac.com/mlb/chicago-cubs/contracts | https://www.spotrac.com/mlb/chicago-cubs/tax/_/year/2026,,
2026-07-08T14:16:26+00:00,2026,CHC,Chicago Cubs,chicago-cubs,Corbin Martin,corbinmartin,https://www.spotrac.com/mlb/player/_/id/23265/corbin-martin,RP,30,2.146,,,2026 Minor,2026 Minor,,,,Free Agent,,,81282,,81282,81282,,,,,,,,,,,,false,https://www.spotrac.com/mlb/chicago-cubs/cash/_/year/2026 | https://www.spotrac.com/mlb/chicago-cubs/tax/_/year/2026,not_found_on_contracts_page,
2026-07-08T14:16:26+00:00,2026,CHC,Chicago Cubs,chicago-cubs,D'Alessandro Barile,dalessandrobarile,https://www.spotrac.com/mlb/player/_/id/105830/dalessandro-barile,SS,16,,,,,2026 Signing Bonus,,,,,,,,,10000,,10000,,,,,,,,,,,false,https://www.spotrac.com/mlb/chicago-cubs/cash/_/year/2026,not_found_on_tax_page;not_found_on_contracts_page,
2026-07-08T14:16:26+00:00,2026,CHC,Chicago Cubs,chicago-cubs,Daniel Palencia,danielpalencia,https://www.spotrac.com/mlb/player/_/id/84756/daniel-palencia,RP,26,1.154,,,2026 Injured List,2026 Injured List,Chicago Cubs Contracts,,,Pre-Arbitration,Pre-Arbitration,,808000,0.33,808000,808000,,,2026,2026,2026,1,808000,808000,694037,CHC,Injured 15-Day,true,https://www.spotrac.com/mlb/chicago-cubs/cash/_/year/2026 | https://www.spotrac.com/mlb/chicago-cubs/contracts | https://www.spotrac.com/mlb/chicago-cubs/tax/_/year/2026,,
2026-07-08T14:16:26+00:00,2026,CHC,Chicago Cubs,chicago-cubs,Dansby Swanson,dansbyswanson,https://www.spotrac.com/mlb/player/_/id/17616/dansby-swanson,SS,32,9.047,,,2026 Active Roster,2026 Active Roster,Chicago Cubs Contracts,,,Free Agent,Free Agent,,25285714,10.36,27000000,27000000,,,2023,2023,2029,7,177000000,25285714,621020,CHC,Active,true,https://www.spotrac.com/mlb/chicago-cubs/cash/_/year/2026 | https://www.spotrac.com/mlb/chicago-cubs/contracts | https://www.spotrac.com/mlb/chicago-cubs/tax/_/year/2026,,
2026-07-08T14:16:26+00:00,2026,CHC,Chicago Cubs,chicago-cubs,David Peterson,davidpeterson,https://www.spotrac.com/mlb/player/_/id/23229/david-peterson,SP,30,5.089,,,2026 Active Roster,2026 Active Roster,Chicago Cubs Contracts,,,Arbitration 3,Arbitration,,4071704,1.67,4071704,4071704,,,2026,2026,2026,1,8100000,8100000,656849,CHC,Active,true,https://www.spotrac.com/mlb/chicago-cubs/cash/_/year/2026 | https://www.spotrac.com/mlb/chicago-cubs/contracts | https://www.spotrac.com/mlb/chicago-cubs/tax/_/year/2026,,
2026-07-08T14:16:26+00:00,2026,CHC,Chicago Cubs,chicago-cubs,Diego Hernandez,diegohernandez,https://www.spotrac.com/mlb/player/_/id/105821/diego-hernandez,SS,17,,,,,2026 Signing Bonus,,,,,,,,,10000,,10000,,,,,,,,,,,false,https://www.spotrac.com/mlb/chicago-cubs/cash/_/year/2026,not_found_on_tax_page;not_found_on_contracts_page,
2026-07-08T14:16:26+00:00,2026,CHC,Chicago Cubs,chicago-cubs,Drew Pomeranz,drewpomeranz,https://www.spotrac.com/mlb/player/_/id/8709/drew-pomeranz,RP,37,12.008,,,2026 Active Roster,2026 Active Roster,Chicago Cubs Contracts,,,Free Agent,Free Agent,,390870,0.16,390870,390870,,,2026,2026,2026,1,850000,850000,519141,CHC,Active,true,https://www.spotrac.com/mlb/chicago-cubs/cash/_/year/2026 | https://www.spotrac.com/mlb/chicago-cubs/contracts | https://www.spotrac.com/mlb/chicago-cubs/tax/_/year/2026,,
2026-07-08T14:16:26+00:00,2026,CHC,Chicago Cubs,chicago-cubs,Dylan Carlson,dylancarlson,https://www.spotrac.com/mlb/player/_/id/19940/dylan-carlson,LF,27,5.067,,,2026 Minor,2026 Minor,,,,Free Agent,,,2000000,,2000000,2000000,,,,,,,,,,,,false,https://www.spotrac.com/mlb/chicago-cubs/cash/_/year/2026 | https://www.spotrac.com/mlb/chicago-cubs/tax/_/year/2026,not_found_on_contracts_page,
2026-07-08T14:16:26+00:00,2026,CHC,Chicago Cubs,chicago-cubs,Eduardo Gonzalez,eduardogonzalez,https://www.spotrac.com/mlb/player/_/id/105355/eduardo-gonzalez,SS,17,,,,,2026 Signing Bonus,,,,,,,,,800000,,800000,,,,,,,,,,,false,https://www.spotrac.com/mlb/chicago-cubs/cash/_/year/2026,not_found_on_tax_page;not_found_on_contracts_page,
2026-07-08T14:16:26+00:00,2026,CHC,Chicago Cubs,chicago-cubs,Eduarniel Nunez,eduarnielnunez,https://www.spotrac.com/mlb/player/_/id/21654/eduarniel-nunez,RP,27,,,,,2026 Minor,,,,,,,,,780000,780000,,,,,,,,,,,,false,https://www.spotrac.com/mlb/chicago-cubs/cash/_/year/2026,not_found_on_tax_page;not_found_on_contracts_page,
2026-07-08T14:16:26+00:00,2026,CHC,Chicago Cubs,chicago-cubs,Edward Cabrera,edwardcabrera,https://www.spotrac.com/mlb/player/_/id/35703/edward-cabrera,SP,28,3.147,,,2026 Injured List,2026 Injured List,Chicago Cubs Contracts,,,Arbitration 2 Super Two,Arbitration,,4450000,1.82,4450000,4450000,,,2026,2026,2026,1,4450000,4450000,665795,CHC,Injured 15-Day,true,https://www.spotrac.com/mlb/chicago-cubs/cash/_/year/2026 | https://www.spotrac.com/mlb/chicago-cubs/contracts | https://www.spotrac.com/mlb/chicago-cubs/tax/_/year/2026,,
2026-07-08T14:16:26+00:00,2026,CHC,Chicago Cubs,chicago-cubs,Enrique Oropeza,enriqueoropeza,https://www.spotrac.com/mlb/player/_/id/105776/enrique-oropeza,OF,17,,,,,2026 Signing Bonus,,,,,,,,,55000,,55000,,,,,,,,,,,false,https://www.spotrac.com/mlb/chicago-cubs/cash/_/year/2026,not_found_on_tax_page;not_found_on_contracts_page,
2026-07-08T14:16:26+00:00,2026,CHC,Chicago Cubs,chicago-cubs,Esau Taveras,esautaveras,https://www.spotrac.com/mlb/player/_/id/105757/esau-taveras,SS,17,,,,,2026 Signing Bonus,,,,,,,,,400000,,400000,,,,,,,,,,,false,https://www.spotrac.com/mlb/chicago-cubs/cash/_/year/2026,not_found_on_tax_page;not_found_on_contracts_page,
2026-07-08T14:16:26+00:00,2026,CHC,Chicago Cubs,chicago-cubs,Ethan Roberts,ethanroberts,https://www.spotrac.com/mlb/player/_/id/26157/ethan-roberts,RP,28,2.131,,,2026 Injured List,2026 Injured List,Chicago Cubs Contracts,,,Pre-Arbitration,Pre-Arbitration,,692830,0.28,692830,692830,,,2026,2026,2026,1,820000,820000,681799,CHC,Injured 15-Day,true,https://www.spotrac.com/mlb/chicago-cubs/cash/_/year/2026 | https://www.spotrac.com/mlb/chicago-cubs/contracts | https://www.spotrac.com/mlb/chicago-cubs/tax/_/year/2026,,
2026-07-08T14:16:26+00:00,2026,CHC,Chicago Cubs,chicago-cubs,Franyel Almanzar,franyelalmanzar,https://www.spotrac.com/mlb/player/_/id/105357/franyel-almanzar,SS,16,,,,,2026 Signing Bonus,,,,,,,,,500000,,500000,,,,,,,,,,,false,https://www.spotrac.com/mlb/chicago-cubs/cash/_/year/2026,not_found_on_tax_page;not_found_on_contracts_page,
2026-07-08T14:16:26+00:00,2026,CHC,Chicago Cubs,chicago-cubs,Gavin Hollowell,gavinhollowell,https://www.spotrac.com/mlb/player/_/id/31129/gavin-hollowell,RP,28,0.110,,,2026 Active Roster,2026 Active Roster,Chicago Cubs Contracts,,,Pre-Arbitration,Pre-Arbitration,,412929,0.17,412929,412929,,,2026,2026,2026,1,780000,780000,668970,CHC,Active,true,https://www.spotrac.com/mlb/chicago-cubs/cash/_/year/2026 | https://www.spotrac.com/mlb/chicago-cubs/contracts | https://www.spotrac.com/mlb/chicago-cubs/tax/_/year/2026,,
2026-07-08T14:16:26+00:00,2026,CHC,Chicago Cubs,chicago-cubs,Giancarlos Mendoza,giancarlosmendoza,https://www.spotrac.com/mlb/player/_/id/105828/giancarlos-mendoza,SS,17,,,,,2026 Signing Bonus,,,,,,,,,25000,,25000,,,,,,,,,,,false,https://www.spotrac.com/mlb/chicago-cubs/cash/_/year/2026,not_found_on_tax_page;not_found_on_contracts_page,
2026-07-08T14:16:26+00:00,2026,CHC,Chicago Cubs,chicago-cubs,Hoby Milner,hobymilner,https://www.spotrac.com/mlb/player/_/id/21335/hoby-milner,RP,35,6.068,,,2026 Injured List,2026 Injured List,Chicago Cubs Contracts,,,Free Agent,Free Agent,,3750000,1.54,3750000,3750000,,,2026,2026,2026,1,3750000,3750000,571948,CHC,Injured 15-Day,true,https://www.spotrac.com/mlb/chicago-cubs/cash/_/year/2026 | https://www.spotrac.com/mlb/chicago-cubs/contracts | https://www.spotrac.com/mlb/chicago-cubs/tax/_/year/2026,,
2026-07-08T14:16:26+00:00,2026,CHC,Chicago Cubs,chicago-cubs,Hunter Harvey,hunterharvey,https://www.spotrac.com/mlb/player/_/id/18492/hunter-harvey,RP,31,6.047,,,2026 Injured List,2026 Injured List,Chicago Cubs Contracts,,,Free Agent,Free Agent,,6000000,,5000000,5000000,,,2026,2026,2027,1,6000000,6000000,640451,CHC,Injured 60-Day,true,https://www.spotrac.com/mlb/chicago-cubs/cash/_/year/2026 | https://www.spotrac.com/mlb/chicago-cubs/contracts | https://www.spotrac.com/mlb/chicago-cubs/tax/_/year/2026,,
2026-07-08T14:16:26+00:00,2026,CHC,Chicago Cubs,chicago-cubs,Ian Happ,ianhapp,https://www.spotrac.com/mlb/player/_/id/17624/ian-happ,LF,31,8.036,,,2026 Active Roster,2026 Active Roster,Chicago Cubs Contracts,,,Extension,Extension,,20333333,8.33,18000000,18000000,,,2024,2024,2026,3,61000000,20333333,664023,CHC,Active,true,https://www.spotrac.com/mlb/chicago-cubs/cash/_/year/2026 | https://www.spotrac.com/mlb/chicago-cubs/contracts | https://www.spotrac.com/mlb/chicago-cubs/tax/_/year/2026,,
2026-07-08T14:16:26+00:00,2026,CHC,Chicago Cubs,chicago-cubs,Jacob Webb,jacobwebb,https://www.spotrac.com/mlb/player/_/id/28151/jacob-webb,RP,32,5.046,,,2026 Active Roster,2026 Active Roster,Chicago Cubs Contracts,,,Free Agent,Free Agent,,1500000,0.61,1625000,1500000,,,2026,2026,2027,1,1500000,1500000,657097,CHC,Active,true,https://www.spotrac.com/mlb/chicago-cubs/cash/_/year/2026 | https://www.spotrac.com/mlb/chicago-cubs/contracts | https://www.spotrac.com/mlb/chicago-cubs/tax/_/year/2026,,
2026-07-08T14:16:26+00:00,2026,CHC,Chicago Cubs,chicago-cubs,Jaims Martinez,jaimsmartinez,https://www.spotrac.com/mlb/player/_/id/105353/jaims-martinez,SS,17,,,,,2026 Signing Bonus,,,,,,,,,900000,,900000,,,,,,,,,,,false,https://www.spotrac.com/mlb/chicago-cubs/cash/_/year/2026,not_found_on_tax_page;not_found_on_contracts_page,
2026-07-08T14:16:26+00:00,2026,CHC,Chicago Cubs,chicago-cubs,Jake Woodford,jakewoodford,https://www.spotrac.com/mlb/player/_/id/20521/jake-woodford,RP,29,4.008,,,2026 Active Roster,2026 Active Roster,Chicago Cubs Contracts,,,Free Agent,Free Agent,,386325,0.16,386325,386325,,,2026,2026,2026,1,850000,850000,663765,CHC,Active,true,https://www.spotrac.com/mlb/chicago-cubs/cash/_/year/2026 | https://www.spotrac.com/mlb/chicago-cubs/contracts | https://www.spotrac.com/mlb/chicago-cubs/tax/_/year/2026,,
2026-07-08T14:16:26+00:00,2026,CHC,Chicago Cubs,chicago-cubs,James Triantos,jamestriantos,https://www.spotrac.com/mlb/player/_/id/73318/james-triantos,3B,,,,,2026 Minor,,,,,Pre-Arbitration,,,,,,,,,,,,,,,701649,CHC,Reassigned to Minors,true,https://www.spotrac.com/mlb/chicago-cubs/tax/_/year/2026,missing_all_money_fields;not_found_on_cash_page;not_found_on_contracts_page,
2026-07-08T14:16:26+00:00,2026,CHC,Chicago Cubs,chicago-cubs,Jameson Taillon,jamesontaillon,https://www.spotrac.com/mlb/player/_/id/16579/jameson-taillon,SP,34,9.110,,,2026 Injured List,2026 Injured List,Chicago Cubs Contracts,,,Free Agent,Free Agent,,17000000,6.97,18000000,18000000,,,2023,2023,2026,4,68000000,17000000,592791,CHC,Injured 15-Day,true,https://www.spotrac.com/mlb/chicago-cubs/cash/_/year/2026 | https://www.spotrac.com/mlb/chicago-cubs/contracts | https://www.spotrac.com/mlb/chicago-cubs/tax/_/year/2026,,
2026-07-08T14:16:26+00:00,2026,CHC,Chicago Cubs,chicago-cubs,Jason Heyward,jasonheyward,https://www.spotrac.com/mlb/player/_/id/7231/jason-heyward,RF,36,,,,,2026 Deferred,,,,,,,,,5000000,,5000000,,,,,,,,,,,false,https://www.spotrac.com/mlb/chicago-cubs/cash/_/year/2026,not_found_on_tax_page;not_found_on_contracts_page,
2026-07-08T14:16:26+00:00,2026,CHC,Chicago Cubs,chicago-cubs,Javier Assad,javierassad,https://www.spotrac.com/mlb/player/_/id/79696/javier-assad,SP,28,3.027,,,2026 Active Roster,2026 Active Roster,Chicago Cubs Contracts,,,Arbitration 1,Arbitration,,1800000,0.74,1800000,1800000,,,2026,2026,2026,1,1800000,1800000,665871,CHC,Active,true,https://www.spotrac.com/mlb/chicago-cubs/cash/_/year/2026 | https://www.spotrac.com/mlb/chicago-cubs/contracts | https://www.spotrac.com/mlb/chicago-cubs/tax/_/year/2026,,
2026-07-08T14:16:26+00:00,2026,CHC,Chicago Cubs,chicago-cubs,Jayden Murray,jaydenmurray,https://www.spotrac.com/mlb/player/_/id/32147/jayden-murray,RP,29,0.026,,,2026 Minor,2026 Minor,,,,Pre-Arbitration,,,16684,0.01,16684,16684,,,,,,,,,681151,CHC,Reassigned to Minors,true,https://www.spotrac.com/mlb/chicago-cubs/cash/_/year/2026 | https://www.spotrac.com/mlb/chicago-cubs/tax/_/year/2026,not_found_on_contracts_page,
2026-07-08T14:16:26+00:00,2026,CHC,Chicago Cubs,chicago-cubs,Jhosued Marcano,jhosuedmarcano,https://www.spotrac.com/mlb/player/_/id/105818/jhosued-marcano,P,17,,,,,2026 Signing Bonus,,,,,,,,,10000,,10000,,,,,,,,,,,false,https://www.spotrac.com/mlb/chicago-cubs/cash/_/year/2026,not_found_on_tax_page;not_found_on_contracts_page,
2026-07-08T14:16:26+00:00,2026,CHC,Chicago Cubs,chicago-cubs,Johan Geraldo,johangeraldo,https://www.spotrac.com/mlb/player/_/id/105356/johan-geraldo,SS,17,,,,,2026 Signing Bonus,,,,,,,,,600000,,600000,,,,,,,,,,,false,https://www.spotrac.com/mlb/chicago-cubs/cash/_/year/2026,not_found_on_tax_page;not_found_on_contracts_page,
2026-07-08T14:16:26+00:00,2026,CHC,Chicago Cubs,chicago-cubs,Jordan Wicks,jordanwicks,https://www.spotrac.com/mlb/player/_/id/73283/jordan-wicks,SP,26,1.070,,,2026 Minor,2026 Minor,,,,Pre-Arbitration,,,58898,0.02,58898,58898,,,,,,,,,696136,CHC,Reassigned to Minors,true,https://www.spotrac.com/mlb/chicago-cubs/cash/_/year/2026 | https://www.spotrac.com/mlb/chicago-cubs/tax/_/year/2026,not_found_on_contracts_page,
2026-07-08T14:16:26+00:00,2026,CHC,Chicago Cubs,chicago-cubs,Jose Avendano,joseavendano,https://www.spotrac.com/mlb/player/_/id/105826/jose-avendano,P,17,,,,,2026 Signing Bonus,,,,,,,,,30000,,30000,,,,,,,,,,,false,https://www.spotrac.com/mlb/chicago-cubs/cash/_/year/2026,not_found_on_tax_page;not_found_on_contracts_page,
2026-07-08T14:16:26+00:00,2026,CHC,Chicago Cubs,chicago-cubs,Jose Luis Montero,joseluismontero,https://www.spotrac.com/mlb/player/_/id/105876/jose-luis-montero,OF,,,,,,2026 Signing Bonus,,,,,,,,,60000,,60000,,,,,,,,,,,false,https://www.spotrac.com/mlb/chicago-cubs/cash/_/year/2026,not_found_on_tax_page;not_found_on_contracts_page,
2026-07-08T14:16:26+00:00,2026,CHC,Chicago Cubs,chicago-cubs,Jose Serva,joseserva,https://www.spotrac.com/mlb/player/_/id/105827/jose-serva,P,17,,,,,2026 Signing Bonus,,,,,,,,,30000,,30000,,,,,,,,,,,false,https://www.spotrac.com/mlb/chicago-cubs/cash/_/year/2026,not_found_on_tax_page;not_found_on_contracts_page,
2026-07-08T14:16:26+00:00,2026,CHC,Chicago Cubs,chicago-cubs,Justin Dean,justindean,https://www.spotrac.com/mlb/player/_/id/26671/justin-dean,OF,29,0.052,,,2026 Active Roster,2026 Active Roster,Chicago Cubs Contracts,,,Pre-Arbitration,Pre-Arbitration,,417100,0.17,417100,417100,,,2026,2026,2026,1,780000,780000,681909,CHC,Active,true,https://www.spotrac.com/mlb/chicago-cubs/cash/_/year/2026 | https://www.spotrac.com/mlb/chicago-cubs/contracts | https://www.spotrac.com/mlb/chicago-cubs/tax/_/year/2026,,
2026-07-08T14:16:26+00:00,2026,CHC,Chicago Cubs,chicago-cubs,Justin Steele,justinsteele,https://www.spotrac.com/mlb/player/_/id/28183/justin-steele,SP,30,4.143,,,2026 Injured List,2026 Injured List,Chicago Cubs Contracts,,,Arbitration 3 Super Two,Arbitration,,6775000,,6775000,6775000,,,2026,2026,2026,1,6775000,6775000,657006,CHC,Injured 60-Day,true,https://www.spotrac.com/mlb/chicago-cubs/cash/_/year/2026 | https://www.spotrac.com/mlb/chicago-cubs/contracts | https://www.spotrac.com/mlb/chicago-cubs/tax/_/year/2026,,
2026-07-08T14:16:26+00:00,2026,CHC,Chicago Cubs,chicago-cubs,Kevin Alcantara,kevinalcantara,https://www.spotrac.com/mlb/player/_/id/27666/kevin-alcantara,OF,23,0.033,,,2026 Active Roster,2026 Active Roster,Chicago Cubs Contracts,,,Pre-Arbitration,Pre-Arbitration,,446297,0.18,446297,446297,,,2026,2026,2026,1,780000,780000,682634,CHC,Active,true,https://www.spotrac.com/mlb/chicago-cubs/cash/_/year/2026 | https://www.spotrac.com/mlb/chicago-cubs/contracts | https://www.spotrac.com/mlb/chicago-cubs/tax/_/year/2026,,
2026-07-08T14:16:26+00:00,2026,CHC,Chicago Cubs,chicago-cubs,Kotaro Tsunematsu,kotarotsunematsu,https://www.spotrac.com/mlb/player/_/id/105819/kotaro-tsunematsu,OF,22,,,,,2026 Signing Bonus,,,,,,,,,10000,,10000,,,,,,,,,,,false,https://www.spotrac.com/mlb/chicago-cubs/cash/_/year/2026,not_found_on_tax_page;not_found_on_contracts_page,
2026-07-08T14:16:26+00:00,2026,CHC,Chicago Cubs,chicago-cubs,Luciano Prince,lucianoprince,https://www.spotrac.com/mlb/player/_/id/105824/luciano-prince,P,17,,,,,2026 Signing Bonus,,,,,,,,,30000,,30000,,,,,,,,,,,false,https://www.spotrac.com/mlb/chicago-cubs/cash/_/year/2026,not_found_on_tax_page;not_found_on_contracts_page,
2026-07-08T14:16:26+00:00,2026,CHC,Chicago Cubs,chicago-cubs,Luis Diaz,luisdiaz,https://www.spotrac.com/mlb/player/_/id/105822/luis-diaz,OF,17,,,,,2026 Signing Bonus,,,,,,,,,20000,,20000,,,,,,,,,,,false,https://www.spotrac.com/mlb/chicago-cubs/cash/_/year/2026,not_found_on_tax_page;not_found_on_contracts_page,
2026-07-08T14:16:26+00:00,2026,CHC,Chicago Cubs,chicago-cubs,Luis German,luisgerman,https://www.spotrac.com/mlb/player/_/id/105802/luis-german,SS,16,,,,,2026 Signing Bonus,,,,,,,,,325000,,325000,,,,,,,,,,,false,https://www.spotrac.com/mlb/chicago-cubs/cash/_/year/2026,not_found_on_tax_page;not_found_on_contracts_page,
2026-07-08T14:16:26+00:00,2026,CHC,Chicago Cubs,chicago-cubs,Luis Martinez,luismartinez,https://www.spotrac.com/mlb/player/_/id/105820/luis-martinez,P,19,,,,,2026 Signing Bonus,,,,,,,,,10000,,10000,,,,,,,,,,,false,https://www.spotrac.com/mlb/chicago-cubs/cash/_/year/2026,not_found_on_tax_page;not_found_on_contracts_page,
2026-07-08T14:16:26+00:00,2026,CHC,Chicago Cubs,chicago-cubs,Luis Peralta,luisperalta,https://www.spotrac.com/mlb/player/_/id/88001/luis-peralta,RP,25,,,,,2026 Minor,,,,,,,,,780000,780000,,,,,,,,,,,,false,https://www.spotrac.com/mlb/chicago-cubs/cash/_/year/2026,not_found_on_tax_page;not_found_on_contracts_page,
2026-07-08T14:16:26+00:00,2026,CHC,Chicago Cubs,chicago-cubs,Luis Thomas,luisthomas,https://www.spotrac.com/mlb/player/_/id/105359/luis-thomas,SS,17,,,,,2026 Signing Bonus,,,,,,,,,250000,,250000,,,,,,,,,,,false,https://www.spotrac.com/mlb/chicago-cubs/cash/_/year/2026,not_found_on_tax_page;not_found_on_contracts_page,
2026-07-08T14:16:26+00:00,2026,CHC,Chicago Cubs,chicago-cubs,Luke Little,lukelittle,https://www.spotrac.com/mlb/player/_/id/48473/luke-little,RP,25,1.024,,,2026 Minor,2026 Minor,,,,Pre-Arbitration,,,33368,0.01,33368,33368,,,,,,,,,681432,CHC,Reassigned to Minors,true,https://www.spotrac.com/mlb/chicago-cubs/cash/_/year/2026 | https://www.spotrac.com/mlb/chicago-cubs/tax/_/year/2026,not_found_on_contracts_page,
2026-07-08T14:16:26+00:00,2026,CHC,Chicago Cubs,chicago-cubs,Marcos Mateo,marcosmateo,https://www.spotrac.com/mlb/player/_/id/105831/marcos-mateo,SS,17,,,,,2026 Signing Bonus,,,,,,,,,70000,,70000,,,,,,,,,,,false,https://www.spotrac.com/mlb/chicago-cubs/cash/_/year/2026,not_found_on_tax_page;not_found_on_contracts_page,
2026-07-08T14:16:26+00:00,2026,CHC,Chicago Cubs,chicago-cubs,Matt Shaw,mattshaw,https://www.spotrac.com/mlb/player/_/id/84452/matt-shaw,3B,24,0.162,,,2026 Injured List,2026 Injured List,Chicago Cubs Contracts,,,Pre-Arbitration,Pre-Arbitration,,804500,0.33,804500,804500,,,2026,2026,2026,1,804500,804500,807713,CHC,Injured 10-Day,true,https://www.spotrac.com/mlb/chicago-cubs/cash/_/year/2026 | https://www.spotrac.com/mlb/chicago-cubs/contracts | https://www.spotrac.com/mlb/chicago-cubs/tax/_/year/2026,,
2026-07-08T14:16:26+00:00,2026,CHC,Chicago Cubs,chicago-cubs,Matthew Boyd,matthewboyd,https://www.spotrac.com/mlb/player/_/id/17903/matthew-boyd,SP,35,9.057,,,2026 Active Roster,2026 Active Roster,Chicago Cubs Contracts,,,Free Agent,Free Agent,,14500000,5.94,14500000,14500000,,,2025,2025,2027,2,29000000,14500000,571510,CHC,Active,true,https://www.spotrac.com/mlb/chicago-cubs/cash/_/year/2026 | https://www.spotrac.com/mlb/chicago-cubs/contracts | https://www.spotrac.com/mlb/chicago-cubs/tax/_/year/2026,,
2026-07-08T14:16:26+00:00,2026,CHC,Chicago Cubs,chicago-cubs,Michael Busch,michaelbusch,https://www.spotrac.com/mlb/player/_/id/30429/michael-busch,1B,28,2.045,,,2026 Active Roster,2026 Active Roster,Chicago Cubs Contracts,,,Pre-Arbitration,Pre-Arbitration,,860000,0.35,860000,860000,,,2026,2026,2026,1,860000,860000,683737,CHC,Active,true,https://www.spotrac.com/mlb/chicago-cubs/cash/_/year/2026 | https://www.spotrac.com/mlb/chicago-cubs/contracts | https://www.spotrac.com/mlb/chicago-cubs/tax/_/year/2026,,
2026-07-08T14:16:26+00:00,2026,CHC,Chicago Cubs,chicago-cubs,Michael Conforto,michaelconforto,https://www.spotrac.com/mlb/player/_/id/17687/michael-conforto,RF,33,9.043,,,2026 Active Roster,2026 Active Roster,Chicago Cubs Contracts,,,Free Agent,Free Agent,,2000000,0.82,2000000,2000000,,,2026,2026,2026,1,2000000,2000000,624424,CHC,Active,true,https://www.spotrac.com/mlb/chicago-cubs/cash/_/year/2026 | https://www.spotrac.com/mlb/chicago-cubs/contracts | https://www.spotrac.com/mlb/chicago-cubs/tax/_/year/2026,,
2026-07-08T14:16:26+00:00,2026,CHC,Chicago Cubs,chicago-cubs,Miguel Amaya,miguelamaya,https://www.spotrac.com/mlb/player/_/id/29147/miguel-amaya,C,27,2.130,,,2026 Active Roster,2026 Active Roster,Chicago Cubs Contracts,,,Pre-Arbitration,Pre-Arbitration,,808500,0.33,808500,808500,,,2026,2026,2026,1,808500,808500,665804,CHC,Active,true,https://www.spotrac.com/mlb/chicago-cubs/cash/_/year/2026 | https://www.spotrac.com/mlb/chicago-cubs/contracts | https://www.spotrac.com/mlb/chicago-cubs/tax/_/year/2026,,
2026-07-08T14:16:26+00:00,2026,CHC,Chicago Cubs,chicago-cubs,Moisés Ballesteros,moisesballesteros,https://www.spotrac.com/mlb/player/_/id/86875/mois%C3%A9s-ballesteros,C,22,0.030,,,2026 Minor,2026 Minor,,,,Pre-Arbitration,,,362146,0.15,362146,362146,,,,,,,,,694208,CHC,Reassigned to Minors,true,https://www.spotrac.com/mlb/chicago-cubs/cash/_/year/2026 | https://www.spotrac.com/mlb/chicago-cubs/tax/_/year/2026,not_found_on_contracts_page,
2026-07-08T14:16:26+00:00,2026,CHC,Chicago Cubs,chicago-cubs,Naikys Piedra,naikyspiedra,https://www.spotrac.com/mlb/player/_/id/105879/naikys-piedra,P,24,,,,,2026 Signing Bonus,,,,,,,,,10000,,10000,,,,,,,,,,,false,https://www.spotrac.com/mlb/chicago-cubs/cash/_/year/2026,not_found_on_tax_page;not_found_on_contracts_page,
2026-07-08T14:16:26+00:00,2026,CHC,Chicago Cubs,chicago-cubs,Nicky Lopez,nickylopez,https://www.spotrac.com/mlb/player/_/id/20103/nicky-lopez,SS,31,6.021,,,2026 Dead Money,2026 Dead Money,,,,,,,232609,0.10,232609,232609,,,,,,,,,670032,TEX,Active,true_other_team,https://www.spotrac.com/mlb/chicago-cubs/cash/_/year/2026 | https://www.spotrac.com/mlb/chicago-cubs/tax/_/year/2026,not_found_on_contracts_page,
2026-07-08T14:16:26+00:00,2026,CHC,Chicago Cubs,chicago-cubs,Nico Hoerner,nicohoerner,https://www.spotrac.com/mlb/player/_/id/26047/nico-hoerner,2B,29,6.014,,,2026 Active Roster,2026 Active Roster,Chicago Cubs Contracts,,,Extension,Extension,,11666667,4.78,17000000,12000000,5000000,,2027,2027,2032,6,141000000,23500000,663538,CHC,Active,true,https://www.spotrac.com/mlb/chicago-cubs/cash/_/year/2026 | https://www.spotrac.com/mlb/chicago-cubs/contracts | https://www.spotrac.com/mlb/chicago-cubs/tax/_/year/2026,,
2026-07-08T14:16:26+00:00,2026,CHC,Chicago Cubs,chicago-cubs,Oswal Hernandez,oswalhernandez,https://www.spotrac.com/mlb/player/_/id/105877/oswal-hernandez,P,16,,,,,2026 Signing Bonus,,,,,,,,,10000,,10000,,,,,,,,,,,false,https://www.spotrac.com/mlb/chicago-cubs/cash/_/year/2026,not_found_on_tax_page;not_found_on_contracts_page,
2026-07-08T14:16:26+00:00,2026,CHC,Chicago Cubs,chicago-cubs,Pedro Ramirez,pedroramirez,https://www.spotrac.com/mlb/player/_/id/86885/pedro-ramirez,SS,22,,,,2026 Active Roster,2026 Active Roster,Chicago Cubs Contracts,,,Pre-Arbitration,Pre-Arbitration,,533888,0.22,533888,533888,,,2026,2026,2026,1,780000,780000,699393,CHC,Active,true,https://www.spotrac.com/mlb/chicago-cubs/cash/_/year/2026 | https://www.spotrac.com/mlb/chicago-cubs/contracts | https://www.spotrac.com/mlb/chicago-cubs/tax/_/year/2026,,
2026-07-08T14:16:26+00:00,2026,CHC,Chicago Cubs,chicago-cubs,Pete Crow-Armstrong,petecrowarmstrong,https://www.spotrac.com/mlb/player/_/id/48373/pete-crow-armstrong,CF,24,1.170,,,2026 Active Roster,2026 Active Roster,Chicago Cubs Contracts,,,Extension Pre-Arbitration,Extension Pre-Arbitration,,894000,0.37,5894000,894000,5000000,,2026,2026,2031,6,115000000,19166667,691718,CHC,Active,true,https://www.spotrac.com/mlb/chicago-cubs/cash/_/year/2026 | https://www.spotrac.com/mlb/chicago-cubs/contracts | https://www.spotrac.com/mlb/chicago-cubs/tax/_/year/2026,,
2026-07-08T14:16:26+00:00,2026,CHC,Chicago Cubs,chicago-cubs,Phil Maton,philmaton,https://www.spotrac.com/mlb/player/_/id/23083/phil-maton,RP,33,8.047,,,2026 Injured List,2026 Injured List,Chicago Cubs Contracts,,,Free Agent,Free Agent,,7250000,2.97,5500000,5500000,,,2026,2026,2028,2,14500000,7250000,664208,CHC,Injured 15-Day,true,https://www.spotrac.com/mlb/chicago-cubs/cash/_/year/2026 | https://www.spotrac.com/mlb/chicago-cubs/contracts | https://www.spotrac.com/mlb/chicago-cubs/tax/_/year/2026,,
2026-07-08T14:16:26+00:00,2026,CHC,Chicago Cubs,chicago-cubs,Porter Hodge,porterhodge,https://www.spotrac.com/mlb/player/_/id/31385/porter-hodge,RP,25,1.117,,,2026 Injured List,2026 Injured List,,,,Pre-Arbitration,,,800000,,800000,800000,,,,,,,,,687863,CHC,Injured 60-Day,true,https://www.spotrac.com/mlb/chicago-cubs/cash/_/year/2026 | https://www.spotrac.com/mlb/chicago-cubs/tax/_/year/2026,not_found_on_contracts_page,
2026-07-08T14:16:26+00:00,2026,CHC,Chicago Cubs,chicago-cubs,Riley Martin,rileymartin,https://www.spotrac.com/mlb/player/_/id/73446/riley-martin,RP,28,,,,2026 Injured List,2026 Injured List,Chicago Cubs Contracts,,,Pre-Arbitration,Pre-Arbitration,,729947,,729946,729947,,,2026,2026,2026,1,780000,780000,702303,CHC,Injured 60-Day,true,https://www.spotrac.com/mlb/chicago-cubs/cash/_/year/2026 | https://www.spotrac.com/mlb/chicago-cubs/contracts | https://www.spotrac.com/mlb/chicago-cubs/tax/_/year/2026,,
2026-07-08T14:16:26+00:00,2026,CHC,Chicago Cubs,chicago-cubs,Rokelvi Marte,rokelvimarte,https://www.spotrac.com/mlb/player/_/id/105878/rokelvi-marte,OF,,,,,,2026 Signing Bonus,,,,,,,,,10000,,10000,,,,,,,,,,,false,https://www.spotrac.com/mlb/chicago-cubs/cash/_/year/2026,not_found_on_tax_page;not_found_on_contracts_page,
2026-07-08T14:16:26+00:00,2026,CHC,Chicago Cubs,chicago-cubs,Ryan Rolison,ryanrolison,https://www.spotrac.com/mlb/player/_/id/26045/ryan-rolison,RP,28,2.114,,,2026 Active Roster,2026 Active Roster,Chicago Cubs Contracts,,,Pre-Arbitration,Pre-Arbitration,,692386,0.28,692386,692386,,,2026,2026,2026,1,780000,780000,669020,CHC,Active,true,https://www.spotrac.com/mlb/chicago-cubs/cash/_/year/2026 | https://www.spotrac.com/mlb/chicago-cubs/contracts | https://www.spotrac.com/mlb/chicago-cubs/tax/_/year/2026,,
2026-07-08T14:16:26+00:00,2026,CHC,Chicago Cubs,chicago-cubs,Samir Guerrero,samirguerrero,https://www.spotrac.com/mlb/player/_/id/105804/samir-guerrero,SS,17,,,,,2026 Signing Bonus,,,,,,,,,50000,,50000,,,,,,,,,,,false,https://www.spotrac.com/mlb/chicago-cubs/cash/_/year/2026,not_found_on_tax_page;not_found_on_contracts_page,
2026-07-08T14:16:26+00:00,2026,CHC,Chicago Cubs,chicago-cubs,Santiago Lopez,santiagolopez,https://www.spotrac.com/mlb/player/_/id/105799/santiago-lopez,P,17,,,,,2026 Signing Bonus,,,,,,,,,100000,,100000,,,,,,,,,,,false,https://www.spotrac.com/mlb/chicago-cubs/cash/_/year/2026,not_found_on_tax_page;not_found_on_contracts_page,
2026-07-08T14:16:26+00:00,2026,CHC,Chicago Cubs,chicago-cubs,Scott Kingery,scottkingery,https://www.spotrac.com/mlb/player/_/id/17658/scott-kingery,2B,32,3.108,,,2026 Minor,2026 Minor,,,,Free Agent,,,1250000,,1250000,1250000,,,,,,,,,,,,false,https://www.spotrac.com/mlb/chicago-cubs/cash/_/year/2026 | https://www.spotrac.com/mlb/chicago-cubs/tax/_/year/2026,not_found_on_contracts_page,
2026-07-08T14:16:26+00:00,2026,CHC,Chicago Cubs,chicago-cubs,Seiya Suzuki,seiyasuzuki,https://www.spotrac.com/mlb/player/_/id/76198/seiya-suzuki,OF,31,4.000,,,2026 Active Roster,2026 Active Roster,Chicago Cubs Contracts,,,Free Agent Foreign Professional,Free Agent Foreign Professional,,17000000,6.97,18000000,18000000,,,2022,2022,2026,5,85000000,17000000,673548,CHC,Active,true,https://www.spotrac.com/mlb/chicago-cubs/cash/_/year/2026 | https://www.spotrac.com/mlb/chicago-cubs/contracts | https://www.spotrac.com/mlb/chicago-cubs/tax/_/year/2026,,
2026-07-08T14:16:26+00:00,2026,CHC,Chicago Cubs,chicago-cubs,Shelby Miller,shelbymiller,https://www.spotrac.com/mlb/player/_/id/11476/shelby-miller,RP,35,10.016,,,2026 Injured List,,Chicago Cubs Contracts,,,Free Agent,Free Agent,,1250000,,,,,,2026,2026,2027,2,2500000,1250000,571946,CHC,Injured 60-Day,true,https://www.spotrac.com/mlb/chicago-cubs/contracts | https://www.spotrac.com/mlb/chicago-cubs/tax/_/year/2026,not_found_on_cash_page,
2026-07-08T14:16:26+00:00,2026,CHC,Chicago Cubs,chicago-cubs,Shota Imanaga,shotaimanaga,https://www.spotrac.com/mlb/player/_/id/86203/shota-imanaga,SP,32,2.000,,,2026 Active Roster,2026 Active Roster,Chicago Cubs Contracts,,,Qualifying Offer,Qualifying Offer,,22025000,9.03,22025000,22025000,,,2026,2026,2026,1,22025000,22025000,684007,CHC,Active,true,https://www.spotrac.com/mlb/chicago-cubs/cash/_/year/2026 | https://www.spotrac.com/mlb/chicago-cubs/contracts | https://www.spotrac.com/mlb/chicago-cubs/tax/_/year/2026,,
2026-07-08T14:16:26+00:00,2026,CHC,Chicago Cubs,chicago-cubs,Trent Thornton,trentthornton,https://www.spotrac.com/mlb/player/_/id/17797/trent-thornton,RP,32,5.148,,,2026 Active Roster,2026 Active Roster,Chicago Cubs Contracts,,,Free Agent,Free Agent,,770112,0.32,770112,770112,,,2026,2026,2026,1,1000000,1000000,663423,CHC,Active,true,https://www.spotrac.com/mlb/chicago-cubs/cash/_/year/2026 | https://www.spotrac.com/mlb/chicago-cubs/contracts | https://www.spotrac.com/mlb/chicago-cubs/tax/_/year/2026,,
2026-07-08T14:16:26+00:00,2026,CHC,Chicago Cubs,chicago-cubs,Ty Blach,tyblach,https://www.spotrac.com/mlb/player/_/id/18338/ty-blach,RP,35,4.074,,,2026 Minor,2026 Minor,,,,Free Agent,,,8770,,8770,8770,,,,,,,,,,,,false,https://www.spotrac.com/mlb/chicago-cubs/cash/_/year/2026 | https://www.spotrac.com/mlb/chicago-cubs/tax/_/year/2026,not_found_on_contracts_page,
2026-07-08T14:16:26+00:00,2026,CHC,Chicago Cubs,chicago-cubs,Tyler Austin,tyleraustin,https://www.spotrac.com/mlb/player/_/id/16561/tyler-austin,1B,34,2.151,,,2026 Injured List,2026 Injured List,Chicago Cubs Contracts,,,Free Agent,Free Agent,,1250000,,1250000,1250000,,,2026,2026,2026,1,1250000,1250000,592122,CHC,Injured 60-Day,true,https://www.spotrac.com/mlb/chicago-cubs/cash/_/year/2026 | https://www.spotrac.com/mlb/chicago-cubs/contracts | https://www.spotrac.com/mlb/chicago-cubs/tax/_/year/2026,,
2026-07-08T14:16:26+00:00,2026,CHC,Chicago Cubs,chicago-cubs,Tyler Ferguson,tylerferguson,https://www.spotrac.com/mlb/player/_/id/81950/tyler-ferguson,RP,32,1.089,,,2026 Active Roster,2026 Active Roster,Chicago Cubs Contracts,,,Pre-Arbitration,Pre-Arbitration,,425442,0.17,425442,425442,,,2026,2026,2026,1,780000,780000,621053,CHC,Active,true,https://www.spotrac.com/mlb/chicago-cubs/cash/_/year/2026 | https://www.spotrac.com/mlb/chicago-cubs/contracts | https://www.spotrac.com/mlb/chicago-cubs/tax/_/year/2026,,
2026-07-08T14:16:26+00:00,2026,CHC,Chicago Cubs,chicago-cubs,Vince Velasquez,vincevelasquez,https://www.spotrac.com/mlb/player/_/id/16529/vince-velasquez,RP,34,8.092,,,2026 Dead Money,2026 Dead Money,,,,,,,26882,0.01,26882,26882,,,,,,,,,,,,false,https://www.spotrac.com/mlb/chicago-cubs/cash/_/year/2026 | https://www.spotrac.com/mlb/chicago-cubs/tax/_/year/2026,not_found_on_contracts_page,
2026-07-08T14:16:26+00:00,2026,CHC,Chicago Cubs,chicago-cubs,Xavier Cadiz,xaviercadiz,https://www.spotrac.com/mlb/player/_/id/105358/xavier-cadiz,SS,16,,,,,2026 Signing Bonus,,,,,,,,,85000,,85000,,,,,,,,,,,false,https://www.spotrac.com/mlb/chicago-cubs/cash/_/year/2026,not_found_on_tax_page;not_found_on_contracts_page,
2026-07-08T14:16:26+00:00,2026,CHC,Chicago Cubs,chicago-cubs,Yacksel Ríos,yackselrios,https://www.spotrac.com/mlb/player/_/id/24398/yacksel-r%C3%ADos,RP,33,3.020,,,2026 Minor,2026 Minor,,,,Free Agent,,,29197,,29197,29197,,,,,,,,,,,,false,https://www.spotrac.com/mlb/chicago-cubs/cash/_/year/2026 | https://www.spotrac.com/mlb/chicago-cubs/tax/_/year/2026,not_found_on_contracts_page,
2026-07-08T14:16:26+00:00,2026,CHC,Chicago Cubs,chicago-cubs,Yadier Concepcion,yadierconcepcion,https://www.spotrac.com/mlb/player/_/id/105823/yadier-concepcion,P,17,,,,,2026 Signing Bonus,,,,,,,,,25000,,25000,,,,,,,,,,,false,https://www.spotrac.com/mlb/chicago-cubs/cash/_/year/2026,not_found_on_tax_page;not_found_on_contracts_page,
2026-07-08T14:16:26+00:00,2026,CHC,Chicago Cubs,chicago-cubs,Yadier Munoz,yadiermunoz,https://www.spotrac.com/mlb/player/_/id/105352/yadier-munoz,SS,17,,,,,2026 Signing Bonus,,,,,,,,,1200000,,1200000,,,,,,,,,,,false,https://www.spotrac.com/mlb/chicago-cubs/cash/_/year/2026,not_found_on_tax_page;not_found_on_contracts_page,
2026-07-08T14:16:26+00:00,2026,CHC,Chicago Cubs,chicago-cubs,Yamel Pinto,yamelpinto,https://www.spotrac.com/mlb/player/_/id/105829/yamel-pinto,P,18,,,,,2026 Signing Bonus,,,,,,,,,10000,,10000,,,,,,,,,,,false,https://www.spotrac.com/mlb/chicago-cubs/cash/_/year/2026,not_found_on_tax_page;not_found_on_contracts_page,
2026-07-08T14:16:26+00:00,2026,CHC,Chicago Cubs,chicago-cubs,Yanfri Serrano,yanfriserrano,https://www.spotrac.com/mlb/player/_/id/105354/yanfri-serrano,OF,17,,,,,2026 Signing Bonus,,,,,,,,,800000,,800000,,,,,,,,,,,false,https://www.spotrac.com/mlb/chicago-cubs/cash/_/year/2026,not_found_on_tax_page;not_found_on_contracts_page,
2026-07-08T14:16:26+00:00,2026,CHW,Chicago White Sox,chicago-white-sox,Ander Guzman,anderguzman,https://www.spotrac.com/mlb/player/_/id/105759/ander-guzman,P,18,,,,,2026 Signing Bonus,,,,,,,,,10000,,10000,,,,,,,,,,,false,https://www.spotrac.com/mlb/chicago-white-sox/cash/_/year/2026,not_found_on_tax_page;not_found_on_contracts_page,
2026-07-08T14:16:26+00:00,2026,CHW,Chicago White Sox,chicago-white-sox,Andrew Benintendi,andrewbenintendi,https://www.spotrac.com/mlb/player/_/id/17622/andrew-benintendi,LF,31,9.062,,,2026 Active Roster,2026 Active Roster,Chicago White Sox Contracts,,,Free Agent,Free Agent,,15000000,6.15,16500000,16500000,,,2023,2023,2027,5,75000000,15000000,643217,CHW,Active,true,https://www.spotrac.com/mlb/chicago-white-sox/cash/_/year/2026 | https://www.spotrac.com/mlb/chicago-white-sox/contracts | https://www.spotrac.com/mlb/chicago-white-sox/tax/_/year/2026,,
2026-07-08T14:16:26+00:00,2026,CHW,Chicago White Sox,chicago-white-sox,Anthony Kay,anthonykay,https://www.spotrac.com/mlb/player/_/id/20782/anthony-kay,SP,31,2.006,,,2026 Active Roster,2026 Active Roster,Chicago White Sox Contracts,,,Free Agent,Free Agent,,6000000,2.46,5000000,5000000,,,2026,2026,2028,2,12000000,6000000,641743,CHW,Active,true,https://www.spotrac.com/mlb/chicago-white-sox/cash/_/year/2026 | https://www.spotrac.com/mlb/chicago-white-sox/contracts | https://www.spotrac.com/mlb/chicago-white-sox/tax/_/year/2026,,
2026-07-08T14:16:26+00:00,2026,CHW,Chicago White Sox,chicago-white-sox,Austin Hays,austinhays,https://www.spotrac.com/mlb/player/_/id/20166/austin-hays,LF,30,6.057,,,2026 Injured List,2026 Injured List,Chicago White Sox Contracts,,,Free Agent,Free Agent,,6000000,,5000000,5000000,,,2026,2026,2027,1,6000000,6000000,669720,CHW,Injured 60-Day,true,https://www.spotrac.com/mlb/chicago-white-sox/cash/_/year/2026 | https://www.spotrac.com/mlb/chicago-white-sox/contracts | https://www.spotrac.com/mlb/chicago-white-sox/tax/_/year/2026,,
2026-07-08T14:16:26+00:00,2026,CHW,Chicago White Sox,chicago-white-sox,Beinel Adon,beineladon,https://www.spotrac.com/mlb/player/_/id/105922/beinel-adon,SS,17,,,,,2026 Signing Bonus,,,,,,,,,50000,,50000,,,,,,,,,,,false,https://www.spotrac.com/mlb/chicago-white-sox/cash/_/year/2026,not_found_on_tax_page;not_found_on_contracts_page,
2026-07-08T14:16:26+00:00,2026,CHW,Chicago White Sox,chicago-white-sox,Braden Montgomery,bradenmontgomery,https://www.spotrac.com/mlb/player/_/id/94549/braden-montgomery,OF,23,,,,2026 Active Roster,2026 Active Roster,Chicago White Sox Contracts,,,Pre-Arbitration,Pre-Arbitration,,458810,0.19,458810,458810,,,2026,2026,2026,1,780000,780000,695731,CHW,Active,true,https://www.spotrac.com/mlb/chicago-white-sox/cash/_/year/2026 | https://www.spotrac.com/mlb/chicago-white-sox/contracts | https://www.spotrac.com/mlb/chicago-white-sox/tax/_/year/2026,,
2026-07-08T14:16:26+00:00,2026,CHW,Chicago White Sox,chicago-white-sox,Brandon Eisert,brandoneisert,https://www.spotrac.com/mlb/player/_/id/32092/brandon-eisert,RP,28,1.034,,,2026 Active Roster,2026 Active Roster,Chicago White Sox Contracts,,,Pre-Arbitration,Pre-Arbitration,,613900,0.25,613900,613900,,,2026,2026,2026,1,820000,820000,685126,CHW,Active,true,https://www.spotrac.com/mlb/chicago-white-sox/cash/_/year/2026 | https://www.spotrac.com/mlb/chicago-white-sox/contracts | https://www.spotrac.com/mlb/chicago-white-sox/tax/_/year/2026,,
2026-07-08T14:16:26+00:00,2026,CHW,Chicago White Sox,chicago-white-sox,Brooks Baldwin,brooksbaldwin,https://www.spotrac.com/mlb/player/_/id/78953/brooks-baldwin,SS,25,1.047,,,2026 Injured List,2026 Injured List,Chicago White Sox Contracts,,,Pre-Arbitration,Pre-Arbitration,,789250,,789250,789250,,,2026,2026,2026,1,789250,789250,681460,CHW,Injured 60-Day,true,https://www.spotrac.com/mlb/chicago-white-sox/cash/_/year/2026 | https://www.spotrac.com/mlb/chicago-white-sox/contracts | https://www.spotrac.com/mlb/chicago-white-sox/tax/_/year/2026,,
2026-07-08T14:16:26+00:00,2026,CHW,Chicago White Sox,chicago-white-sox,Bryan Hudson,bryanhudson,https://www.spotrac.com/mlb/player/_/id/17741/bryan-hudson,RP,29,1.070,,,2026 Active Roster,2026 Active Roster,Chicago White Sox Contracts,,,Pre-Arbitration,Pre-Arbitration,,780000,0.32,780000,780000,,,2026,2026,2026,1,780000,780000,663542,CHW,Active,true,https://www.spotrac.com/mlb/chicago-white-sox/cash/_/year/2026 | https://www.spotrac.com/mlb/chicago-white-sox/contracts | https://www.spotrac.com/mlb/chicago-white-sox/tax/_/year/2026,,
2026-07-08T14:16:26+00:00,2026,CHW,Chicago White Sox,chicago-white-sox,Carlos Vielma,carlosvielma,https://www.spotrac.com/mlb/player/_/id/105921/carlos-vielma,SS,16,,,,,2026 Signing Bonus,,,,,,,,,400000,,400000,,,,,,,,,,,false,https://www.spotrac.com/mlb/chicago-white-sox/cash/_/year/2026,not_found_on_tax_page;not_found_on_contracts_page,
2026-07-08T14:16:26+00:00,2026,CHW,Chicago White Sox,chicago-white-sox,Chase Meidroth,chasemeidroth,https://www.spotrac.com/mlb/player/_/id/78719/chase-meidroth,2B,24,0.171,,,2026 Active Roster,2026 Active Roster,Chicago White Sox Contracts,,,Pre-Arbitration,Pre-Arbitration,,789100,0.32,789100,789100,,,2026,2026,2026,1,789100,789100,805367,CHW,Active,true,https://www.spotrac.com/mlb/chicago-white-sox/cash/_/year/2026 | https://www.spotrac.com/mlb/chicago-white-sox/contracts | https://www.spotrac.com/mlb/chicago-white-sox/tax/_/year/2026,,
2026-07-08T14:16:26+00:00,2026,CHW,Chicago White Sox,chicago-white-sox,Chris Murphy,chrismurphy,https://www.spotrac.com/mlb/player/_/id/31137/chris-murphy,RP,28,2.071,,,2026 Active Roster,2026 Active Roster,Chicago White Sox Contracts,,,Pre-Arbitration,Pre-Arbitration,,511560,0.21,511560,511560,,,2026,2026,2026,1,797250,797250,669684,CHW,Active,true,https://www.spotrac.com/mlb/chicago-white-sox/cash/_/year/2026 | https://www.spotrac.com/mlb/chicago-white-sox/contracts | https://www.spotrac.com/mlb/chicago-white-sox/tax/_/year/2026,,
2026-07-08T14:16:26+00:00,2026,CHW,Chicago White Sox,chicago-white-sox,Colson Montgomery,colsonmontgomery,https://www.spotrac.com/mlb/player/_/id/73284/colson-montgomery,SS,24,0.087,,,2026 Active Roster,2026 Active Roster,Chicago White Sox Contracts,,,Pre-Arbitration,Pre-Arbitration,,798500,0.33,798500,798500,,,2026,2026,2026,1,798500,798500,695657,CHW,Active,true,https://www.spotrac.com/mlb/chicago-white-sox/cash/_/year/2026 | https://www.spotrac.com/mlb/chicago-white-sox/contracts | https://www.spotrac.com/mlb/chicago-white-sox/tax/_/year/2026,,
2026-07-08T14:16:26+00:00,2026,CHW,Chicago White Sox,chicago-white-sox,Curtis Mead,curtismead,https://www.spotrac.com/mlb/player/_/id/74559/curtis-mead,3B,25,1.094,,,2026 Dead Money,2026 Dead Money,,,,,,,12742,0.01,12742,12742,,,,,,,,,678554,WSH,Active,true_other_team,https://www.spotrac.com/mlb/chicago-white-sox/cash/_/year/2026 | https://www.spotrac.com/mlb/chicago-white-sox/tax/_/year/2026,not_found_on_contracts_page,
2026-07-08T14:16:26+00:00,2026,CHW,Chicago White Sox,chicago-white-sox,David Sandlin,davidsandlin,https://www.spotrac.com/mlb/player/_/id/78908/david-sandlin,SP,25,,,,2026 Minor,2026 Minor,,,,Pre-Arbitration,,,62565,0.03,62565,62565,,,,,,,,,689818,CHW,Reassigned to Minors,true,https://www.spotrac.com/mlb/chicago-white-sox/cash/_/year/2026 | https://www.spotrac.com/mlb/chicago-white-sox/tax/_/year/2026,not_found_on_contracts_page,
2026-07-08T14:16:26+00:00,2026,CHW,Chicago White Sox,chicago-white-sox,Davis Martin,davismartin,https://www.spotrac.com/mlb/player/_/id/27630/davis-martin,SP,29,1.117,,,2026 Active Roster,2026 Active Roster,Chicago White Sox Contracts,,,Pre-Arbitration,Pre-Arbitration,,798900,0.33,798900,798900,,,2026,2026,2026,1,798900,798900,663436,CHW,Active,true,https://www.spotrac.com/mlb/chicago-white-sox/cash/_/year/2026 | https://www.spotrac.com/mlb/chicago-white-sox/contracts | https://www.spotrac.com/mlb/chicago-white-sox/tax/_/year/2026,,
2026-07-08T14:16:26+00:00,2026,CHW,Chicago White Sox,chicago-white-sox,Derek Hill,derekhill,https://www.spotrac.com/mlb/player/_/id/17699/derek-hill,CF,30,3.040,,,2026 Dead Money,2026 Dead Money,,,,,,,380196,0.16,380196,380196,,,,,,,,,656537,PHI,Active,true_other_team,https://www.spotrac.com/mlb/chicago-white-sox/cash/_/year/2026 | https://www.spotrac.com/mlb/chicago-white-sox/tax/_/year/2026,not_found_on_contracts_page,
2026-07-08T14:16:26+00:00,2026,CHW,Chicago White Sox,chicago-white-sox,Doug Nikhazy,dougnikhazy,https://www.spotrac.com/mlb/player/_/id/73320/doug-nikhazy,RP,26,0.004,,,2026 Dead Money,2026 Dead Money,,,,,,,30254,0.01,30254,30254,,,,,,,,,,,,false,https://www.spotrac.com/mlb/chicago-white-sox/cash/_/year/2026 | https://www.spotrac.com/mlb/chicago-white-sox/tax/_/year/2026,not_found_on_contracts_page,
2026-07-08T14:16:26+00:00,2026,CHW,Chicago White Sox,chicago-white-sox,Drew Romo,drewromo,https://www.spotrac.com/mlb/player/_/id/48391/drew-romo,C,24,0.073,,,2026 Active Roster,2026 Active Roster,Chicago White Sox Contracts,,,Pre-Arbitration,Pre-Arbitration,,646505,0.27,646505,646505,,,2026,2026,2026,1,780000,780000,691011,CHW,Active,true,https://www.spotrac.com/mlb/chicago-white-sox/cash/_/year/2026 | https://www.spotrac.com/mlb/chicago-white-sox/contracts | https://www.spotrac.com/mlb/chicago-white-sox/tax/_/year/2026,,
2026-07-08T14:16:26+00:00,2026,CHW,Chicago White Sox,chicago-white-sox,Drew Thorpe,drewthorpe,https://www.spotrac.com/mlb/player/_/id/78624/drew-thorpe,SP,25,1.111,,,2026 Injured List,2026 Injured List,Chicago White Sox Contracts,,,Pre-Arbitration,Pre-Arbitration,,788600,,788600,788600,,,2026,2026,2026,1,788600,788600,689672,CHW,Injured 60-Day,true,https://www.spotrac.com/mlb/chicago-white-sox/cash/_/year/2026 | https://www.spotrac.com/mlb/chicago-white-sox/contracts | https://www.spotrac.com/mlb/chicago-white-sox/tax/_/year/2026,,
2026-07-08T14:16:26+00:00,2026,CHW,Chicago White Sox,chicago-white-sox,Duncan Davitt,duncandavitt,https://www.spotrac.com/mlb/player/_/id/79104/duncan-davitt,SP,26,,,,2026 Minor,2026 Minor,,,,Pre-Arbitration,,,12513,0.01,12513,12513,,,,,,,,,701474,CHW,Reassigned to Minors,true,https://www.spotrac.com/mlb/chicago-white-sox/cash/_/year/2026 | https://www.spotrac.com/mlb/chicago-white-sox/tax/_/year/2026,not_found_on_contracts_page,
2026-07-08T14:16:26+00:00,2026,CHW,Chicago White Sox,chicago-white-sox,Dustin Harris,dustinharris,https://www.spotrac.com/mlb/player/_/id/31299/dustin-harris,3B,26,0.061,,,2026 Dead Money,2026 Dead Money,,,,,,,50323,0.02,50323,50323,,,,,,,,,,,,false,https://www.spotrac.com/mlb/chicago-white-sox/cash/_/year/2026 | https://www.spotrac.com/mlb/chicago-white-sox/tax/_/year/2026,not_found_on_contracts_page,
2026-07-08T14:16:26+00:00,2026,CHW,Chicago White Sox,chicago-white-sox,Edgar Quero,edgarquero,https://www.spotrac.com/mlb/player/_/id/74912/edgar-quero,C,23,0.165,,,2026 Minor,2026 Minor,,,,Pre-Arbitration,,,378990,0.16,378990,378990,,,,,,,,,700337,CHW,Reassigned to Minors,true,https://www.spotrac.com/mlb/chicago-white-sox/cash/_/year/2026 | https://www.spotrac.com/mlb/chicago-white-sox/tax/_/year/2026,not_found_on_contracts_page,
2026-07-08T14:16:26+00:00,2026,CHW,Chicago White Sox,chicago-white-sox,Emmanuel Rodriguez,emmanuelrodriguez,https://www.spotrac.com/mlb/player/_/id/105762/emmanuel-rodriguez,P,16,,,,,2026 Signing Bonus,,,,,,,,,100000,,100000,,,,,,,,691181,MIN,Reassigned to Minors,true_other_team,https://www.spotrac.com/mlb/chicago-white-sox/cash/_/year/2026,not_found_on_tax_page;not_found_on_contracts_page,
2026-07-08T14:16:26+00:00,2026,CHW,Chicago White Sox,chicago-white-sox,Erick Fedde,erickfedde,https://www.spotrac.com/mlb/player/_/id/17694/erick-fedde,SP,33,6.099,,,2026 Active Roster,2026 Active Roster,Chicago White Sox Contracts,,,Free Agent,Free Agent,,1500000,0.61,1500000,1500000,,,2026,2026,2026,1,1500000,1500000,607200,CHW,Active,true,https://www.spotrac.com/mlb/chicago-white-sox/cash/_/year/2026 | https://www.spotrac.com/mlb/chicago-white-sox/contracts | https://www.spotrac.com/mlb/chicago-white-sox/tax/_/year/2026,,
2026-07-08T14:16:26+00:00,2026,CHW,Chicago White Sox,chicago-white-sox,Erlyn Lauriano,erlynlauriano,https://www.spotrac.com/mlb/player/_/id/105764/erlyn-lauriano,P,17,,,,,2026 Signing Bonus,,,,,,,,,150000,,150000,,,,,,,,,,,false,https://www.spotrac.com/mlb/chicago-white-sox/cash/_/year/2026,not_found_on_tax_page;not_found_on_contracts_page,
2026-07-08T14:16:26+00:00,2026,CHW,Chicago White Sox,chicago-white-sox,Everson Pereira,eversonpereira,https://www.spotrac.com/mlb/player/_/id/23847/everson-pereira,RF,25,0.090,,,2026 Injured List,2026 Injured List,Chicago White Sox Contracts,,,Pre-Arbitration,Pre-Arbitration,,783300,0.32,783300,783300,,,2026,2026,2026,1,783300,783300,677592,CHW,Injured 7-Day,true,https://www.spotrac.com/mlb/chicago-white-sox/cash/_/year/2026 | https://www.spotrac.com/mlb/chicago-white-sox/contracts | https://www.spotrac.com/mlb/chicago-white-sox/tax/_/year/2026,,
2026-07-08T14:16:26+00:00,2026,CHW,Chicago White Sox,chicago-white-sox,Felix Lebron,felixlebron,https://www.spotrac.com/mlb/player/_/id/105367/felix-lebron,SS,17,,,,,2026 Signing Bonus,,,,,,,,,180000,,180000,,,,,,,,,,,false,https://www.spotrac.com/mlb/chicago-white-sox/cash/_/year/2026,not_found_on_tax_page;not_found_on_contracts_page,
2026-07-08T14:16:26+00:00,2026,CHW,Chicago White Sox,chicago-white-sox,Fernando Graterol,fernandograterol,https://www.spotrac.com/mlb/player/_/id/105360/fernando-graterol,C,17,,,,,2026 Signing Bonus,,,,,,,,,1600000,,1600000,,,,,,,,,,,false,https://www.spotrac.com/mlb/chicago-white-sox/cash/_/year/2026,not_found_on_tax_page;not_found_on_contracts_page,
2026-07-08T14:16:26+00:00,2026,CHW,Chicago White Sox,chicago-white-sox,Franchel Crisostomo,franchelcrisostomo,https://www.spotrac.com/mlb/player/_/id/105365/franchel-crisostomo,P,17,,,,,2026 Signing Bonus,,,,,,,,,350000,,350000,,,,,,,,,,,false,https://www.spotrac.com/mlb/chicago-white-sox/cash/_/year/2026,not_found_on_tax_page;not_found_on_contracts_page,
2026-07-08T14:16:26+00:00,2026,CHW,Chicago White Sox,chicago-white-sox,Grant Taylor,granttaylor,https://www.spotrac.com/mlb/player/_/id/84803/grant-taylor,RP,24,0.111,,,2026 Active Roster,2026 Active Roster,Chicago White Sox Contracts,,,Pre-Arbitration,Pre-Arbitration,,787900,0.32,787900,787900,,,2026,2026,2026,1,787900,787900,691799,CHW,Active,true,https://www.spotrac.com/mlb/chicago-white-sox/cash/_/year/2026 | https://www.spotrac.com/mlb/chicago-white-sox/contracts | https://www.spotrac.com/mlb/chicago-white-sox/tax/_/year/2026,,
2026-07-08T14:16:26+00:00,2026,CHW,Chicago White Sox,chicago-white-sox,Hector Hernandez,hectorhernandez,https://www.spotrac.com/mlb/player/_/id/105760/hector-hernandez,OF,17,,,,,2026 Signing Bonus,,,,,,,,,30000,,30000,,,,,,,,,,,false,https://www.spotrac.com/mlb/chicago-white-sox/cash/_/year/2026,not_found_on_tax_page;not_found_on_contracts_page,
2026-07-08T14:16:26+00:00,2026,CHW,Chicago White Sox,chicago-white-sox,Jacob Gonzalez,jacobgonzalez,https://www.spotrac.com/mlb/player/_/id/83156/jacob-gonzalez,SS,24,,,,2026 Active Roster,2026 Active Roster,Chicago White Sox Contracts,,,Pre-Arbitration,Pre-Arbitration,,500520,0.21,500520,500520,,,2026,2026,2026,1,780000,780000,694378,CHW,Active,true,https://www.spotrac.com/mlb/chicago-white-sox/cash/_/year/2026 | https://www.spotrac.com/mlb/chicago-white-sox/contracts | https://www.spotrac.com/mlb/chicago-white-sox/tax/_/year/2026,,
2026-07-08T14:16:26+00:00,2026,CHW,Chicago White Sox,chicago-white-sox,Jarred Kelenic,jarredkelenic,https://www.spotrac.com/mlb/player/_/id/26029/jarred-kelenic,RF,26,3.035,,,2026 Dead Money,2026 Dead Money,,,,,,,144396,0.06,144396,144396,,,,,,,,,,,,false,https://www.spotrac.com/mlb/chicago-white-sox/cash/_/year/2026 | https://www.spotrac.com/mlb/chicago-white-sox/tax/_/year/2026,not_found_on_contracts_page,
2026-07-08T14:16:26+00:00,2026,CHW,Chicago White Sox,chicago-white-sox,Jedixon Paez,jedixonpaez,https://www.spotrac.com/mlb/player/_/id/71287/jedixon-paez,RP,22,,,,2026 Dead Money,2026 Dead Money,,,,,,,41936,0.02,41936,41936,,,,,,,,,,,,false,https://www.spotrac.com/mlb/chicago-white-sox/cash/_/year/2026 | https://www.spotrac.com/mlb/chicago-white-sox/tax/_/year/2026,not_found_on_contracts_page,
2026-07-08T14:16:26+00:00,2026,CHW,Chicago White Sox,chicago-white-sox,Jefferson Timaure,jeffersontimaure,https://www.spotrac.com/mlb/player/_/id/105765/jefferson-timaure,P,17,,,,,2026 Signing Bonus,,,,,,,,,80000,,80000,,,,,,,,,,,false,https://www.spotrac.com/mlb/chicago-white-sox/cash/_/year/2026,not_found_on_tax_page;not_found_on_contracts_page,
2026-07-08T14:16:26+00:00,2026,CHW,Chicago White Sox,chicago-white-sox,Joe Rock,joerock,https://www.spotrac.com/mlb/player/_/id/73330/joe-rock,SP,25,0.033,,,2026 Minor,2026 Minor,,,,Pre-Arbitration,,,70907,0.03,70907,70907,,,,,,,,,697812,CHW,Reassigned to Minors,true,https://www.spotrac.com/mlb/chicago-white-sox/cash/_/year/2026 | https://www.spotrac.com/mlb/chicago-white-sox/tax/_/year/2026,not_found_on_contracts_page,
2026-07-08T14:16:26+00:00,2026,CHW,Chicago White Sox,chicago-white-sox,Jonathan Cannon,jonathancannon,https://www.spotrac.com/mlb/player/_/id/78697/jonathan-cannon,SP,25,1.114,,,2026 Minor,2026 Minor,,,,Pre-Arbitration,,,105240,0.04,105240,105240,,,,,,,,,686563,CHW,Reassigned to Minors,true,https://www.spotrac.com/mlb/chicago-white-sox/cash/_/year/2026 | https://www.spotrac.com/mlb/chicago-white-sox/tax/_/year/2026,not_found_on_contracts_page,
2026-07-08T14:16:26+00:00,2026,CHW,Chicago White Sox,chicago-white-sox,Jordan Hicks,jordanhicks,https://www.spotrac.com/mlb/player/_/id/20529/jordan-hicks,RP,29,8.000,,,2026 Active Roster,2026 Active Roster,Chicago White Sox Contracts,,,Free Agent,Free Agent,,8000000,3.28,8000000,8000000,,,2024,2024,2027,4,44000000,11000000,663855,CHW,Active,true,https://www.spotrac.com/mlb/chicago-white-sox/cash/_/year/2026 | https://www.spotrac.com/mlb/chicago-white-sox/contracts | https://www.spotrac.com/mlb/chicago-white-sox/tax/_/year/2026,,
2026-07-08T14:16:26+00:00,2026,CHW,Chicago White Sox,chicago-white-sox,Jordan Leasure,jordanleasure,https://www.spotrac.com/mlb/player/_/id/74074/jordan-leasure,RP,27,1.162,,,2026 Injured List,2026 Injured List,Chicago White Sox Contracts,,,Pre-Arbitration,Pre-Arbitration,,729315,,729315,729315,,,2026,2026,2026,1,797550,797550,673929,CHW,Injured 60-Day,true,https://www.spotrac.com/mlb/chicago-white-sox/cash/_/year/2026 | https://www.spotrac.com/mlb/chicago-white-sox/contracts | https://www.spotrac.com/mlb/chicago-white-sox/tax/_/year/2026,,
2026-07-08T14:16:26+00:00,2026,CHW,Chicago White Sox,chicago-white-sox,Jose Abreu,joseabreu,https://www.spotrac.com/mlb/player/_/id/13653/jose-abreu,DH,39,,,,,2026 Deferred,,,,,,,,,1000000,1000000,,,,,,,,,,,,false,https://www.spotrac.com/mlb/chicago-white-sox/cash/_/year/2026,not_found_on_tax_page;not_found_on_contracts_page,
2026-07-08T14:16:26+00:00,2026,CHW,Chicago White Sox,chicago-white-sox,Jose Suarez,josesuarez,https://www.spotrac.com/mlb/player/_/id/105923/jose-suarez,C,17,,,,,2026 Signing Bonus,,,,,,,,,40000,,40000,,,,,,,,660761,ATH,Active,true_other_team,https://www.spotrac.com/mlb/chicago-white-sox/cash/_/year/2026,not_found_on_tax_page;not_found_on_contracts_page,
2026-07-08T14:16:26+00:00,2026,CHW,Chicago White Sox,chicago-white-sox,Junior Perez,juniorperez,https://www.spotrac.com/mlb/player/_/id/74936/junior-perez,OF,24,,,,2026 Active Roster,2026 Active Roster,Chicago White Sox Contracts,,,Pre-Arbitration,Pre-Arbitration,,421271,0.17,421271,421271,,,2026,2026,2026,1,780000,780000,678577,CHW,Active,true,https://www.spotrac.com/mlb/chicago-white-sox/cash/_/year/2026 | https://www.spotrac.com/mlb/chicago-white-sox/contracts | https://www.spotrac.com/mlb/chicago-white-sox/tax/_/year/2026,,
2026-07-08T14:16:26+00:00,2026,CHW,Chicago White Sox,chicago-white-sox,Ky Bush,kybush,https://www.spotrac.com/mlb/player/_/id/73307/ky-bush,SP,26,1.056,,,2026 Injured List,2026 Injured List,Chicago White Sox Contracts,,,Pre-Arbitration,Pre-Arbitration,,785200,,785200,785200,,,2026,2026,2026,1,785200,785200,681066,CHW,Injured 60-Day,true,https://www.spotrac.com/mlb/chicago-white-sox/cash/_/year/2026 | https://www.spotrac.com/mlb/chicago-white-sox/contracts | https://www.spotrac.com/mlb/chicago-white-sox/tax/_/year/2026,,
2026-07-08T14:16:26+00:00,2026,CHW,Chicago White Sox,chicago-white-sox,Kyle Teel,kyleteel,https://www.spotrac.com/mlb/player/_/id/84446/kyle-teel,C,24,0.115,,,2026 Active Roster,2026 Active Roster,Chicago White Sox Contracts,,,Pre-Arbitration,Pre-Arbitration,,788050,0.32,788050,788050,,,2026,2026,2026,1,788050,788050,691019,CHW,Active,true,https://www.spotrac.com/mlb/chicago-white-sox/cash/_/year/2026 | https://www.spotrac.com/mlb/chicago-white-sox/contracts | https://www.spotrac.com/mlb/chicago-white-sox/tax/_/year/2026,,
2026-07-08T14:16:26+00:00,2026,CHW,Chicago White Sox,chicago-white-sox,Lenyn Sosa,lenynsosa,https://www.spotrac.com/mlb/player/_/id/20573/lenyn-sosa,2B,26,2.044,,,2026 Dead Money,2026 Dead Money,,,,,,,82083,0.03,82083,82083,,,,,,,,,672820,TOR,Injured 10-Day,true_other_team,https://www.spotrac.com/mlb/chicago-white-sox/cash/_/year/2026 | https://www.spotrac.com/mlb/chicago-white-sox/tax/_/year/2026,not_found_on_contracts_page,
2026-07-08T14:16:26+00:00,2026,CHW,Chicago White Sox,chicago-white-sox,Liam Hendriks,liamhendriks,https://www.spotrac.com/mlb/player/_/id/8537/liam-hendriks,RP,37,,,,,2026 Deferred,,,,,,,,,1500000,1500000,,,,,,,,,,,,false,https://www.spotrac.com/mlb/chicago-white-sox/cash/_/year/2026,not_found_on_tax_page;not_found_on_contracts_page,
2026-07-08T14:16:26+00:00,2026,CHW,Chicago White Sox,chicago-white-sox,Lucas Sims,lucassims,https://www.spotrac.com/mlb/player/_/id/21156/lucas-sims,RP,32,6.058,,,2026 Retained,2026 Retained,,,,Retained,,,168011,,168011,168011,,,,,,,,,,,,false,https://www.spotrac.com/mlb/chicago-white-sox/cash/_/year/2026 | https://www.spotrac.com/mlb/chicago-white-sox/tax/_/year/2026,not_found_on_contracts_page,
2026-07-08T14:16:26+00:00,2026,CHW,Chicago White Sox,chicago-white-sox,Luis Robert Jr.,luisrobert,https://www.spotrac.com/mlb/player/_/id/22648/luis-robert-jr,CF,,6.000,,,2026 Retained,,,,,Retained,,,-2000000,,,,,,,,,,,,673357,NYM,Injured 60-Day,true_other_team,https://www.spotrac.com/mlb/chicago-white-sox/tax/_/year/2026,not_found_on_cash_page;not_found_on_contracts_page,
2026-07-08T14:16:26+00:00,2026,CHW,Chicago White Sox,chicago-white-sox,Luisangel Acuna,luisangelacuna,https://www.spotrac.com/mlb/player/_/id/27551/luisangel-acuna,CF,24,0.156,,,2026 Active Roster,2026 Active Roster,Chicago White Sox Contracts,,,Pre-Arbitration,Pre-Arbitration,,785950,0.32,785950,785950,,,2026,2026,2026,1,785950,785950,682668,CHW,Active,true,https://www.spotrac.com/mlb/chicago-white-sox/cash/_/year/2026 | https://www.spotrac.com/mlb/chicago-white-sox/contracts | https://www.spotrac.com/mlb/chicago-white-sox/tax/_/year/2026,,
2026-07-08T14:16:26+00:00,2026,CHW,Chicago White Sox,chicago-white-sox,Miguel Vargas,miguelvargas,https://www.spotrac.com/mlb/player/_/id/74739/miguel-vargas,3B,26,2.101,,,2026 Active Roster,2026 Active Roster,Chicago White Sox Contracts,,,Pre-Arbitration,Pre-Arbitration,,805700,0.33,805700,805700,,,2026,2026,2026,1,805700,805700,678246,CHW,Active,true,https://www.spotrac.com/mlb/chicago-white-sox/cash/_/year/2026 | https://www.spotrac.com/mlb/chicago-white-sox/contracts | https://www.spotrac.com/mlb/chicago-white-sox/tax/_/year/2026,,
2026-07-08T14:16:26+00:00,2026,CHW,Chicago White Sox,chicago-white-sox,Mike Vasil,mikevasil,https://www.spotrac.com/mlb/player/_/id/73497/mike-vasil,RP,26,1.000,,,2026 Injured List,2026 Injured List,Chicago White Sox Contracts,,,Pre-Arbitration,Pre-Arbitration,,795050,,795050,795050,,,2026,2026,2026,1,795050,795050,678024,CHW,Injured 60-Day,true,https://www.spotrac.com/mlb/chicago-white-sox/cash/_/year/2026 | https://www.spotrac.com/mlb/chicago-white-sox/contracts | https://www.spotrac.com/mlb/chicago-white-sox/tax/_/year/2026,,
2026-07-08T14:16:26+00:00,2026,CHW,Chicago White Sox,chicago-white-sox,Munetaka Murakami,munetakamurakami,https://www.spotrac.com/mlb/player/_/id/82036/munetaka-murakami,1B,26,,,,2026 Injured List,2026 Injured List,Chicago White Sox Contracts,,,Free Agent Foreign Professional,Free Agent Foreign Professional,,17000000,6.97,17000000,16000000,1000000,,2026,2026,2027,2,34000000,17000000,808959,CHW,Injured 10-Day,true,https://www.spotrac.com/mlb/chicago-white-sox/cash/_/year/2026 | https://www.spotrac.com/mlb/chicago-white-sox/contracts | https://www.spotrac.com/mlb/chicago-white-sox/tax/_/year/2026,,
2026-07-08T14:16:26+00:00,2026,CHW,Chicago White Sox,chicago-white-sox,Noah Schultz,noahschultz,https://www.spotrac.com/mlb/player/_/id/78038/noah-schultz,SP,22,,,,2026 Active Roster,2026 Active Roster,Chicago White Sox Contracts,,,Pre-Arbitration,Pre-Arbitration,,692386,0.28,692386,692386,,,2026,2026,2026,1,780000,780000,702273,CHW,Active,true,https://www.spotrac.com/mlb/chicago-white-sox/cash/_/year/2026 | https://www.spotrac.com/mlb/chicago-white-sox/contracts | https://www.spotrac.com/mlb/chicago-white-sox/tax/_/year/2026,,
2026-07-08T14:16:26+00:00,2026,CHW,Chicago White Sox,chicago-white-sox,Nolan Jones,nolanjones,https://www.spotrac.com/mlb/player/_/id/20565/nolan-jones,RF,28,3.007,,,2026 Minor,2026 Minor,,,,Arbitration 1,,,1155060,,1155060,1155060,,,,,,,,,,,,false,https://www.spotrac.com/mlb/chicago-white-sox/cash/_/year/2026 | https://www.spotrac.com/mlb/chicago-white-sox/tax/_/year/2026,not_found_on_contracts_page,
2026-07-08T14:16:26+00:00,2026,CHW,Chicago White Sox,chicago-white-sox,Osvaldo Bido,osvaldobido,https://www.spotrac.com/mlb/player/_/id/74658/osvaldo-bido,RP,30,1.161,,,2026 Minor,2026 Minor,,,,Pre-Arbitration,,,86400,,86400,86400,,,,,,,,,,,,false,https://www.spotrac.com/mlb/chicago-white-sox/cash/_/year/2026 | https://www.spotrac.com/mlb/chicago-white-sox/tax/_/year/2026,not_found_on_contracts_page,
2026-07-08T14:16:26+00:00,2026,CHW,Chicago White Sox,chicago-white-sox,Prelander Berroa,prelanderberroa,https://www.spotrac.com/mlb/player/_/id/20636/prelander-berroa,RP,26,1.045,,,2026 Injured List,2026 Injured List,Chicago White Sox Contracts,,,Pre-Arbitration,Pre-Arbitration,,785200,,785200,785200,,,2026,2026,2026,1,785200,785200,672860,CHW,Injured 60-Day,true,https://www.spotrac.com/mlb/chicago-white-sox/cash/_/year/2026 | https://www.spotrac.com/mlb/chicago-white-sox/contracts | https://www.spotrac.com/mlb/chicago-white-sox/tax/_/year/2026,,
2026-07-08T14:16:26+00:00,2026,CHW,Chicago White Sox,chicago-white-sox,Randal Grichuk,randalgrichuk,https://www.spotrac.com/mlb/player/_/id/15765/randal-grichuk,RF,34,11.033,,,2026 Active Roster,2026 Active Roster,Chicago White Sox Contracts,,,Free Agent,Free Agent,,608966,0.25,608966,608966,,,2026,2026,2026,1,780000,780000,545341,CHW,Active,true,https://www.spotrac.com/mlb/chicago-white-sox/cash/_/year/2026 | https://www.spotrac.com/mlb/chicago-white-sox/contracts | https://www.spotrac.com/mlb/chicago-white-sox/tax/_/year/2026,,
2026-07-08T14:16:26+00:00,2026,CHW,Chicago White Sox,chicago-white-sox,Reese McGuire,reesemcguire,https://www.spotrac.com/mlb/player/_/id/21294/reese-mcguire,C,31,5.110,,,2026 Retained,2026 Retained,,,,Retained,,,1200000,,1200000,1200000,,,,,,,,,,,,false,https://www.spotrac.com/mlb/chicago-white-sox/cash/_/year/2026 | https://www.spotrac.com/mlb/chicago-white-sox/tax/_/year/2026,not_found_on_contracts_page,
2026-07-08T14:16:26+00:00,2026,CHW,Chicago White Sox,chicago-white-sox,Rikuu Nishida,rikuunishida,https://www.spotrac.com/mlb/player/_/id/85073/rikuu-nishida,2B,25,,,,2026 Minor,2026 Minor,,,,Pre-Arbitration,,,62565,0.03,62565,62565,,,,,,,,,807747,CHW,Reassigned to Minors,true,https://www.spotrac.com/mlb/chicago-white-sox/cash/_/year/2026 | https://www.spotrac.com/mlb/chicago-white-sox/tax/_/year/2026,not_found_on_contracts_page,
2026-07-08T14:16:26+00:00,2026,CHW,Chicago White Sox,chicago-white-sox,Roderic Ramirez,rodericramirez,https://www.spotrac.com/mlb/player/_/id/105362/roderic-ramirez,P,17,,,,,2026 Signing Bonus,,,,,,,,,400000,,400000,,,,,,,,,,,false,https://www.spotrac.com/mlb/chicago-white-sox/cash/_/year/2026,not_found_on_tax_page;not_found_on_contracts_page,
2026-07-08T14:16:26+00:00,2026,CHW,Chicago White Sox,chicago-white-sox,Ronald Cardozo,ronaldcardozo,https://www.spotrac.com/mlb/player/_/id/105363/ronald-cardozo,C,17,,,,,2026 Signing Bonus,,,,,,,,,375000,,375000,,,,,,,,,,,false,https://www.spotrac.com/mlb/chicago-white-sox/cash/_/year/2026,not_found_on_tax_page;not_found_on_contracts_page,
2026-07-08T14:16:26+00:00,2026,CHW,Chicago White Sox,chicago-white-sox,Ronald Kelly,ronaldkelly,https://www.spotrac.com/mlb/player/_/id/105761/ronald-kelly,P,17,,,,,2026 Signing Bonus,,,,,,,,,100000,,100000,,,,,,,,,,,false,https://www.spotrac.com/mlb/chicago-white-sox/cash/_/year/2026,not_found_on_tax_page;not_found_on_contracts_page,
2026-07-08T14:16:26+00:00,2026,CHW,Chicago White Sox,chicago-white-sox,Sam Antonacci,samantonacci,https://www.spotrac.com/mlb/player/_/id/94681/sam-antonacci,INF,23,,,,2026 Active Roster,2026 Active Roster,Chicago White Sox Contracts,,,Pre-Arbitration,Pre-Arbitration,,688215,0.28,688215,688215,,,2026,2026,2026,1,780000,780000,803011,CHW,Active,true,https://www.spotrac.com/mlb/chicago-white-sox/cash/_/year/2026 | https://www.spotrac.com/mlb/chicago-white-sox/contracts | https://www.spotrac.com/mlb/chicago-white-sox/tax/_/year/2026,,
2026-07-08T14:16:26+00:00,2026,CHW,Chicago White Sox,chicago-white-sox,Samuel Luis,samuelluis,https://www.spotrac.com/mlb/player/_/id/105763/samuel-luis,SS,17,,,,,2026 Signing Bonus,,,,,,,,,150000,,150000,,,,,,,,,,,false,https://www.spotrac.com/mlb/chicago-white-sox/cash/_/year/2026,not_found_on_tax_page;not_found_on_contracts_page,
2026-07-08T14:16:26+00:00,2026,CHW,Chicago White Sox,chicago-white-sox,Sean Burke,seanburke,https://www.spotrac.com/mlb/player/_/id/73356/sean-burke,SP,26,1.011,,,2026 Active Roster,2026 Active Roster,Chicago White Sox Contracts,,,Pre-Arbitration,Pre-Arbitration,,793200,0.33,793200,793200,,,2026,2026,2026,1,793200,793200,680732,CHW,Active,true,https://www.spotrac.com/mlb/chicago-white-sox/cash/_/year/2026 | https://www.spotrac.com/mlb/chicago-white-sox/contracts | https://www.spotrac.com/mlb/chicago-white-sox/tax/_/year/2026,,
2026-07-08T14:16:26+00:00,2026,CHW,Chicago White Sox,chicago-white-sox,Sean Newcomb,seannewcomb,https://www.spotrac.com/mlb/player/_/id/17692/sean-newcomb,RP,33,6.041,,,2026 Active Roster,2026 Active Roster,Chicago White Sox Contracts,,,Free Agent,Free Agent,,4500000,1.84,4500000,4500000,,,2026,2026,2026,1,4500000,4500000,656794,CHW,Active,true,https://www.spotrac.com/mlb/chicago-white-sox/cash/_/year/2026 | https://www.spotrac.com/mlb/chicago-white-sox/contracts | https://www.spotrac.com/mlb/chicago-white-sox/tax/_/year/2026,,
2026-07-08T14:16:26+00:00,2026,CHW,Chicago White Sox,chicago-white-sox,Sebastian Romero,sebastianromero,https://www.spotrac.com/mlb/player/_/id/105361/sebastian-romero,OF,17,,,,,2026 Signing Bonus,,,,,,,,,1500000,,1500000,,,,,,,,,,,false,https://www.spotrac.com/mlb/chicago-white-sox/cash/_/year/2026,not_found_on_tax_page;not_found_on_contracts_page,
2026-07-08T14:16:26+00:00,2026,CHW,Chicago White Sox,chicago-white-sox,Seranthony Dominguez,seranthonydominguez,https://www.spotrac.com/mlb/player/_/id/24550/seranthony-dominguez,RP,31,7.131,,,2026 Active Roster,2026 Active Roster,Chicago White Sox Contracts,,,Free Agent,Free Agent,,10000000,4.10,8000000,7000000,1000000,,2026,2026,2028,2,20000000,10000000,622554,CHW,Active,true,https://www.spotrac.com/mlb/chicago-white-sox/cash/_/year/2026 | https://www.spotrac.com/mlb/chicago-white-sox/contracts | https://www.spotrac.com/mlb/chicago-white-sox/tax/_/year/2026,,
2026-07-08T14:16:26+00:00,2026,CHW,Chicago White Sox,chicago-white-sox,Shane Smith,shanesmith,https://www.spotrac.com/mlb/player/_/id/85740/shane-smith,SP,26,1.000,,,2026 Minor,2026 Minor,,,,Pre-Arbitration,,,66249,0.03,66248,66249,,,,,,,,,681343,CHW,Reassigned to Minors,true,https://www.spotrac.com/mlb/chicago-white-sox/cash/_/year/2026 | https://www.spotrac.com/mlb/chicago-white-sox/tax/_/year/2026,not_found_on_contracts_page,
2026-07-08T14:16:26+00:00,2026,CHW,Chicago White Sox,chicago-white-sox,Stiwarts Valdez,stiwartsvaldez,https://www.spotrac.com/mlb/player/_/id/105364/stiwarts-valdez,OF,17,,,,,2026 Signing Bonus,,,,,,,,,130000,,130000,,,,,,,,,,,false,https://www.spotrac.com/mlb/chicago-white-sox/cash/_/year/2026,not_found_on_tax_page;not_found_on_contracts_page,
2026-07-08T14:16:26+00:00,2026,CHW,Chicago White Sox,chicago-white-sox,Tanner McDougal,tannermcdougal,https://www.spotrac.com/mlb/player/_/id/73417/tanner-mcdougal,SP,,,,,2026 Minor,,,,,Pre-Arbitration,,,,,,,,,,,,,,,701780,CHW,Reassigned to Minors,true,https://www.spotrac.com/mlb/chicago-white-sox/tax/_/year/2026,missing_all_money_fields;not_found_on_cash_page;not_found_on_contracts_page,
2026-07-08T14:16:26+00:00,2026,CHW,Chicago White Sox,chicago-white-sox,Tanner Murray,tannermurray,https://www.spotrac.com/mlb/player/_/id/48481/tanner-murray,SS,26,,,,2026 Injured List,2026 Injured List,Chicago White Sox Contracts,,,Pre-Arbitration,Pre-Arbitration,,729925,,729925,729925,,,2026,2026,2026,1,780000,780000,695020,CHW,Injured 60-Day,true,https://www.spotrac.com/mlb/chicago-white-sox/cash/_/year/2026 | https://www.spotrac.com/mlb/chicago-white-sox/contracts | https://www.spotrac.com/mlb/chicago-white-sox/tax/_/year/2026,,
2026-07-08T14:16:26+00:00,2026,CHW,Chicago White Sox,chicago-white-sox,Trevor Richards,trevorrichards,https://www.spotrac.com/mlb/player/_/id/20753/trevor-richards,RP,32,6.088,,,2026 Active Roster,,Chicago White Sox Contracts,,,Free Agent,Free Agent,,1000000,0.41,,,,,2026,2026,2026,1,1000000,1000000,670950,CHW,Active,true,https://www.spotrac.com/mlb/chicago-white-sox/contracts | https://www.spotrac.com/mlb/chicago-white-sox/tax/_/year/2026,not_found_on_cash_page,
2026-07-08T14:16:26+00:00,2026,CHW,Chicago White Sox,chicago-white-sox,Tristan Peters,tristanpeters,https://www.spotrac.com/mlb/player/_/id/73472/tristan-peters,OF,26,0.007,,,2026 Active Roster,2026 Active Roster,,,,Pre-Arbitration,,,780350,0.32,780350,780350,,,,,,,,,671976,CHW,Active,true,https://www.spotrac.com/mlb/chicago-white-sox/cash/_/year/2026 | https://www.spotrac.com/mlb/chicago-white-sox/tax/_/year/2026,not_found_on_contracts_page,
2026-07-08T14:16:26+00:00,2026,CHW,Chicago White Sox,chicago-white-sox,Tyler Davis,tylerdavis,https://www.spotrac.com/mlb/player/_/id/92183/tyler-davis,RP,33,,,,2026 Minor,2026 Minor,,,,Pre-Arbitration,,,246089,0.10,246089,246089,,,,,,,,,699823,CHW,Reassigned to Minors,true,https://www.spotrac.com/mlb/chicago-white-sox/cash/_/year/2026 | https://www.spotrac.com/mlb/chicago-white-sox/tax/_/year/2026,not_found_on_contracts_page,
2026-07-08T14:16:26+00:00,2026,CHW,Chicago White Sox,chicago-white-sox,Tyler Gilbert,tylergilbert,https://www.spotrac.com/mlb/player/_/id/28943/tyler-gilbert,RP,32,2.075,,,2026 Injured List,2026 Injured List,Chicago White Sox Contracts,,,Pre-Arbitration,Pre-Arbitration,,606438,0.25,606438,606438,,,2026,2026,2026,1,900000,900000,656457,CHW,Injured 15-Day,true,https://www.spotrac.com/mlb/chicago-white-sox/cash/_/year/2026 | https://www.spotrac.com/mlb/chicago-white-sox/contracts | https://www.spotrac.com/mlb/chicago-white-sox/tax/_/year/2026,,
2026-07-08T14:16:26+00:00,2026,CHW,Chicago White Sox,chicago-white-sox,Tyler Schweitzer,tylerschweitzer,https://www.spotrac.com/mlb/player/_/id/78745/tyler-schweitzer,RP,25,,,,2026 Minor,2026 Minor,,,,Pre-Arbitration,,,70907,0.03,70907,70907,,,,,,,,,805326,CHW,Reassigned to Minors,true,https://www.spotrac.com/mlb/chicago-white-sox/cash/_/year/2026 | https://www.spotrac.com/mlb/chicago-white-sox/tax/_/year/2026,not_found_on_contracts_page,
2026-07-08T14:16:26+00:00,2026,CHW,Chicago White Sox,chicago-white-sox,Wikelman Gonzalez,wikelmangonzalez,https://www.spotrac.com/mlb/player/_/id/27375/wikelman-gonzalez,RP,,0.055,,,2026 Minor,,,,,Pre-Arbitration,,,,,,,,,,,,,,,682790,CHW,Reassigned to Minors,true,https://www.spotrac.com/mlb/chicago-white-sox/tax/_/year/2026,missing_all_money_fields;not_found_on_cash_page;not_found_on_contracts_page,
2026-07-08T14:16:26+00:00,2026,CHW,Chicago White Sox,chicago-white-sox,Yordany Marte,yordanymarte,https://www.spotrac.com/mlb/player/_/id/105366/yordany-marte,P,16,,,,,2026 Signing Bonus,,,,,,,,,275000,,275000,,,,,,,,,,,false,https://www.spotrac.com/mlb/chicago-white-sox/cash/_/year/2026,not_found_on_tax_page;not_found_on_contracts_page,
2026-07-08T14:16:26+00:00,2026,CIN,Cincinnati Reds,cincinnati-reds,Alexander Cuello,alexandercuello,https://www.spotrac.com/mlb/player/_/id/105371/alexander-cuello,SS,17,,,,,2026 Signing Bonus,,,,,,,,,275000,,275000,,,,,,,,,,,false,https://www.spotrac.com/mlb/cincinnati-reds/cash/_/year/2026,not_found_on_tax_page;not_found_on_contracts_page,
2026-07-08T14:16:26+00:00,2026,CIN,Cincinnati Reds,cincinnati-reds,Andrew Abbott,andrewabbott,https://www.spotrac.com/mlb/player/_/id/73315/andrew-abbott,SP,27,2.119,,,2026 Active Roster,2026 Active Roster,Cincinnati Reds Contracts,,,Pre-Arbitration,Pre-Arbitration,,800000,0.33,800000,800000,,,2026,2026,2026,1,800000,800000,671096,CIN,Active,true,https://www.spotrac.com/mlb/cincinnati-reds/cash/_/year/2026 | https://www.spotrac.com/mlb/cincinnati-reds/contracts | https://www.spotrac.com/mlb/cincinnati-reds/tax/_/year/2026,,
2026-07-08T14:16:26+00:00,2026,CIN,Cincinnati Reds,cincinnati-reds,Angel Nunez Jr.,angelnunez,https://www.spotrac.com/mlb/player/_/id/105368/angel-nunez-jr,OF,17,,,,,2026 Signing Bonus,,,,,,,,,3000000,,3000000,,,,,,,,,,,false,https://www.spotrac.com/mlb/cincinnati-reds/cash/_/year/2026,not_found_on_tax_page;not_found_on_contracts_page,
2026-07-08T14:16:26+00:00,2026,CIN,Cincinnati Reds,cincinnati-reds,Austin Hays,austinhays,https://www.spotrac.com/mlb/player/_/id/20166/austin-hays,LF,30,,,,,2026 Dead Money,,,,,,,,,1000000,1000000,,,,,,,,,669720,CHW,Injured 60-Day,true_other_team,https://www.spotrac.com/mlb/cincinnati-reds/cash/_/year/2026,not_found_on_tax_page;not_found_on_contracts_page,
2026-07-08T14:16:26+00:00,2026,CIN,Cincinnati Reds,cincinnati-reds,Blake Dunn,blakedunn,https://www.spotrac.com/mlb/player/_/id/73628/blake-dunn,OF,27,0.089,,,2026 Injured List,2026 Injured List,Cincinnati Reds Contracts,,,Pre-Arbitration,Pre-Arbitration,,613137,0.25,613137,613137,,,2026,2026,2026,1,780000,780000,694362,CIN,Injured 10-Day,true,https://www.spotrac.com/mlb/cincinnati-reds/cash/_/year/2026 | https://www.spotrac.com/mlb/cincinnati-reds/contracts | https://www.spotrac.com/mlb/cincinnati-reds/tax/_/year/2026,,
2026-07-08T14:16:26+00:00,2026,CIN,Cincinnati Reds,cincinnati-reds,Brady Singer,bradysinger,https://www.spotrac.com/mlb/player/_/id/26041/brady-singer,SP,29,5.156,,,2026 Active Roster,2026 Active Roster,Cincinnati Reds Contracts,,,Arbitration 4,Arbitration,,12750000,5.23,12750000,12750000,,,2026,2026,2026,1,12750000,12750000,663903,CIN,Active,true,https://www.spotrac.com/mlb/cincinnati-reds/cash/_/year/2026 | https://www.spotrac.com/mlb/cincinnati-reds/contracts | https://www.spotrac.com/mlb/cincinnati-reds/tax/_/year/2026,,
2026-07-08T14:16:26+00:00,2026,CIN,Cincinnati Reds,cincinnati-reds,Brandon Leibrandt,brandonleibrandt,https://www.spotrac.com/mlb/player/_/id/49440/brandon-leibrandt,RP,33,0.126,,,2026 Minor,2026 Minor,,,,Free Agent,,,4171,,4171,4171,,,,,,,,,,,,false,https://www.spotrac.com/mlb/cincinnati-reds/cash/_/year/2026 | https://www.spotrac.com/mlb/cincinnati-reds/tax/_/year/2026,not_found_on_contracts_page,
2026-07-08T14:16:26+00:00,2026,CIN,Cincinnati Reds,cincinnati-reds,Brandon Williamson,brandonwilliamson,https://www.spotrac.com/mlb/player/_/id/30457/brandon-williamson,SP,28,2.139,,,2026 Injured List,2026 Injured List,Cincinnati Reds Contracts,,,Pre-Arbitration,Pre-Arbitration,,800000,,800000,800000,,,2026,2026,2026,1,800000,800000,682227,CIN,Injured 60-Day,true,https://www.spotrac.com/mlb/cincinnati-reds/cash/_/year/2026 | https://www.spotrac.com/mlb/cincinnati-reds/contracts | https://www.spotrac.com/mlb/cincinnati-reds/tax/_/year/2026,,
2026-07-08T14:16:26+00:00,2026,CIN,Cincinnati Reds,cincinnati-reds,Brent Suter,brentsuter,https://www.spotrac.com/mlb/player/_/id/20985/brent-suter,RP,36,,,,,2026 Dead Money,,,,,,,,,250000,250000,,,,,,,,,608718,LAA,Active,true_other_team,https://www.spotrac.com/mlb/cincinnati-reds/cash/_/year/2026,not_found_on_tax_page;not_found_on_contracts_page,
2026-07-08T14:16:26+00:00,2026,CIN,Cincinnati Reds,cincinnati-reds,Brock Burke,brockburke,https://www.spotrac.com/mlb/player/_/id/28158/brock-burke,RP,29,5.045,,,2026 Active Roster,2026 Active Roster,Cincinnati Reds Contracts,,,Arbitration 3,Arbitration,,2325000,0.95,2325000,2325000,,,2026,2026,2026,1,2325000,2325000,656271,CIN,Active,true,https://www.spotrac.com/mlb/cincinnati-reds/cash/_/year/2026 | https://www.spotrac.com/mlb/cincinnati-reds/contracts | https://www.spotrac.com/mlb/cincinnati-reds/tax/_/year/2026,,
2026-07-08T14:16:26+00:00,2026,CIN,Cincinnati Reds,cincinnati-reds,Caleb Ferguson,calebferguson,https://www.spotrac.com/mlb/player/_/id/26023/caleb-ferguson,RP,29,7.093,,,2026 Active Roster,2026 Active Roster,Cincinnati Reds Contracts,,,Free Agent,Free Agent,,4500000,1.84,4500000,4500000,,,2026,2026,2026,1,4500000,4500000,657571,CIN,Active,true,https://www.spotrac.com/mlb/cincinnati-reds/cash/_/year/2026 | https://www.spotrac.com/mlb/cincinnati-reds/contracts | https://www.spotrac.com/mlb/cincinnati-reds/tax/_/year/2026,,
2026-07-08T14:16:26+00:00,2026,CIN,Cincinnati Reds,cincinnati-reds,Carlos Goncalves,carlosgoncalves,https://www.spotrac.com/mlb/player/_/id/105649/carlos-goncalves,C,17,,,,,2026 Signing Bonus,,,,,,,,,40000,,40000,,,,,,,,,,,false,https://www.spotrac.com/mlb/cincinnati-reds/cash/_/year/2026,not_found_on_tax_page;not_found_on_contracts_page,
2026-07-08T14:16:26+00:00,2026,CIN,Cincinnati Reds,cincinnati-reds,Carlos Hernandez,carloshernandez,https://www.spotrac.com/mlb/player/_/id/105369/carlos-hernandez,SS,17,,,,,2026 Signing Bonus,,,,,,,,,1000000,,1000000,,,,,,,,,,,false,https://www.spotrac.com/mlb/cincinnati-reds/cash/_/year/2026,not_found_on_tax_page;not_found_on_contracts_page,
2026-07-08T14:16:26+00:00,2026,CIN,Cincinnati Reds,cincinnati-reds,Chase Burns,chaseburns,https://www.spotrac.com/mlb/player/_/id/73735/chase-burns,SP,23,0.097,,,2026 Active Roster,2026 Active Roster,Cincinnati Reds Contracts,,,Pre-Arbitration,Pre-Arbitration,,785000,0.32,785000,785000,,,2026,2026,2026,1,785000,785000,695505,CIN,Active,true,https://www.spotrac.com/mlb/cincinnati-reds/cash/_/year/2026 | https://www.spotrac.com/mlb/cincinnati-reds/contracts | https://www.spotrac.com/mlb/cincinnati-reds/tax/_/year/2026,,
2026-07-08T14:16:26+00:00,2026,CIN,Cincinnati Reds,cincinnati-reds,Chase Petty,chasepetty,https://www.spotrac.com/mlb/player/_/id/73288/chase-petty,RP,23,0.014,,,2026 Minor,2026 Minor,,,,Pre-Arbitration,,,112617,0.05,112617,112617,,,,,,,,,695534,CIN,Reassigned to Minors,true,https://www.spotrac.com/mlb/cincinnati-reds/cash/_/year/2026 | https://www.spotrac.com/mlb/cincinnati-reds/tax/_/year/2026,not_found_on_contracts_page,
2026-07-08T14:16:26+00:00,2026,CIN,Cincinnati Reds,cincinnati-reds,Chris Paddack,chrispaddack,https://www.spotrac.com/mlb/player/_/id/28169/chris-paddack,SP,30,7.000,,,2026 Dead Money,2026 Dead Money,,,,,,,166840,0.07,166840,166840,,,,,,,,,,,,false,https://www.spotrac.com/mlb/cincinnati-reds/cash/_/year/2026 | https://www.spotrac.com/mlb/cincinnati-reds/tax/_/year/2026,not_found_on_contracts_page,
2026-07-08T14:16:26+00:00,2026,CIN,Cincinnati Reds,cincinnati-reds,Christian Encarnacion-Strand,christianencarnacionstrand,https://www.spotrac.com/mlb/player/_/id/73391/christian-encarnacion-strand,1B,26,2.012,,,2026 Dead Money,2026 Dead Money,,,,,,,26659,0.01,26659,26659,,,,,,,,,687952,BAL,Reassigned to Minors,true_other_team,https://www.spotrac.com/mlb/cincinnati-reds/cash/_/year/2026 | https://www.spotrac.com/mlb/cincinnati-reds/tax/_/year/2026,not_found_on_contracts_page,
2026-07-08T14:16:26+00:00,2026,CIN,Cincinnati Reds,cincinnati-reds,Connor Phillips,connorphillips,https://www.spotrac.com/mlb/player/_/id/48420/connor-phillips,RP,25,0.081,,,2026 Minor,2026 Minor,,,,Pre-Arbitration,,,250740,0.10,250740,250740,,,,,,,,,683175,CIN,Reassigned to Minors,true,https://www.spotrac.com/mlb/cincinnati-reds/cash/_/year/2026 | https://www.spotrac.com/mlb/cincinnati-reds/tax/_/year/2026,not_found_on_contracts_page,
2026-07-08T14:16:26+00:00,2026,CIN,Cincinnati Reds,cincinnati-reds,Dane Myers,danemyers,https://www.spotrac.com/mlb/player/_/id/23398/dane-myers,OF,30,2.037,,,2026 Injured List,2026 Injured List,Cincinnati Reds Contracts,,,Pre-Arbitration,Pre-Arbitration,,800000,0.33,800000,800000,,,2026,2026,2026,1,800000,800000,667472,CIN,Injured 10-Day,true,https://www.spotrac.com/mlb/cincinnati-reds/cash/_/year/2026 | https://www.spotrac.com/mlb/cincinnati-reds/contracts | https://www.spotrac.com/mlb/cincinnati-reds/tax/_/year/2026,,
2026-07-08T14:16:26+00:00,2026,CIN,Cincinnati Reds,cincinnati-reds,Daniel Burgos,danielburgos,https://www.spotrac.com/mlb/player/_/id/105648/daniel-burgos,P,17,,,,,2026 Signing Bonus,,,,,,,,,50000,,50000,,,,,,,,,,,false,https://www.spotrac.com/mlb/cincinnati-reds/cash/_/year/2026,not_found_on_tax_page;not_found_on_contracts_page,
2026-07-08T14:16:26+00:00,2026,CIN,Cincinnati Reds,cincinnati-reds,Diego Pacheco,diegopacheco,https://www.spotrac.com/mlb/player/_/id/105370/diego-pacheco,C,17,,,,,2026 Signing Bonus,,,,,,,,,700000,,700000,,,,,,,,,,,false,https://www.spotrac.com/mlb/cincinnati-reds/cash/_/year/2026,not_found_on_tax_page;not_found_on_contracts_page,
2026-07-08T14:16:26+00:00,2026,CIN,Cincinnati Reds,cincinnati-reds,Edwin Arroyo,edwinarroyo,https://www.spotrac.com/mlb/player/_/id/73310/edwin-arroyo,SS,22,,,,2026 Active Roster,2026 Active Roster,Cincinnati Reds Contracts,,,Pre-Arbitration,Pre-Arbitration,,492178,0.20,492178,492178,,,2026,2026,2026,1,780000,780000,695490,CIN,Active,true,https://www.spotrac.com/mlb/cincinnati-reds/cash/_/year/2026 | https://www.spotrac.com/mlb/cincinnati-reds/contracts | https://www.spotrac.com/mlb/cincinnati-reds/tax/_/year/2026,,
2026-07-08T14:16:26+00:00,2026,CIN,Cincinnati Reds,cincinnati-reds,Eider Gutierrez,eidergutierrez,https://www.spotrac.com/mlb/player/_/id/105652/eider-gutierrez,OF,17,,,,,2026 Signing Bonus,,,,,,,,,150000,,150000,,,,,,,,,,,false,https://www.spotrac.com/mlb/cincinnati-reds/cash/_/year/2026,not_found_on_tax_page;not_found_on_contracts_page,
2026-07-08T14:16:26+00:00,2026,CIN,Cincinnati Reds,cincinnati-reds,Eliezer Arias,eliezerarias,https://www.spotrac.com/mlb/player/_/id/105373/eliezer-arias,SS,17,,,,,2026 Signing Bonus,,,,,,,,,335000,,335000,,,,,,,,,,,false,https://www.spotrac.com/mlb/cincinnati-reds/cash/_/year/2026,not_found_on_tax_page;not_found_on_contracts_page,
2026-07-08T14:16:26+00:00,2026,CIN,Cincinnati Reds,cincinnati-reds,Elly De La Cruz,ellydelacruz,https://www.spotrac.com/mlb/player/_/id/27390/elly-de-la-cruz,SS,24,2.118,,,2026 Active Roster,2026 Active Roster,Cincinnati Reds Contracts,,,Pre-Arbitration,Pre-Arbitration,,800000,0.33,800000,800000,,,2026,2026,2026,1,800000,800000,682829,CIN,Active,true,https://www.spotrac.com/mlb/cincinnati-reds/cash/_/year/2026 | https://www.spotrac.com/mlb/cincinnati-reds/contracts | https://www.spotrac.com/mlb/cincinnati-reds/tax/_/year/2026,,
2026-07-08T14:16:26+00:00,2026,CIN,Cincinnati Reds,cincinnati-reds,Emilio Pagan,emiliopagan,https://www.spotrac.com/mlb/player/_/id/22485/emilio-pagan,RP,35,8.091,,,2026 Active Roster,2026 Active Roster,Cincinnati Reds Contracts,,,Free Agent,Free Agent,,10000000,4.10,10000000,10000000,,,2026,2026,2027,2,20000000,10000000,641941,CIN,Active,true,https://www.spotrac.com/mlb/cincinnati-reds/cash/_/year/2026 | https://www.spotrac.com/mlb/cincinnati-reds/contracts | https://www.spotrac.com/mlb/cincinnati-reds/tax/_/year/2026,,
2026-07-08T14:16:26+00:00,2026,CIN,Cincinnati Reds,cincinnati-reds,Eugenio Suarez,eugeniosuarez,https://www.spotrac.com/mlb/player/_/id/14147/eugenio-suarez,3B,34,11.061,,,2026 Active Roster,2026 Active Roster,Cincinnati Reds Contracts,,,Free Agent,Free Agent,,15000000,6.15,15000000,15000000,,,2026,2026,2027,1,15000000,15000000,553993,CIN,Active,true,https://www.spotrac.com/mlb/cincinnati-reds/cash/_/year/2026 | https://www.spotrac.com/mlb/cincinnati-reds/contracts | https://www.spotrac.com/mlb/cincinnati-reds/tax/_/year/2026,,
2026-07-08T14:16:26+00:00,2026,CIN,Cincinnati Reds,cincinnati-reds,Gilventon Josephina,gilventonjosephina,https://www.spotrac.com/mlb/player/_/id/105650/gilventon-josephina,OF,17,,,,,2026 Signing Bonus,,,,,,,,,300000,,300000,,,,,,,,,,,false,https://www.spotrac.com/mlb/cincinnati-reds/cash/_/year/2026,not_found_on_tax_page;not_found_on_contracts_page,
2026-07-08T14:16:26+00:00,2026,CIN,Cincinnati Reds,cincinnati-reds,Graham Ashcraft,grahamashcraft,https://www.spotrac.com/mlb/player/_/id/31114/graham-ashcraft,RP,28,3.130,,,2026 Injured List,2026 Injured List,Cincinnati Reds Contracts,,,Arbitration 1,Arbitration,,1750000,,1750000,1750000,,,2026,2026,2026,1,1750000,1750000,668933,CIN,Injured 60-Day,true,https://www.spotrac.com/mlb/cincinnati-reds/cash/_/year/2026 | https://www.spotrac.com/mlb/cincinnati-reds/contracts | https://www.spotrac.com/mlb/cincinnati-reds/tax/_/year/2026,,
2026-07-08T14:16:26+00:00,2026,CIN,Cincinnati Reds,cincinnati-reds,Hector Rodriguez,hectorrodriguez,https://www.spotrac.com/mlb/player/_/id/88932/hector-rodriguez,OF,,,,,2026 Minor,,,,,Pre-Arbitration,,,,,,,,,,,,,,,699302,CIN,Reassigned to Minors,true,https://www.spotrac.com/mlb/cincinnati-reds/tax/_/year/2026,missing_all_money_fields;not_found_on_cash_page;not_found_on_contracts_page,
2026-07-08T14:16:26+00:00,2026,CIN,Cincinnati Reds,cincinnati-reds,Hunter Greene,huntergreene,https://www.spotrac.com/mlb/player/_/id/23211/hunter-greene,SP,26,4.000,,,2026 Active Roster,2026 Active Roster,Cincinnati Reds Contracts,,,Extension Pre-Arbitration,Extension Pre-Arbitration,,8833333,3.62,8000000,8000000,,,2023,2023,2029,6,53000000,8833333,668881,CIN,Active,true,https://www.spotrac.com/mlb/cincinnati-reds/cash/_/year/2026 | https://www.spotrac.com/mlb/cincinnati-reds/contracts | https://www.spotrac.com/mlb/cincinnati-reds/tax/_/year/2026,,
2026-07-08T14:16:26+00:00,2026,CIN,Cincinnati Reds,cincinnati-reds,Ivan Johnson,ivanjohnson,https://www.spotrac.com/mlb/player/_/id/30514/ivan-johnson,2B,27,,,,2026 Active Roster,2026 Active Roster,Cincinnati Reds Contracts,,,Pre-Arbitration,Pre-Arbitration,,780000,0.32,780000,780000,,,2026,2026,2026,1,780000,780000,671155,CIN,Active,true,https://www.spotrac.com/mlb/cincinnati-reds/cash/_/year/2026 | https://www.spotrac.com/mlb/cincinnati-reds/contracts | https://www.spotrac.com/mlb/cincinnati-reds/tax/_/year/2026,,
2026-07-08T14:16:26+00:00,2026,CIN,Cincinnati Reds,cincinnati-reds,J.J. Bleday,jjbleday,https://www.spotrac.com/mlb/player/_/id/30402/jj-bleday,LF,28,3.029,,,2026 Active Roster,2026 Active Roster,Cincinnati Reds Contracts,,,Free Agent,Free Agent,,1400000,0.57,1400000,1400000,,,2026,2026,2026,1,1400000,1400000,668709,CIN,Active,true,https://www.spotrac.com/mlb/cincinnati-reds/cash/_/year/2026 | https://www.spotrac.com/mlb/cincinnati-reds/contracts | https://www.spotrac.com/mlb/cincinnati-reds/tax/_/year/2026,,
2026-07-08T14:16:26+00:00,2026,CIN,Cincinnati Reds,cincinnati-reds,Jeimer Candelario,jeimercandelario,https://www.spotrac.com/mlb/player/_/id/18370/jeimer-candelario,3B,32,7.133,,,2026 Retained,2026 Dead Money,,,,Retained,,,14920323,,3000000,3000000,,,,,,,,,,,,false,https://www.spotrac.com/mlb/cincinnati-reds/cash/_/year/2026 | https://www.spotrac.com/mlb/cincinnati-reds/tax/_/year/2026,not_found_on_contracts_page,
2026-07-08T14:16:26+00:00,2026,CIN,Cincinnati Reds,cincinnati-reds,Jose Colina,josecolina,https://www.spotrac.com/mlb/player/_/id/105372/jose-colina,OF,17,,,,,2026 Signing Bonus,,,,,,,,,450000,,450000,,,,,,,,,,,false,https://www.spotrac.com/mlb/cincinnati-reds/cash/_/year/2026,not_found_on_tax_page;not_found_on_contracts_page,
2026-07-08T14:16:26+00:00,2026,CIN,Cincinnati Reds,cincinnati-reds,Jose Franco,josefranco,https://www.spotrac.com/mlb/player/_/id/86944/jose-franco,RP,25,,,,2026 Minor,2026 Minor,,,,Pre-Arbitration,,,150156,0.06,150156,150156,,,,,,,,,683742,CIN,Reassigned to Minors,true,https://www.spotrac.com/mlb/cincinnati-reds/cash/_/year/2026 | https://www.spotrac.com/mlb/cincinnati-reds/tax/_/year/2026,not_found_on_contracts_page,
2026-07-08T14:16:26+00:00,2026,CIN,Cincinnati Reds,cincinnati-reds,Jose Saldana,josesaldana,https://www.spotrac.com/mlb/player/_/id/105647/jose-saldana,P,16,,,,,2026 Signing Bonus,,,,,,,,,40000,,40000,,,,,,,,,,,false,https://www.spotrac.com/mlb/cincinnati-reds/cash/_/year/2026,not_found_on_tax_page;not_found_on_contracts_page,
2026-07-08T14:16:26+00:00,2026,CIN,Cincinnati Reds,cincinnati-reds,Jose Trevino,josetrevino,https://www.spotrac.com/mlb/player/_/id/24570/jose-trevino,C,33,6.063,,,2026 Active Roster,2026 Active Roster,Cincinnati Reds Contracts,,,Extension,Extension,,5750000,2.36,5250000,5250000,,,2026,2026,2028,2,11500000,5750000,624431,CIN,Active,true,https://www.spotrac.com/mlb/cincinnati-reds/cash/_/year/2026 | https://www.spotrac.com/mlb/cincinnati-reds/contracts | https://www.spotrac.com/mlb/cincinnati-reds/tax/_/year/2026,,
2026-07-08T14:16:26+00:00,2026,CIN,Cincinnati Reds,cincinnati-reds,Juandy Romero,juandyromero,https://www.spotrac.com/mlb/player/_/id/105651/juandy-romero,2B,17,,,,,2026 Signing Bonus,,,,,,,,,225000,,225000,,,,,,,,,,,false,https://www.spotrac.com/mlb/cincinnati-reds/cash/_/year/2026,not_found_on_tax_page;not_found_on_contracts_page,
2026-07-08T14:16:26+00:00,2026,CIN,Cincinnati Reds,cincinnati-reds,Julian Aguiar,julianaguiar,https://www.spotrac.com/mlb/player/_/id/73720/julian-aguiar,SP,25,1.042,,,2026 Minor,2026 Minor,,,,Pre-Arbitration,,,,,820000,820000,,,,,,,,,687924,CIN,Reassigned to Minors,true,https://www.spotrac.com/mlb/cincinnati-reds/cash/_/year/2026 | https://www.spotrac.com/mlb/cincinnati-reds/tax/_/year/2026,not_found_on_contracts_page,
2026-07-08T14:16:26+00:00,2026,CIN,Cincinnati Reds,cincinnati-reds,Julian Garcia,juliangarcia,https://www.spotrac.com/mlb/player/_/id/20201/julian-garcia,RP,31,,,,2026 Active Roster,2026 Active Roster,Cincinnati Reds Contracts,,,Pre-Arbitration,Pre-Arbitration,,404587,0.17,404587,404587,,,2026,2026,2026,1,780000,780000,670062,CIN,Active,true,https://www.spotrac.com/mlb/cincinnati-reds/cash/_/year/2026 | https://www.spotrac.com/mlb/cincinnati-reds/contracts | https://www.spotrac.com/mlb/cincinnati-reds/tax/_/year/2026,,
2026-07-08T14:16:26+00:00,2026,CIN,Cincinnati Reds,cincinnati-reds,Ke'Bryan Hayes,kebryanhayes,https://www.spotrac.com/mlb/player/_/id/17648/kebryan-hayes,3B,29,5.075,,,2026 Injured List,2026 Injured List,Cincinnati Reds Contracts,,,Extension Pre-Arbitration,Extension Pre-Arbitration,,8750000,3.59,7000000,7000000,,,2022,2022,2030,8,70000000,8750000,663647,CIN,Injured 10-Day,true,https://www.spotrac.com/mlb/cincinnati-reds/cash/_/year/2026 | https://www.spotrac.com/mlb/cincinnati-reds/contracts | https://www.spotrac.com/mlb/cincinnati-reds/tax/_/year/2026,,
2026-07-08T14:16:26+00:00,2026,CIN,Cincinnati Reds,cincinnati-reds,Kyle Nicolas,kylenicolas,https://www.spotrac.com/mlb/player/_/id/48417/kyle-nicolas,RP,27,1.090,,,2026 Dead Money,2026 Dead Money,,,,,,,65775,0.03,65775,65775,,,,,,,,,693312,WSH,Reassigned to Minors,true_other_team,https://www.spotrac.com/mlb/cincinnati-reds/cash/_/year/2026 | https://www.spotrac.com/mlb/cincinnati-reds/tax/_/year/2026,not_found_on_contracts_page,
2026-07-08T14:16:26+00:00,2026,CIN,Cincinnati Reds,cincinnati-reds,Leonardo Balcazar,leonardobalcazar,https://www.spotrac.com/mlb/player/_/id/71378/leonardo-balcazar,SS,,,,,2026 Minor,,,,,Pre-Arbitration,,,,,,,,,,,,,,,,,,false,https://www.spotrac.com/mlb/cincinnati-reds/tax/_/year/2026,missing_all_money_fields;not_found_on_cash_page;not_found_on_contracts_page,
2026-07-08T14:16:26+00:00,2026,CIN,Cincinnati Reds,cincinnati-reds,Luis Delgado,luisdelgado,https://www.spotrac.com/mlb/player/_/id/105654/luis-delgado,P,17,,,,,2026 Signing Bonus,,,,,,,,,95000,,95000,,,,,,,,,,,false,https://www.spotrac.com/mlb/cincinnati-reds/cash/_/year/2026,not_found_on_tax_page;not_found_on_contracts_page,
2026-07-08T14:16:26+00:00,2026,CIN,Cincinnati Reds,cincinnati-reds,Luis Mey,luismey,https://www.spotrac.com/mlb/player/_/id/86940/luis-mey,RP,25,0.057,,,2026 Minor,2026 Minor,,,,Pre-Arbitration,,,95933,0.04,95933,95933,,,,,,,,,682825,CIN,Reassigned to Minors,true,https://www.spotrac.com/mlb/cincinnati-reds/cash/_/year/2026 | https://www.spotrac.com/mlb/cincinnati-reds/tax/_/year/2026,not_found_on_contracts_page,
2026-07-08T14:16:26+00:00,2026,CIN,Cincinnati Reds,cincinnati-reds,Lyon Richardson,lyonrichardson,https://www.spotrac.com/mlb/player/_/id/26070/lyon-richardson,RP,26,0.150,,,2026 Dead Money,2026 Dead Money,,,,,,,16684,0.01,16684,16684,,,,,,,,,,,,false,https://www.spotrac.com/mlb/cincinnati-reds/cash/_/year/2026 | https://www.spotrac.com/mlb/cincinnati-reds/tax/_/year/2026,not_found_on_contracts_page,
2026-07-08T14:16:26+00:00,2026,CIN,Cincinnati Reds,cincinnati-reds,Matt McLain,mattmclain,https://www.spotrac.com/mlb/player/_/id/73279/matt-mclain,2B,26,2.140,,,2026 Active Roster,2026 Active Roster,Cincinnati Reds Contracts,,,Arbitration 1 Super Two,Arbitration,,2300000,0.94,2300000,2300000,,,2026,2026,2026,1,2300000,2300000,680574,CIN,Active,true,https://www.spotrac.com/mlb/cincinnati-reds/cash/_/year/2026 | https://www.spotrac.com/mlb/cincinnati-reds/contracts | https://www.spotrac.com/mlb/cincinnati-reds/tax/_/year/2026,,
2026-07-08T14:16:26+00:00,2026,CIN,Cincinnati Reds,cincinnati-reds,Nathaniel Lowe,nathaniellowe,https://www.spotrac.com/mlb/player/_/id/29550/nathaniel-lowe,1B,30,5.145,,,2026 Active Roster,2026 Active Roster,Cincinnati Reds Contracts,,,Free Agent,Free Agent,,1750000,0.72,1750000,1750000,,,2026,2026,2026,1,1750000,1750000,663993,CIN,Active,true,https://www.spotrac.com/mlb/cincinnati-reds/cash/_/year/2026 | https://www.spotrac.com/mlb/cincinnati-reds/contracts | https://www.spotrac.com/mlb/cincinnati-reds/tax/_/year/2026,,
2026-07-08T14:16:26+00:00,2026,CIN,Cincinnati Reds,cincinnati-reds,Nick Lodolo,nicklodolo,https://www.spotrac.com/mlb/player/_/id/30405/nick-lodolo,SP,28,4.000,,,2026 Active Roster,2026 Active Roster,Cincinnati Reds Contracts,,,Arbitration 2,Arbitration,,4725000,1.94,4725000,4725000,,,2026,2026,2026,1,4725000,4725000,666157,CIN,Active,true,https://www.spotrac.com/mlb/cincinnati-reds/cash/_/year/2026 | https://www.spotrac.com/mlb/cincinnati-reds/contracts | https://www.spotrac.com/mlb/cincinnati-reds/tax/_/year/2026,,
2026-07-08T14:16:26+00:00,2026,CIN,Cincinnati Reds,cincinnati-reds,Nishentel Meyers,nishentelmeyers,https://www.spotrac.com/mlb/player/_/id/105646/nishentel-meyers,2B,17,,,,,2026 Signing Bonus,,,,,,,,,125000,,125000,,,,,,,,,,,false,https://www.spotrac.com/mlb/cincinnati-reds/cash/_/year/2026,not_found_on_tax_page;not_found_on_contracts_page,
2026-07-08T14:16:26+00:00,2026,CIN,Cincinnati Reds,cincinnati-reds,Noelvi Marte,noelvimarte,https://www.spotrac.com/mlb/player/_/id/27529/noelvi-marte,OF,24,1.139,,,2026 Active Roster,2026 Active Roster,Cincinnati Reds Contracts,,,Pre-Arbitration,Pre-Arbitration,,574600,0.24,574600,574600,,,2026,2026,2026,1,790000,790000,682622,CIN,Active,true,https://www.spotrac.com/mlb/cincinnati-reds/cash/_/year/2026 | https://www.spotrac.com/mlb/cincinnati-reds/contracts | https://www.spotrac.com/mlb/cincinnati-reds/tax/_/year/2026,,
2026-07-08T14:16:26+00:00,2026,CIN,Cincinnati Reds,cincinnati-reds,P.J. Higgins,pjhiggins,https://www.spotrac.com/mlb/player/_/id/48838/pj-higgins,C,33,1.103,,,2026 Minor,2026 Minor,,,,Free Agent,,,201710,,201710,201710,,,,,,,,,,,,false,https://www.spotrac.com/mlb/cincinnati-reds/cash/_/year/2026 | https://www.spotrac.com/mlb/cincinnati-reds/tax/_/year/2026,not_found_on_contracts_page,
2026-07-08T14:16:26+00:00,2026,CIN,Cincinnati Reds,cincinnati-reds,Pierce Johnson,piercejohnson,https://www.spotrac.com/mlb/player/_/id/18371/pierce-johnson,RP,35,6.137,,,2026 Active Roster,2026 Active Roster,Cincinnati Reds Contracts,,,Free Agent,Free Agent,,6500000,2.66,5500000,5500000,,,2026,2026,2027,1,6500000,6500000,572955,CIN,Active,true,https://www.spotrac.com/mlb/cincinnati-reds/cash/_/year/2026 | https://www.spotrac.com/mlb/cincinnati-reds/contracts | https://www.spotrac.com/mlb/cincinnati-reds/tax/_/year/2026,,
2026-07-08T14:16:26+00:00,2026,CIN,Cincinnati Reds,cincinnati-reds,Rece Hinds,recehinds,https://www.spotrac.com/mlb/player/_/id/30447/rece-hinds,RF,25,0.089,,,2026 Dead Money,2026 Dead Money,,,,,,,79249,0.03,79249,79249,,,,,,,,,677956,MIA,Reassigned to Minors,true_other_team,https://www.spotrac.com/mlb/cincinnati-reds/cash/_/year/2026 | https://www.spotrac.com/mlb/cincinnati-reds/tax/_/year/2026,not_found_on_contracts_page,
2026-07-08T14:16:26+00:00,2026,CIN,Cincinnati Reds,cincinnati-reds,Rhett Lowder,rhettlowder,https://www.spotrac.com/mlb/player/_/id/83157/rhett-lowder,SP,24,1.031,,,2026 Active Roster,2026 Active Roster,Cincinnati Reds Contracts,,,Pre-Arbitration,Pre-Arbitration,,790000,0.32,790000,790000,,,2026,2026,2026,1,790000,790000,695076,CIN,Active,true,https://www.spotrac.com/mlb/cincinnati-reds/cash/_/year/2026 | https://www.spotrac.com/mlb/cincinnati-reds/contracts | https://www.spotrac.com/mlb/cincinnati-reds/tax/_/year/2026,,
2026-07-08T14:16:26+00:00,2026,CIN,Cincinnati Reds,cincinnati-reds,Ronny Felix,ronnyfelix,https://www.spotrac.com/mlb/player/_/id/105653/ronny-felix,OF,17,,,,,2026 Signing Bonus,,,,,,,,,175000,,175000,,,,,,,,,,,false,https://www.spotrac.com/mlb/cincinnati-reds/cash/_/year/2026,not_found_on_tax_page;not_found_on_contracts_page,
2026-07-08T14:16:26+00:00,2026,CIN,Cincinnati Reds,cincinnati-reds,Sal Stewart,salstewart,https://www.spotrac.com/mlb/player/_/id/78613/sal-stewart,1B,22,0.028,,,2026 Active Roster,2026 Active Roster,Cincinnati Reds Contracts,,,Pre-Arbitration,Pre-Arbitration,,781500,0.32,781500,781500,,,2026,2026,2026,1,781500,781500,701398,CIN,Active,true,https://www.spotrac.com/mlb/cincinnati-reds/cash/_/year/2026 | https://www.spotrac.com/mlb/cincinnati-reds/contracts | https://www.spotrac.com/mlb/cincinnati-reds/tax/_/year/2026,,
2026-07-08T14:16:26+00:00,2026,CIN,Cincinnati Reds,cincinnati-reds,Sam Moll,sammoll,https://www.spotrac.com/mlb/player/_/id/21249/sam-moll,RP,34,4.023,,,2026 Active Roster,2026 Active Roster,Cincinnati Reds Contracts,,,Arbitration 2,Arbitration,,875000,0.36,875000,875000,,,2026,2026,2026,1,875000,875000,594580,CIN,Active,true,https://www.spotrac.com/mlb/cincinnati-reds/cash/_/year/2026 | https://www.spotrac.com/mlb/cincinnati-reds/contracts | https://www.spotrac.com/mlb/cincinnati-reds/tax/_/year/2026,,
2026-07-08T14:16:26+00:00,2026,CIN,Cincinnati Reds,cincinnati-reds,Scott Barlow,scottbarlow,https://www.spotrac.com/mlb/player/_/id/24660/scott-barlow,RP,33,,,,,2026 Dead Money,,,,,,,,,1000000,1000000,,,,,,,,,,,,false,https://www.spotrac.com/mlb/cincinnati-reds/cash/_/year/2026,not_found_on_tax_page;not_found_on_contracts_page,
2026-07-08T14:16:26+00:00,2026,CIN,Cincinnati Reds,cincinnati-reds,Spencer Steer,spencersteer,https://www.spotrac.com/mlb/player/_/id/30488/spencer-steer,LF,28,3.035,,,2026 Active Roster,2026 Active Roster,Cincinnati Reds Contracts,,,Arbitration 1,Arbitration,,4000000,1.64,4000000,4000000,,,2026,2026,2026,1,4000000,4000000,668715,CIN,Active,true,https://www.spotrac.com/mlb/cincinnati-reds/cash/_/year/2026 | https://www.spotrac.com/mlb/cincinnati-reds/contracts | https://www.spotrac.com/mlb/cincinnati-reds/tax/_/year/2026,,
2026-07-08T14:16:26+00:00,2026,CIN,Cincinnati Reds,cincinnati-reds,T.J. Friedl,tjfriedl,https://www.spotrac.com/mlb/player/_/id/49532/tj-friedl,CF,30,3.112,,,2026 Active Roster,2026 Active Roster,Cincinnati Reds Contracts,,,Arbitration 1,Arbitration,,3800000,1.56,3800000,3800000,,,2026,2026,2026,1,3800000,3800000,670770,CIN,Active,true,https://www.spotrac.com/mlb/cincinnati-reds/cash/_/year/2026 | https://www.spotrac.com/mlb/cincinnati-reds/contracts | https://www.spotrac.com/mlb/cincinnati-reds/tax/_/year/2026,,
2026-07-08T14:16:26+00:00,2026,CIN,Cincinnati Reds,cincinnati-reds,Tejay Antone,tejayantone,https://www.spotrac.com/mlb/player/_/id/35726/tejay-antone,RP,32,5.000,,,2026 Active Roster,2026 Active Roster,Cincinnati Reds Contracts,,,Free Agent,Free Agent,,654480,0.27,654480,654480,,,2026,2026,2026,1,850000,850000,622088,CIN,Active,true,https://www.spotrac.com/mlb/cincinnati-reds/cash/_/year/2026 | https://www.spotrac.com/mlb/cincinnati-reds/contracts | https://www.spotrac.com/mlb/cincinnati-reds/tax/_/year/2026,,
2026-07-08T14:16:26+00:00,2026,CIN,Cincinnati Reds,cincinnati-reds,Tony Santillan,tonysantillan,https://www.spotrac.com/mlb/player/_/id/73094/tony-santillan,RP,29,3.099,,,2026 Injured List,2026 Injured List,Cincinnati Reds Contracts,,,Arbitration 1,Arbitration,,1800000,0.74,1800000,1800000,,,2026,2026,2026,1,1800000,1800000,663574,CIN,Injured 15-Day,true,https://www.spotrac.com/mlb/cincinnati-reds/cash/_/year/2026 | https://www.spotrac.com/mlb/cincinnati-reds/contracts | https://www.spotrac.com/mlb/cincinnati-reds/tax/_/year/2026,,
2026-07-08T14:16:26+00:00,2026,CIN,Cincinnati Reds,cincinnati-reds,Tyler Stephenson,tylerstephenson,https://www.spotrac.com/mlb/player/_/id/17626/tyler-stephenson,C,29,5.056,,,2026 Active Roster,2026 Active Roster,Cincinnati Reds Contracts,,,Arbitration 3,Arbitration,,6800000,2.79,6800000,6800000,,,2026,2026,2026,1,6800000,6800000,663886,CIN,Active,true,https://www.spotrac.com/mlb/cincinnati-reds/cash/_/year/2026 | https://www.spotrac.com/mlb/cincinnati-reds/contracts | https://www.spotrac.com/mlb/cincinnati-reds/tax/_/year/2026,,
2026-07-08T14:16:26+00:00,2026,CIN,Cincinnati Reds,cincinnati-reds,Will Banfield,willbanfield,https://www.spotrac.com/mlb/player/_/id/26093/will-banfield,C,,0.040,,,2026 Minor,,,,,Free Agent,,,,,,,,,,,,,,,677943,CIN,Reassigned to Minors,true,https://www.spotrac.com/mlb/cincinnati-reds/tax/_/year/2026,missing_all_money_fields;not_found_on_cash_page;not_found_on_contracts_page,
2026-07-08T14:16:26+00:00,2026,CIN,Cincinnati Reds,cincinnati-reds,Will Benson,willbenson,https://www.spotrac.com/mlb/player/_/id/20126/will-benson,RF,28,3.003,,,2026 Minor,2026 Minor,,,,Arbitration 1,,,1725000,,1725000,1725000,,,,,,,,,,,,false,https://www.spotrac.com/mlb/cincinnati-reds/cash/_/year/2026 | https://www.spotrac.com/mlb/cincinnati-reds/tax/_/year/2026,not_found_on_contracts_page,
2026-07-08T14:16:26+00:00,2026,CIN,Cincinnati Reds,cincinnati-reds,Xander Nolasco,xandernolasco,https://www.spotrac.com/mlb/player/_/id/105655/xander-nolasco,C,17,,,,,2026 Signing Bonus,,,,,,,,,50000,,50000,,,,,,,,,,,false,https://www.spotrac.com/mlb/cincinnati-reds/cash/_/year/2026,not_found_on_tax_page;not_found_on_contracts_page,
2026-07-08T14:16:26+00:00,2026,CIN,Cincinnati Reds,cincinnati-reds,Yunior Marte,yuniormarte,https://www.spotrac.com/mlb/player/_/id/28874/yunior-marte,RP,31,1.165,,,2026 Dead Money,2026 Dead Money,,,,,,,12513,0.01,12513,12513,,,,,,,,,,,,false,https://www.spotrac.com/mlb/cincinnati-reds/cash/_/year/2026 | https://www.spotrac.com/mlb/cincinnati-reds/tax/_/year/2026,not_found_on_contracts_page,
2026-07-08T14:16:26+00:00,2026,CIN,Cincinnati Reds,cincinnati-reds,Zach Maxwell,zachmaxwell,https://www.spotrac.com/mlb/player/_/id/32382/zach-maxwell,RP,25,0.038,,,2026 Minor,2026 Minor,,,,Pre-Arbitration,,,141814,0.06,141814,141814,,,,,,,,,687209,CIN,Reassigned to Minors,true,https://www.spotrac.com/mlb/cincinnati-reds/cash/_/year/2026 | https://www.spotrac.com/mlb/cincinnati-reds/tax/_/year/2026,not_found_on_contracts_page,
2026-07-08T14:16:26+00:00,2026,CIN,Cincinnati Reds,cincinnati-reds,Zach McCambley,zachmccambley,https://www.spotrac.com/mlb/player/_/id/48431/zach-mccambley,RP,27,,,,2026 Minor,2026 Minor,,,,Pre-Arbitration,,,50052,0.02,50052,50052,,,,,,,,,685112,CIN,Reassigned to Minors,true,https://www.spotrac.com/mlb/cincinnati-reds/cash/_/year/2026 | https://www.spotrac.com/mlb/cincinnati-reds/tax/_/year/2026,not_found_on_contracts_page,
2026-07-08T14:16:26+00:00,2026,CLE,Cleveland Guardians,cleveland-guardians,Andres Gimenez,andresgimenez,https://www.spotrac.com/mlb/player/_/id/24208/andres-gimenez,2B,,5.106,,,2026 Retained,,,,,Retained,,,-4085714,,,,,,,,,,,,665926,TOR,Active,true_other_team,https://www.spotrac.com/mlb/cleveland-guardians/tax/_/year/2026,not_found_on_cash_page;not_found_on_contracts_page,
2026-07-08T14:16:26+00:00,2026,CLE,Cleveland Guardians,cleveland-guardians,Andres Perez,andresperez,https://www.spotrac.com/mlb/player/_/id/105576/andres-perez,P,17,,,,,2026 Signing Bonus,,,,,,,,,20000,,20000,,,,,,,,,,,false,https://www.spotrac.com/mlb/cleveland-guardians/cash/_/year/2026,not_found_on_tax_page;not_found_on_contracts_page,
2026-07-08T14:16:26+00:00,2026,CLE,Cleveland Guardians,cleveland-guardians,Andrew Walters,andrewwalters,https://www.spotrac.com/mlb/player/_/id/79079/andrew-walters,RP,25,0.142,,,2026 Minor,2026 Minor,,,,Pre-Arbitration,,,225720,0.09,225720,225720,,,,,,,,,689958,CLE,Reassigned to Minors,true,https://www.spotrac.com/mlb/cleveland-guardians/cash/_/year/2026 | https://www.spotrac.com/mlb/cleveland-guardians/tax/_/year/2026,not_found_on_contracts_page,
2026-07-08T14:16:26+00:00,2026,CLE,Cleveland Guardians,cleveland-guardians,Angel Cordova,angelcordova,https://www.spotrac.com/mlb/player/_/id/105574/angel-cordova,P,17,,,,,2026 Signing Bonus,,,,,,,,,150000,,150000,,,,,,,,,,,false,https://www.spotrac.com/mlb/cleveland-guardians/cash/_/year/2026,not_found_on_tax_page;not_found_on_contracts_page,
2026-07-08T14:16:26+00:00,2026,CLE,Cleveland Guardians,cleveland-guardians,Angel Genao,angelgenao,https://www.spotrac.com/mlb/player/_/id/71222/angel-genao,SS,,,,,2026 Minor,,,,,Pre-Arbitration,,,,,,,,,,,,,,,694197,CLE,Reassigned to Minors,true,https://www.spotrac.com/mlb/cleveland-guardians/tax/_/year/2026,missing_all_money_fields;not_found_on_cash_page;not_found_on_contracts_page,
2026-07-08T14:16:26+00:00,2026,CLE,Cleveland Guardians,cleveland-guardians,Angel Martinez,angelmartinez,https://www.spotrac.com/mlb/player/_/id/27395/angel-martinez,CF,24,1.118,,,2026 Injured List,2026 Injured List,Cleveland Guardians Contracts,,,Pre-Arbitration,Pre-Arbitration,,788000,0.32,788000,788000,,,2026,2026,2026,1,788000,788000,682657,CLE,Injured 10-Day,true,https://www.spotrac.com/mlb/cleveland-guardians/cash/_/year/2026 | https://www.spotrac.com/mlb/cleveland-guardians/contracts | https://www.spotrac.com/mlb/cleveland-guardians/tax/_/year/2026,,
2026-07-08T14:16:26+00:00,2026,CLE,Cleveland Guardians,cleveland-guardians,Antony Carela,antonycarela,https://www.spotrac.com/mlb/player/_/id/105571/antony-carela,P,17,,,,,2026 Signing Bonus,,,,,,,,,80000,,80000,,,,,,,,,,,false,https://www.spotrac.com/mlb/cleveland-guardians/cash/_/year/2026,not_found_on_tax_page;not_found_on_contracts_page,
2026-07-08T14:16:26+00:00,2026,CLE,Cleveland Guardians,cleveland-guardians,Austin Hedges,austinhedges,https://www.spotrac.com/mlb/player/_/id/17355/austin-hedges,C,33,9.166,,,2026 Active Roster,2026 Active Roster,Cleveland Guardians Contracts,,,Extension,Extension,,4000000,1.64,4000000,4000000,,,2026,2026,2026,1,4000000,4000000,595978,CLE,Active,true,https://www.spotrac.com/mlb/cleveland-guardians/cash/_/year/2026 | https://www.spotrac.com/mlb/cleveland-guardians/contracts | https://www.spotrac.com/mlb/cleveland-guardians/tax/_/year/2026,,
2026-07-08T14:16:26+00:00,2026,CLE,Cleveland Guardians,cleveland-guardians,Austin Peterson,austinpeterson,https://www.spotrac.com/mlb/player/_/id/78853/austin-peterson,SP,,,,,2026 Minor,,,,,Pre-Arbitration,,,,,,,,,,,,,,,804926,CLE,Reassigned to Minors,true,https://www.spotrac.com/mlb/cleveland-guardians/tax/_/year/2026,missing_all_money_fields;not_found_on_cash_page;not_found_on_contracts_page,
2026-07-08T14:16:26+00:00,2026,CLE,Cleveland Guardians,cleveland-guardians,Bo Naylor,bonaylor,https://www.spotrac.com/mlb/player/_/id/26052/bo-naylor,C,26,2.113,,,2026 Minor,2026 Minor,,,,Pre-Arbitration,,,202906,0.08,202906,202906,,,,,,,,,666310,CLE,Reassigned to Minors,true,https://www.spotrac.com/mlb/cleveland-guardians/cash/_/year/2026 | https://www.spotrac.com/mlb/cleveland-guardians/tax/_/year/2026,not_found_on_contracts_page,
2026-07-08T14:16:26+00:00,2026,CLE,Cleveland Guardians,cleveland-guardians,Brayan Rocchio,brayanrocchio,https://www.spotrac.com/mlb/player/_/id/23901/brayan-rocchio,2B,25,2.001,,,2026 Active Roster,2026 Active Roster,Cleveland Guardians Contracts,,,Pre-Arbitration,Pre-Arbitration,,797600,0.33,797600,797600,,,2026,2026,2026,1,797600,797600,677587,CLE,Active,true,https://www.spotrac.com/mlb/cleveland-guardians/cash/_/year/2026 | https://www.spotrac.com/mlb/cleveland-guardians/contracts | https://www.spotrac.com/mlb/cleveland-guardians/tax/_/year/2026,,
2026-07-08T14:16:26+00:00,2026,CLE,Cleveland Guardians,cleveland-guardians,C.J. Kayfus,cjkayfus,https://www.spotrac.com/mlb/player/_/id/84839/cj-kayfus,1B,24,0.058,,,2026 Minor,2026 Minor,,,,Pre-Arbitration,,,83786,0.03,83786,83786,,,,,,,,,692216,CLE,Reassigned to Minors,true,https://www.spotrac.com/mlb/cleveland-guardians/cash/_/year/2026 | https://www.spotrac.com/mlb/cleveland-guardians/tax/_/year/2026,not_found_on_contracts_page,
2026-07-08T14:16:26+00:00,2026,CLE,Cleveland Guardians,cleveland-guardians,Cade Smith,cadesmith,https://www.spotrac.com/mlb/player/_/id/48595/cade-smith,RP,27,2.000,,,2026 Active Roster,2026 Active Roster,Cleveland Guardians Contracts,,,Pre-Arbitration,Pre-Arbitration,,824600,0.34,824600,824600,,,2026,2026,2026,1,824600,824600,671922,CLE,Active,true,https://www.spotrac.com/mlb/cleveland-guardians/cash/_/year/2026 | https://www.spotrac.com/mlb/cleveland-guardians/contracts | https://www.spotrac.com/mlb/cleveland-guardians/tax/_/year/2026,,
2026-07-08T14:16:26+00:00,2026,CLE,Cleveland Guardians,cleveland-guardians,Carlos Martinez,carlosmartinez,https://www.spotrac.com/mlb/player/_/id/105377/carlos-martinez,C,16,,,,,2026 Signing Bonus,,,,,,,,,500000,,500000,,,,,,,,,,,false,https://www.spotrac.com/mlb/cleveland-guardians/cash/_/year/2026,not_found_on_tax_page;not_found_on_contracts_page,
2026-07-08T14:16:26+00:00,2026,CLE,Cleveland Guardians,cleveland-guardians,Cesar Nivar,cesarnivar,https://www.spotrac.com/mlb/player/_/id/105579/cesar-nivar,OF,17,,,,,2026 Signing Bonus,,,,,,,,,20000,,20000,,,,,,,,,,,false,https://www.spotrac.com/mlb/cleveland-guardians/cash/_/year/2026,not_found_on_tax_page;not_found_on_contracts_page,
2026-07-08T14:16:26+00:00,2026,CLE,Cleveland Guardians,cleveland-guardians,Chase DeLauter,chasedelauter,https://www.spotrac.com/mlb/player/_/id/77990/chase-delauter,RF,24,,,,2026 Active Roster,2026 Active Roster,Cleveland Guardians Contracts,,,Pre-Arbitration,Pre-Arbitration,,780000,0.32,780000,780000,,,2026,2026,2026,1,780000,780000,800050,CLE,Active,true,https://www.spotrac.com/mlb/cleveland-guardians/cash/_/year/2026 | https://www.spotrac.com/mlb/cleveland-guardians/contracts | https://www.spotrac.com/mlb/cleveland-guardians/tax/_/year/2026,,
2026-07-08T14:16:26+00:00,2026,CLE,Cleveland Guardians,cleveland-guardians,Codi Heuer,codiheuer,https://www.spotrac.com/mlb/player/_/id/26201/codi-heuer,RP,29,4.010,,,2026 Minor,2026 Minor,,,,Free Agent,,,113625,0.05,113625,113625,,,,,,,,,676051,CLE,Reassigned to Minors,true,https://www.spotrac.com/mlb/cleveland-guardians/cash/_/year/2026 | https://www.spotrac.com/mlb/cleveland-guardians/tax/_/year/2026,not_found_on_contracts_page,
2026-07-08T14:16:26+00:00,2026,CLE,Cleveland Guardians,cleveland-guardians,Colin Holderman,colinholderman,https://www.spotrac.com/mlb/player/_/id/19977/colin-holderman,RP,30,3.120,,,2026 Active Roster,2026 Active Roster,Cleveland Guardians Contracts,,,Free Agent,Free Agent,,1500000,0.61,1500000,1500000,,,2026,2026,2026,1,1500000,1500000,670059,CLE,Active,true,https://www.spotrac.com/mlb/cleveland-guardians/cash/_/year/2026 | https://www.spotrac.com/mlb/cleveland-guardians/contracts | https://www.spotrac.com/mlb/cleveland-guardians/tax/_/year/2026,,
2026-07-08T14:16:26+00:00,2026,CLE,Cleveland Guardians,cleveland-guardians,Connor Brogdon,connorbrogdon,https://www.spotrac.com/mlb/player/_/id/23506/connor-brogdon,RP,31,4.090,,,2026 Minor,2026 Minor,,,,Free Agent,,,900000,,900000,900000,,,,,,,,,,,,false,https://www.spotrac.com/mlb/cleveland-guardians/cash/_/year/2026 | https://www.spotrac.com/mlb/cleveland-guardians/tax/_/year/2026,not_found_on_contracts_page,
2026-07-08T14:16:26+00:00,2026,CLE,Cleveland Guardians,cleveland-guardians,Cooper Ingle,cooperingle,https://www.spotrac.com/mlb/player/_/id/84869/cooper-ingle,C,24,,,,2026 Active Roster,2026 Active Roster,Cleveland Guardians Contracts,,,Pre-Arbitration,Pre-Arbitration,,387903,0.16,387903,387903,,,2026,2026,2026,1,780000,780000,694876,CLE,Active,true,https://www.spotrac.com/mlb/cleveland-guardians/cash/_/year/2026 | https://www.spotrac.com/mlb/cleveland-guardians/contracts | https://www.spotrac.com/mlb/cleveland-guardians/tax/_/year/2026,,
2026-07-08T14:16:26+00:00,2026,CLE,Cleveland Guardians,cleveland-guardians,Cristofer Brujan,cristoferbrujan,https://www.spotrac.com/mlb/player/_/id/105379/cristofer-brujan,P,17,,,,,2026 Signing Bonus,,,,,,,,,260000,,260000,,,,,,,,,,,false,https://www.spotrac.com/mlb/cleveland-guardians/cash/_/year/2026,not_found_on_tax_page;not_found_on_contracts_page,
2026-07-08T14:16:26+00:00,2026,CLE,Cleveland Guardians,cleveland-guardians,Daniel Espino,danielespino,https://www.spotrac.com/mlb/player/_/id/30422/daniel-espino,RP,25,,,,2026 Minor,2026 Minor,,,,Pre-Arbitration,,,87591,0.04,87591,87591,,,,,,,,,682982,CLE,Reassigned to Minors,true,https://www.spotrac.com/mlb/cleveland-guardians/cash/_/year/2026 | https://www.spotrac.com/mlb/cleveland-guardians/tax/_/year/2026,not_found_on_contracts_page,
2026-07-08T14:16:26+00:00,2026,CLE,Cleveland Guardians,cleveland-guardians,Daniel Schneemann,danielschneemann,https://www.spotrac.com/mlb/player/_/id/26485/daniel-schneemann,CF,29,1.120,,,2026 Active Roster,2026 Active Roster,Cleveland Guardians Contracts,,,Pre-Arbitration,Pre-Arbitration,,800700,0.33,800700,800700,,,2026,2026,2026,1,800700,800700,682177,CLE,Active,true,https://www.spotrac.com/mlb/cleveland-guardians/cash/_/year/2026 | https://www.spotrac.com/mlb/cleveland-guardians/contracts | https://www.spotrac.com/mlb/cleveland-guardians/tax/_/year/2026,,
2026-07-08T14:16:26+00:00,2026,CLE,Cleveland Guardians,cleveland-guardians,David Fry,davidfry,https://www.spotrac.com/mlb/player/_/id/26248/david-fry,C,30,2.154,,,2026 Active Roster,2026 Active Roster,Cleveland Guardians Contracts,,,Arbitration 1 Super Two,Arbitration,,1375000,0.56,1375000,1375000,,,2026,2026,2026,1,1375000,1375000,681807,CLE,Active,true,https://www.spotrac.com/mlb/cleveland-guardians/cash/_/year/2026 | https://www.spotrac.com/mlb/cleveland-guardians/contracts | https://www.spotrac.com/mlb/cleveland-guardians/tax/_/year/2026,,
2026-07-08T14:16:26+00:00,2026,CLE,Cleveland Guardians,cleveland-guardians,Edwing Fernandez,edwingfernandez,https://www.spotrac.com/mlb/player/_/id/105382/edwing-fernandez,P,17,,,,,2026 Signing Bonus,,,,,,,,,55000,,55000,,,,,,,,,,,false,https://www.spotrac.com/mlb/cleveland-guardians/cash/_/year/2026,not_found_on_tax_page;not_found_on_contracts_page,
2026-07-08T14:16:26+00:00,2026,CLE,Cleveland Guardians,cleveland-guardians,Emmanuel Clase,emmanuelclase,https://www.spotrac.com/mlb/player/_/id/32706/emmanuel-clase,RP,23,,,,,,Cleveland Guardians Contracts,,,,Extension Pre-Arbitration,,,,,,,,2022,2022,2028,5,20000000,4000000,,,,false,https://www.spotrac.com/mlb/cleveland-guardians/contracts,not_found_on_tax_page;not_found_on_cash_page,
2026-07-08T14:16:26+00:00,2026,CLE,Cleveland Guardians,cleveland-guardians,Erik Sabrowski,eriksabrowski,https://www.spotrac.com/mlb/player/_/id/26710/erik-sabrowski,RP,28,1.033,,,2026 Active Roster,2026 Active Roster,Cleveland Guardians Contracts,,,Pre-Arbitration,Pre-Arbitration,,791600,0.32,791600,791600,,,2026,2026,2026,1,791600,791600,681870,CLE,Active,true,https://www.spotrac.com/mlb/cleveland-guardians/cash/_/year/2026 | https://www.spotrac.com/mlb/cleveland-guardians/contracts | https://www.spotrac.com/mlb/cleveland-guardians/tax/_/year/2026,,
2026-07-08T14:16:26+00:00,2026,CLE,Cleveland Guardians,cleveland-guardians,Franco Aleman,francoaleman,https://www.spotrac.com/mlb/player/_/id/73571/franco-aleman,RP,26,,,,2026 Active Roster,2026 Active Roster,Cleveland Guardians Contracts,,,Pre-Arbitration,Pre-Arbitration,,379561,0.16,379561,379561,,,2026,2026,2026,1,780000,780000,680916,CLE,Active,true,https://www.spotrac.com/mlb/cleveland-guardians/cash/_/year/2026 | https://www.spotrac.com/mlb/cleveland-guardians/contracts | https://www.spotrac.com/mlb/cleveland-guardians/tax/_/year/2026,,
2026-07-08T14:16:26+00:00,2026,CLE,Cleveland Guardians,cleveland-guardians,Gabriel Arias,gabrielarias,https://www.spotrac.com/mlb/player/_/id/48773/gabriel-arias,SS,26,2.124,,,2026 Active Roster,2026 Active Roster,Cleveland Guardians Contracts,,,Pre-Arbitration,Pre-Arbitration,,801100,0.33,801100,801100,,,2026,2026,2026,1,801100,801100,672356,CLE,Active,true,https://www.spotrac.com/mlb/cleveland-guardians/cash/_/year/2026 | https://www.spotrac.com/mlb/cleveland-guardians/contracts | https://www.spotrac.com/mlb/cleveland-guardians/tax/_/year/2026,,
2026-07-08T14:16:26+00:00,2026,CLE,Cleveland Guardians,cleveland-guardians,Gavin Williams,gavinwilliams,https://www.spotrac.com/mlb/player/_/id/73285/gavin-williams,SP,26,2.103,,,2026 Active Roster,2026 Active Roster,Cleveland Guardians Contracts,,,Pre-Arbitration,Pre-Arbitration,,822200,0.34,822200,822200,,,2026,2026,2026,1,822200,822200,668909,CLE,Active,true,https://www.spotrac.com/mlb/cleveland-guardians/cash/_/year/2026 | https://www.spotrac.com/mlb/cleveland-guardians/contracts | https://www.spotrac.com/mlb/cleveland-guardians/tax/_/year/2026,,
2026-07-08T14:16:26+00:00,2026,CLE,Cleveland Guardians,cleveland-guardians,George Valera,georgevalera,https://www.spotrac.com/mlb/player/_/id/23861/george-valera,RF,25,0.028,,,2026 Minor,2026 Minor,,,,Pre-Arbitration,,,154660,,154660,154660,,,,,,,,,,,,false,https://www.spotrac.com/mlb/cleveland-guardians/cash/_/year/2026 | https://www.spotrac.com/mlb/cleveland-guardians/tax/_/year/2026,not_found_on_contracts_page,
2026-07-08T14:16:26+00:00,2026,CLE,Cleveland Guardians,cleveland-guardians,Hunter Gaddis,huntergaddis,https://www.spotrac.com/mlb/player/_/id/30562/hunter-gaddis,RP,28,2.073,,,2026 Active Roster,2026 Active Roster,Cleveland Guardians Contracts,,,Pre-Arbitration,Pre-Arbitration,,809500,0.33,809500,809500,,,2026,2026,2026,1,809500,809500,683769,CLE,Active,true,https://www.spotrac.com/mlb/cleveland-guardians/cash/_/year/2026 | https://www.spotrac.com/mlb/cleveland-guardians/contracts | https://www.spotrac.com/mlb/cleveland-guardians/tax/_/year/2026,,
2026-07-08T14:16:26+00:00,2026,CLE,Cleveland Guardians,cleveland-guardians,Jesus Rojas,jesusrojas,https://www.spotrac.com/mlb/player/_/id/105582/jesus-rojas,P,18,,,,,2026 Signing Bonus,,,,,,,,,10000,,10000,,,,,,,,,,,false,https://www.spotrac.com/mlb/cleveland-guardians/cash/_/year/2026,not_found_on_tax_page;not_found_on_contracts_page,
2026-07-08T14:16:26+00:00,2026,CLE,Cleveland Guardians,cleveland-guardians,Jhoseph Leta,jhosephleta,https://www.spotrac.com/mlb/player/_/id/105381/jhoseph-leta,SS,17,,,,,2026 Signing Bonus,,,,,,,,,350000,,350000,,,,,,,,,,,false,https://www.spotrac.com/mlb/cleveland-guardians/cash/_/year/2026,not_found_on_tax_page;not_found_on_contracts_page,
2026-07-08T14:16:26+00:00,2026,CLE,Cleveland Guardians,cleveland-guardians,Joey Cantillo,joeycantillo,https://www.spotrac.com/mlb/player/_/id/79899/joey-cantillo,SP,26,0.162,,,2026 Active Roster,2026 Active Roster,Cleveland Guardians Contracts,,,Pre-Arbitration,Pre-Arbitration,,796600,0.33,796600,796600,,,2026,2026,2026,1,796600,796600,676282,CLE,Active,true,https://www.spotrac.com/mlb/cleveland-guardians/cash/_/year/2026 | https://www.spotrac.com/mlb/cleveland-guardians/contracts | https://www.spotrac.com/mlb/cleveland-guardians/tax/_/year/2026,,
2026-07-08T14:16:26+00:00,2026,CLE,Cleveland Guardians,cleveland-guardians,Johnathan Rodriguez,johnathanrodriguez,https://www.spotrac.com/mlb/player/_/id/23313/johnathan-rodriguez,OF,26,0.097,,,2026 Dead Money,2026 Dead Money,,,,,,,4020,0.00,4020,4020,,,,,,,,,671286,BAL,Reassigned to Minors,true_other_team,https://www.spotrac.com/mlb/cleveland-guardians/cash/_/year/2026 | https://www.spotrac.com/mlb/cleveland-guardians/tax/_/year/2026,not_found_on_contracts_page,
2026-07-08T14:16:26+00:00,2026,CLE,Cleveland Guardians,cleveland-guardians,Jostin Melo,jostinmelo,https://www.spotrac.com/mlb/player/_/id/105577/jostin-melo,SS,17,,,,,2026 Signing Bonus,,,,,,,,,330000,,330000,,,,,,,,,,,false,https://www.spotrac.com/mlb/cleveland-guardians/cash/_/year/2026,not_found_on_tax_page;not_found_on_contracts_page,
2026-07-08T14:16:26+00:00,2026,CLE,Cleveland Guardians,cleveland-guardians,José Ramírez,joseramirez,https://www.spotrac.com/mlb/player/_/id/14106/jos%C3%A9-ram%C3%ADrez,3B,33,11.074,,,2026 Injured List,2026 Injured List,Cleveland Guardians Contracts,,,Extension,Extension,,22306000,9.14,15000000,15000000,,,2026,2026,2032,7,175000000,25000000,608070,CLE,Injured 10-Day,true,https://www.spotrac.com/mlb/cleveland-guardians/cash/_/year/2026 | https://www.spotrac.com/mlb/cleveland-guardians/contracts | https://www.spotrac.com/mlb/cleveland-guardians/tax/_/year/2026,,
2026-07-08T14:16:26+00:00,2026,CLE,Cleveland Guardians,cleveland-guardians,Juan Brito,juanbrito,https://www.spotrac.com/mlb/player/_/id/80128/juan-brito,SS,24,,,,2026 Minor,2026 Minor,,,,Pre-Arbitration,,,87591,0.04,87591,87591,,,,,,,,,682877,CLE,Reassigned to Minors,true,https://www.spotrac.com/mlb/cleveland-guardians/cash/_/year/2026 | https://www.spotrac.com/mlb/cleveland-guardians/tax/_/year/2026,not_found_on_contracts_page,
2026-07-08T14:16:26+00:00,2026,CLE,Cleveland Guardians,cleveland-guardians,Karel Naranjo,karelnaranjo,https://www.spotrac.com/mlb/player/_/id/105376/karel-naranjo,SS,17,,,,,2026 Signing Bonus,,,,,,,,,620000,,620000,,,,,,,,,,,false,https://www.spotrac.com/mlb/cleveland-guardians/cash/_/year/2026,not_found_on_tax_page;not_found_on_contracts_page,
2026-07-08T14:16:26+00:00,2026,CLE,Cleveland Guardians,cleveland-guardians,Khalil Watson,khalilwatson,https://www.spotrac.com/mlb/player/_/id/73278/khalil-watson,OF,23,,,,2026 Active Roster,2026 Active Roster,Cleveland Guardians Contracts,,,Pre-Arbitration,Pre-Arbitration,,425442,0.17,425442,425442,,,2026,2026,2026,1,780000,780000,,,,false,https://www.spotrac.com/mlb/cleveland-guardians/cash/_/year/2026 | https://www.spotrac.com/mlb/cleveland-guardians/contracts | https://www.spotrac.com/mlb/cleveland-guardians/tax/_/year/2026,,
2026-07-08T14:16:26+00:00,2026,CLE,Cleveland Guardians,cleveland-guardians,Kolby Allard,kolbyallard,https://www.spotrac.com/mlb/player/_/id/17629/kolby-allard,RP,28,5.004,,,2026 Retained,2026 Retained,,,,Retained,,,100267,,100267,100267,,,,,,,,,,,,false,https://www.spotrac.com/mlb/cleveland-guardians/cash/_/year/2026 | https://www.spotrac.com/mlb/cleveland-guardians/tax/_/year/2026,not_found_on_contracts_page,
2026-07-08T14:16:26+00:00,2026,CLE,Cleveland Guardians,cleveland-guardians,Kyle Manzardo,kylemanzardo,https://www.spotrac.com/mlb/player/_/id/73325/kyle-manzardo,1B,25,1.073,,,2026 Active Roster,2026 Active Roster,Cleveland Guardians Contracts,,,Pre-Arbitration,Pre-Arbitration,,798300,0.33,798300,798300,,,2026,2026,2026,1,798300,798300,700932,CLE,Active,true,https://www.spotrac.com/mlb/cleveland-guardians/cash/_/year/2026 | https://www.spotrac.com/mlb/cleveland-guardians/contracts | https://www.spotrac.com/mlb/cleveland-guardians/tax/_/year/2026,,
2026-07-08T14:16:26+00:00,2026,CLE,Cleveland Guardians,cleveland-guardians,Logan Allen,loganallen,https://www.spotrac.com/mlb/player/_/id/48412/logan-allen,SP,27,2.093,,,2026 Minor,2026 Minor,,,,Pre-Arbitration,,,13155,0.01,13155,13155,,,,,,,,,671106,CLE,Reassigned to Minors,true,https://www.spotrac.com/mlb/cleveland-guardians/cash/_/year/2026 | https://www.spotrac.com/mlb/cleveland-guardians/tax/_/year/2026,not_found_on_contracts_page,
2026-07-08T14:16:26+00:00,2026,CLE,Cleveland Guardians,cleveland-guardians,Luis Ortiz,luisortiz,https://www.spotrac.com/mlb/player/_/id/79957/luis-ortiz,SP,26,,,,,,Cleveland Guardians Contracts,,,,Pre-Arbitration,,,,,,,,2026,2026,2026,1,,,,,,false,https://www.spotrac.com/mlb/cleveland-guardians/contracts,missing_all_money_fields;not_found_on_tax_page;not_found_on_cash_page,
2026-07-08T14:16:26+00:00,2026,CLE,Cleveland Guardians,cleveland-guardians,Matt Festa,mattfesta,https://www.spotrac.com/mlb/player/_/id/20039/matt-festa,RP,33,2.153,,,2026 Active Roster,2026 Active Roster,Cleveland Guardians Contracts,,,Arbitration 1 Super Two,Arbitration,,1000000,0.41,1000000,1000000,,,2026,2026,2026,1,1000000,1000000,670036,CLE,Active,true,https://www.spotrac.com/mlb/cleveland-guardians/cash/_/year/2026 | https://www.spotrac.com/mlb/cleveland-guardians/contracts | https://www.spotrac.com/mlb/cleveland-guardians/tax/_/year/2026,,
2026-07-08T14:16:26+00:00,2026,CLE,Cleveland Guardians,cleveland-guardians,Myles Straw,mylesstraw,https://www.spotrac.com/mlb/player/_/id/28042/myles-straw,CF,31,5.125,,,2026 Retained,2026 Retained,,,,Retained,,,-1375000,,1000000,1000000,,,,,,,,,664702,TOR,Active,true_other_team,https://www.spotrac.com/mlb/cleveland-guardians/cash/_/year/2026 | https://www.spotrac.com/mlb/cleveland-guardians/tax/_/year/2026,not_found_on_contracts_page,
2026-07-08T14:16:26+00:00,2026,CLE,Cleveland Guardians,cleveland-guardians,Nolan Jones,nolanjones,https://www.spotrac.com/mlb/player/_/id/20565/nolan-jones,RF,28,3.007,,,2026 Dead Money,2026 Dead Money,,,,,,,844940,0.35,844940,844940,,,,,,,,,,,,false,https://www.spotrac.com/mlb/cleveland-guardians/cash/_/year/2026 | https://www.spotrac.com/mlb/cleveland-guardians/tax/_/year/2026,not_found_on_contracts_page,
2026-07-08T14:16:26+00:00,2026,CLE,Cleveland Guardians,cleveland-guardians,Oswaldo Bracho,oswaldobracho,https://www.spotrac.com/mlb/player/_/id/105380/oswaldo-bracho,OF,17,,,,,2026 Signing Bonus,,,,,,,,,355000,,355000,,,,,,,,,,,false,https://www.spotrac.com/mlb/cleveland-guardians/cash/_/year/2026,not_found_on_tax_page;not_found_on_contracts_page,
2026-07-08T14:16:26+00:00,2026,CLE,Cleveland Guardians,cleveland-guardians,Parker Messick,parkermessick,https://www.spotrac.com/mlb/player/_/id/78040/parker-messick,SP,25,0.040,,,2026 Active Roster,2026 Active Roster,Cleveland Guardians Contracts,,,Pre-Arbitration,Pre-Arbitration,,788400,0.32,788400,788400,,,2026,2026,2026,1,788400,788400,800048,CLE,Active,true,https://www.spotrac.com/mlb/cleveland-guardians/cash/_/year/2026 | https://www.spotrac.com/mlb/cleveland-guardians/contracts | https://www.spotrac.com/mlb/cleveland-guardians/tax/_/year/2026,,
2026-07-08T14:16:26+00:00,2026,CLE,Cleveland Guardians,cleveland-guardians,Patrick Bailey,patrickbailey,https://www.spotrac.com/mlb/player/_/id/48368/patrick-bailey,C,27,2.136,,,2026 Active Roster,2026 Active Roster,Cleveland Guardians Contracts,,,Pre-Arbitration,Pre-Arbitration,,610812,0.25,610812,610812,,,2026,2026,2026,1,810000,810000,672275,CLE,Active,true,https://www.spotrac.com/mlb/cleveland-guardians/cash/_/year/2026 | https://www.spotrac.com/mlb/cleveland-guardians/contracts | https://www.spotrac.com/mlb/cleveland-guardians/tax/_/year/2026,,
2026-07-08T14:16:26+00:00,2026,CLE,Cleveland Guardians,cleveland-guardians,Petey Halpin,peteyhalpin,https://www.spotrac.com/mlb/player/_/id/48451/petey-halpin,OF,24,0.009,,,2026 Minor,2026 Minor,,,,Pre-Arbitration,,,187695,0.08,187695,187695,,,,,,,,,690984,CLE,Reassigned to Minors,true,https://www.spotrac.com/mlb/cleveland-guardians/cash/_/year/2026 | https://www.spotrac.com/mlb/cleveland-guardians/tax/_/year/2026,not_found_on_contracts_page,
2026-07-08T14:16:26+00:00,2026,CLE,Cleveland Guardians,cleveland-guardians,Peyton Pallette,peytonpallette,https://www.spotrac.com/mlb/player/_/id/78030/peyton-pallette,RP,25,,,,2026 Dead Money,2026 Dead Money,,,,,,,254431,0.10,254431,254431,,,,,,,,,,,,false,https://www.spotrac.com/mlb/cleveland-guardians/cash/_/year/2026 | https://www.spotrac.com/mlb/cleveland-guardians/tax/_/year/2026,not_found_on_contracts_page,
2026-07-08T14:16:26+00:00,2026,CLE,Cleveland Guardians,cleveland-guardians,Rafeli Lara,rafelilara,https://www.spotrac.com/mlb/player/_/id/105375/rafeli-lara,SS,17,,,,,2026 Signing Bonus,,,,,,,,,800000,,800000,,,,,,,,,,,false,https://www.spotrac.com/mlb/cleveland-guardians/cash/_/year/2026,not_found_on_tax_page;not_found_on_contracts_page,
2026-07-08T14:16:26+00:00,2026,CLE,Cleveland Guardians,cleveland-guardians,Raynel Quezada,raynelquezada,https://www.spotrac.com/mlb/player/_/id/105578/raynel-quezada,SS,17,,,,,2026 Signing Bonus,,,,,,,,,400000,,400000,,,,,,,,,,,false,https://www.spotrac.com/mlb/cleveland-guardians/cash/_/year/2026,not_found_on_tax_page;not_found_on_contracts_page,
2026-07-08T14:16:26+00:00,2026,CLE,Cleveland Guardians,cleveland-guardians,Rhys Hoskins,rhyshoskins,https://www.spotrac.com/mlb/player/_/id/24355/rhys-hoskins,1B,33,8.053,,,2026 Active Roster,2026 Active Roster,Cleveland Guardians Contracts,,,Free Agent,Free Agent,,1500000,0.61,2250000,1500000,,,2026,2026,2026,1,1500000,1500000,656555,CLE,Active,true,https://www.spotrac.com/mlb/cleveland-guardians/cash/_/year/2026 | https://www.spotrac.com/mlb/cleveland-guardians/contracts | https://www.spotrac.com/mlb/cleveland-guardians/tax/_/year/2026,,
2026-07-08T14:16:26+00:00,2026,CLE,Cleveland Guardians,cleveland-guardians,Sebastian Espinoza,sebastianespinoza,https://www.spotrac.com/mlb/player/_/id/105572/sebastian-espinoza,OF,17,,,,,2026 Signing Bonus,,,,,,,,,170000,,170000,,,,,,,,,,,false,https://www.spotrac.com/mlb/cleveland-guardians/cash/_/year/2026,not_found_on_tax_page;not_found_on_contracts_page,
2026-07-08T14:16:26+00:00,2026,CLE,Cleveland Guardians,cleveland-guardians,Sebastian Puche,sebastianpuche,https://www.spotrac.com/mlb/player/_/id/105580/sebastian-puche,C,17,,,,,2026 Signing Bonus,,,,,,,,,350000,,350000,,,,,,,,,,,false,https://www.spotrac.com/mlb/cleveland-guardians/cash/_/year/2026,not_found_on_tax_page;not_found_on_contracts_page,
2026-07-08T14:16:26+00:00,2026,CLE,Cleveland Guardians,cleveland-guardians,Shane Bieber,shanebieber,https://www.spotrac.com/mlb/player/_/id/20678/shane-bieber,SP,,7.097,,,2026 Retained,,,,,Retained,,,-2731183,,,,,,,,,,,,669456,TOR,Active,true_other_team,https://www.spotrac.com/mlb/cleveland-guardians/tax/_/year/2026,not_found_on_cash_page;not_found_on_contracts_page,
2026-07-08T14:16:26+00:00,2026,CLE,Cleveland Guardians,cleveland-guardians,Shawn Armstrong,shawnarmstrong,https://www.spotrac.com/mlb/player/_/id/16520/shawn-armstrong,RP,35,7.113,,,2026 Active Roster,2026 Active Roster,Cleveland Guardians Contracts,,,Free Agent,Free Agent,,5500000,2.25,4000000,4000000,,,2026,2026,2027,1,5500000,5500000,542888,CLE,Active,true,https://www.spotrac.com/mlb/cleveland-guardians/cash/_/year/2026 | https://www.spotrac.com/mlb/cleveland-guardians/contracts | https://www.spotrac.com/mlb/cleveland-guardians/tax/_/year/2026,,
2026-07-08T14:16:26+00:00,2026,CLE,Cleveland Guardians,cleveland-guardians,Slade Cecconi,sladececconi,https://www.spotrac.com/mlb/player/_/id/48389/slade-cecconi,SP,27,1.155,,,2026 Active Roster,2026 Active Roster,Cleveland Guardians Contracts,,,Pre-Arbitration,Pre-Arbitration,,795600,0.33,795600,795600,,,2026,2026,2026,1,795600,795600,677944,CLE,Active,true,https://www.spotrac.com/mlb/cleveland-guardians/cash/_/year/2026 | https://www.spotrac.com/mlb/cleveland-guardians/contracts | https://www.spotrac.com/mlb/cleveland-guardians/tax/_/year/2026,,
2026-07-08T14:16:26+00:00,2026,CLE,Cleveland Guardians,cleveland-guardians,Steven Kwan,stevenkwan,https://www.spotrac.com/mlb/player/_/id/26196/steven-kwan,LF,28,4.000,,,2026 Active Roster,2026 Active Roster,Cleveland Guardians Contracts,,,Arbitration 2,Arbitration,,7725000,3.17,7725000,7725000,,,2026,2026,2026,1,7725000,7725000,680757,CLE,Active,true,https://www.spotrac.com/mlb/cleveland-guardians/cash/_/year/2026 | https://www.spotrac.com/mlb/cleveland-guardians/contracts | https://www.spotrac.com/mlb/cleveland-guardians/tax/_/year/2026,,
2026-07-08T14:16:26+00:00,2026,CLE,Cleveland Guardians,cleveland-guardians,Stuart Fairchild,stuartfairchild,https://www.spotrac.com/mlb/player/_/id/23247/stuart-fairchild,OF,30,3.114,,,2026 Dead Money,2026 Dead Money,,,,,,,504691,0.21,504691,504691,,,,,,,,,,,,false,https://www.spotrac.com/mlb/cleveland-guardians/cash/_/year/2026 | https://www.spotrac.com/mlb/cleveland-guardians/tax/_/year/2026,not_found_on_contracts_page,
2026-07-08T14:16:26+00:00,2026,CLE,Cleveland Guardians,cleveland-guardians,Svert Reinoso,svertreinoso,https://www.spotrac.com/mlb/player/_/id/105374/svert-reinoso,SS,17,,,,,2026 Signing Bonus,,,,,,,,,820000,,820000,,,,,,,,,,,false,https://www.spotrac.com/mlb/cleveland-guardians/cash/_/year/2026,not_found_on_tax_page;not_found_on_contracts_page,
2026-07-08T14:16:26+00:00,2026,CLE,Cleveland Guardians,cleveland-guardians,Tanner Bibee,tannerbibee,https://www.spotrac.com/mlb/player/_/id/73418/tanner-bibee,SP,27,3.000,,,2026 Active Roster,2026 Active Roster,Cleveland Guardians Contracts,,,Extension Pre-Arbitration,Extension Pre-Arbitration,,9600000,3.93,4000000,4000000,,,2025,2025,2030,5,48000000,9600000,676440,CLE,Active,true,https://www.spotrac.com/mlb/cleveland-guardians/cash/_/year/2026 | https://www.spotrac.com/mlb/cleveland-guardians/contracts | https://www.spotrac.com/mlb/cleveland-guardians/tax/_/year/2026,,
2026-07-08T14:16:26+00:00,2026,CLE,Cleveland Guardians,cleveland-guardians,Tim Herrin,timherrin,https://www.spotrac.com/mlb/player/_/id/26487/tim-herrin,RP,29,2.058,,,2026 Active Roster,2026 Active Roster,Cleveland Guardians Contracts,,,Pre-Arbitration,Pre-Arbitration,,801200,0.33,801200,801200,,,2026,2026,2026,1,801200,801200,682120,CLE,Active,true,https://www.spotrac.com/mlb/cleveland-guardians/cash/_/year/2026 | https://www.spotrac.com/mlb/cleveland-guardians/contracts | https://www.spotrac.com/mlb/cleveland-guardians/tax/_/year/2026,,
2026-07-08T14:16:26+00:00,2026,CLE,Cleveland Guardians,cleveland-guardians,Travis Bazzana,travisbazzana,https://www.spotrac.com/mlb/player/_/id/94539/travis-bazzana,2B,23,,,,2026 Active Roster,2026 Active Roster,Cleveland Guardians Contracts,,,Pre-Arbitration,Pre-Arbitration,,633992,0.26,633992,633992,,,2026,2026,2026,1,780000,780000,683953,CLE,Active,true,https://www.spotrac.com/mlb/cleveland-guardians/cash/_/year/2026 | https://www.spotrac.com/mlb/cleveland-guardians/contracts | https://www.spotrac.com/mlb/cleveland-guardians/tax/_/year/2026,,
2026-07-08T14:16:26+00:00,2026,CLE,Cleveland Guardians,cleveland-guardians,Trevor Stephan,trevorstephan,https://www.spotrac.com/mlb/player/_/id/23301/trevor-stephan,RP,30,4.000,,,2026 Minor,2026 Minor,,,,Extension Pre-Arbitration,,,3500000,,3500000,3500000,,,,,,,,,,,,false,https://www.spotrac.com/mlb/cleveland-guardians/cash/_/year/2026 | https://www.spotrac.com/mlb/cleveland-guardians/tax/_/year/2026,not_found_on_contracts_page,
2026-07-08T14:16:26+00:00,2026,CLE,Cleveland Guardians,cleveland-guardians,Victor Marin,victormarin,https://www.spotrac.com/mlb/player/_/id/105573/victor-marin,P,17,,,,,2026 Signing Bonus,,,,,,,,,50000,,50000,,,,,,,,,,,false,https://www.spotrac.com/mlb/cleveland-guardians/cash/_/year/2026,not_found_on_tax_page;not_found_on_contracts_page,
2026-07-08T14:16:26+00:00,2026,CLE,Cleveland Guardians,cleveland-guardians,Wilber Reinoso,wilberreinoso,https://www.spotrac.com/mlb/player/_/id/105801/wilber-reinoso,SS,17,,,,,2026 Signing Bonus,,,,,,,,,420000,,420000,,,,,,,,,,,false,https://www.spotrac.com/mlb/cleveland-guardians/cash/_/year/2026,not_found_on_tax_page;not_found_on_contracts_page,
2026-07-08T14:16:26+00:00,2026,CLE,Cleveland Guardians,cleveland-guardians,Will Dion,willdion,https://www.spotrac.com/mlb/player/_/id/73541/will-dion,RP,26,,,,2026 Minor,2026 Minor,,,,Pre-Arbitration,,,100104,0.04,100104,100104,,,,,,,,,702021,CLE,Reassigned to Minors,true,https://www.spotrac.com/mlb/cleveland-guardians/cash/_/year/2026 | https://www.spotrac.com/mlb/cleveland-guardians/tax/_/year/2026,not_found_on_contracts_page,
2026-07-08T14:16:26+00:00,2026,CLE,Cleveland Guardians,cleveland-guardians,Yhon Guerrero,yhonguerrero,https://www.spotrac.com/mlb/player/_/id/105583/yhon-guerrero,OF,17,,,,,2026 Signing Bonus,,,,,,,,,250000,,250000,,,,,,,,,,,false,https://www.spotrac.com/mlb/cleveland-guardians/cash/_/year/2026,not_found_on_tax_page;not_found_on_contracts_page,
2026-07-08T14:16:26+00:00,2026,CLE,Cleveland Guardians,cleveland-guardians,Yorman Gómez,yormangomez,https://www.spotrac.com/mlb/player/_/id/86450/yorman-g%C3%B3mez,SP,,,,,2026 Minor,,,,,Pre-Arbitration,,,,,,,,,,,,,,,691414,CLE,Reassigned to Minors,true,https://www.spotrac.com/mlb/cleveland-guardians/tax/_/year/2026,missing_all_money_fields;not_found_on_cash_page;not_found_on_contracts_page,
2026-07-08T14:16:26+00:00,2026,CLE,Cleveland Guardians,cleveland-guardians,Yorwhuyn Toledo,yorwhuyntoledo,https://www.spotrac.com/mlb/player/_/id/105581/yorwhuyn-toledo,C,17,,,,,2026 Signing Bonus,,,,,,,,,210000,,210000,,,,,,,,,,,false,https://www.spotrac.com/mlb/cleveland-guardians/cash/_/year/2026,not_found_on_tax_page;not_found_on_contracts_page,
2026-07-08T14:16:26+00:00,2026,COL,Colorado Rockies,colorado-rockies,Adael Amador,adaelamador,https://www.spotrac.com/mlb/player/_/id/31931/adael-amador,2B,,0.085,,,2026 Minor,,,,,Pre-Arbitration,,,,,,,,,,,,,,,691182,COL,Reassigned to Minors,true,https://www.spotrac.com/mlb/colorado-rockies/tax/_/year/2026,missing_all_money_fields;not_found_on_cash_page;not_found_on_contracts_page,
2026-07-08T14:16:26+00:00,2026,COL,Colorado Rockies,colorado-rockies,Amaury De Leon,amaurydeleon,https://www.spotrac.com/mlb/player/_/id/105833/amaury-de-leon,SS,16,,,,,2026 Signing Bonus,,,,,,,,,300000,,300000,,,,,,,,,,,false,https://www.spotrac.com/mlb/colorado-rockies/cash/_/year/2026,not_found_on_tax_page;not_found_on_contracts_page,
2026-07-08T14:16:26+00:00,2026,COL,Colorado Rockies,colorado-rockies,Anderson Franco,andersonfranco,https://www.spotrac.com/mlb/player/_/id/105842/anderson-franco,P,17,,,,,2026 Signing Bonus,,,,,,,,,180000,,180000,,,,,,,,,,,false,https://www.spotrac.com/mlb/colorado-rockies/cash/_/year/2026,not_found_on_tax_page;not_found_on_contracts_page,
2026-07-08T14:16:26+00:00,2026,COL,Colorado Rockies,colorado-rockies,Antonio Senzatela,antoniosenzatela,https://www.spotrac.com/mlb/player/_/id/18376/antonio-senzatela,RP,31,8.106,,,2026 Active Roster,2026 Active Roster,Colorado Rockies Contracts,,,Extension Arbitration,Extension Arbitration,,10100000,4.14,12000000,12000000,,,2022,2022,2027,5,50500000,10100000,622608,COL,Active,true,https://www.spotrac.com/mlb/colorado-rockies/cash/_/year/2026 | https://www.spotrac.com/mlb/colorado-rockies/contracts | https://www.spotrac.com/mlb/colorado-rockies/tax/_/year/2026,,
2026-07-08T14:16:26+00:00,2026,COL,Colorado Rockies,colorado-rockies,Blas Castano,blascastano,https://www.spotrac.com/mlb/player/_/id/95811/blas-castano,RP,27,0.007,,,2026 Injured List,2026 Injured List,Colorado Rockies Contracts,,,Pre-Arbitration,Pre-Arbitration,,546401,0.22,546401,546401,,,2026,2026,2026,1,780000,780000,680604,COL,Injured 15-Day,true,https://www.spotrac.com/mlb/colorado-rockies/cash/_/year/2026 | https://www.spotrac.com/mlb/colorado-rockies/contracts | https://www.spotrac.com/mlb/colorado-rockies/tax/_/year/2026,,
2026-07-08T14:16:26+00:00,2026,COL,Colorado Rockies,colorado-rockies,Brandol Fernandez,brandolfernandez,https://www.spotrac.com/mlb/player/_/id/105385/brandol-fernandez,P,17,,,,,2026 Signing Bonus,,,,,,,,,500000,,500000,,,,,,,,,,,false,https://www.spotrac.com/mlb/colorado-rockies/cash/_/year/2026,not_found_on_tax_page;not_found_on_contracts_page,
2026-07-08T14:16:26+00:00,2026,COL,Colorado Rockies,colorado-rockies,Braxton Fulford,braxtonfulford,https://www.spotrac.com/mlb/player/_/id/73432/braxton-fulford,C,27,0.097,,,2026 Active Roster,2026 Active Roster,Colorado Rockies Contracts,,,Pre-Arbitration,Pre-Arbitration,,583940,0.24,583940,583940,,,2026,2026,2026,1,820000,820000,690924,COL,Active,true,https://www.spotrac.com/mlb/colorado-rockies/cash/_/year/2026 | https://www.spotrac.com/mlb/colorado-rockies/contracts | https://www.spotrac.com/mlb/colorado-rockies/tax/_/year/2026,,
2026-07-08T14:16:26+00:00,2026,COL,Colorado Rockies,colorado-rockies,Brennan Bernardino,brennanbernardino,https://www.spotrac.com/mlb/player/_/id/79283/brennan-bernardino,RP,34,2.150,,,2026 Active Roster,2026 Active Roster,Colorado Rockies Contracts,,,Arbitration 1 Super Two,Arbitration,,925000,0.38,925000,925000,,,2026,2026,2026,1,925000,925000,657514,COL,Active,true,https://www.spotrac.com/mlb/colorado-rockies/cash/_/year/2026 | https://www.spotrac.com/mlb/colorado-rockies/contracts | https://www.spotrac.com/mlb/colorado-rockies/tax/_/year/2026,,
2026-07-08T14:16:26+00:00,2026,COL,Colorado Rockies,colorado-rockies,Brenton Doyle,brentondoyle,https://www.spotrac.com/mlb/player/_/id/30529/brenton-doyle,CF,28,2.161,,,2026 Injured List,2026 Injured List,Colorado Rockies Contracts,,,Arbitration 1 Super Two,Arbitration,,3100000,1.27,3100000,3100000,,,2026,2026,2026,1,3100000,3100000,686668,COL,Injured 10-Day,true,https://www.spotrac.com/mlb/colorado-rockies/cash/_/year/2026 | https://www.spotrac.com/mlb/colorado-rockies/contracts | https://www.spotrac.com/mlb/colorado-rockies/tax/_/year/2026,,
2026-07-08T14:16:26+00:00,2026,COL,Colorado Rockies,colorado-rockies,Brett Sullivan,brettsullivan,https://www.spotrac.com/mlb/player/_/id/49431/brett-sullivan,C,32,0.122,,,2026 Active Roster,2026 Active Roster,Colorado Rockies Contracts,,,Free Agent,Free Agent,,800000,0.33,800000,800000,,,2026,2026,2026,1,800000,800000,664954,COL,Active,true,https://www.spotrac.com/mlb/colorado-rockies/cash/_/year/2026 | https://www.spotrac.com/mlb/colorado-rockies/contracts | https://www.spotrac.com/mlb/colorado-rockies/tax/_/year/2026,,
2026-07-08T14:16:26+00:00,2026,COL,Colorado Rockies,colorado-rockies,Chad Stevens,chadstevens,https://www.spotrac.com/mlb/player/_/id/73722/chad-stevens,SS,27,0.005,,,2026 Minor,2026 Minor,,,,Free Agent,,,100104,0.04,100104,100104,,,,,,,,,677060,COL,Reassigned to Minors,true,https://www.spotrac.com/mlb/colorado-rockies/cash/_/year/2026 | https://www.spotrac.com/mlb/colorado-rockies/tax/_/year/2026,not_found_on_contracts_page,
2026-07-08T14:16:26+00:00,2026,COL,Colorado Rockies,colorado-rockies,Chase Dollander,chasedollander,https://www.spotrac.com/mlb/player/_/id/83154/chase-dollander,SP,24,0.141,,,2026 Injured List,2026 Injured List,Colorado Rockies Contracts,,,Pre-Arbitration,Pre-Arbitration,,782000,,782000,782000,,,2026,2026,2026,1,782000,782000,801403,COL,Injured 60-Day,true,https://www.spotrac.com/mlb/colorado-rockies/cash/_/year/2026 | https://www.spotrac.com/mlb/colorado-rockies/contracts | https://www.spotrac.com/mlb/colorado-rockies/tax/_/year/2026,,
2026-07-08T14:16:26+00:00,2026,COL,Colorado Rockies,colorado-rockies,Christopher Green,christophergreen,https://www.spotrac.com/mlb/player/_/id/105860/christopher-green,P,17,,,,,2026 Signing Bonus,,,,,,,,,130000,,130000,,,,,,,,,,,false,https://www.spotrac.com/mlb/colorado-rockies/cash/_/year/2026,not_found_on_tax_page;not_found_on_contracts_page,
2026-07-08T14:16:26+00:00,2026,COL,Colorado Rockies,colorado-rockies,Cole Carrigg,colecarrigg,https://www.spotrac.com/mlb/player/_/id/84815/cole-carrigg,C,24,,,,2026 Active Roster,2026 Active Roster,Colorado Rockies Contracts,,,Pre-Arbitration,Pre-Arbitration,,458810,0.19,458810,458810,,,2026,2026,2026,1,780000,780000,694249,COL,Active,true,https://www.spotrac.com/mlb/colorado-rockies/cash/_/year/2026 | https://www.spotrac.com/mlb/colorado-rockies/contracts | https://www.spotrac.com/mlb/colorado-rockies/tax/_/year/2026,,
2026-07-08T14:16:26+00:00,2026,COL,Colorado Rockies,colorado-rockies,Dilan Lopez,dilanlopez,https://www.spotrac.com/mlb/player/_/id/105386/dilan-lopez,P,17,,,,,2026 Signing Bonus,,,,,,,,,250000,,250000,,,,,,,,,,,false,https://www.spotrac.com/mlb/colorado-rockies/cash/_/year/2026,not_found_on_tax_page;not_found_on_contracts_page,
2026-07-08T14:16:26+00:00,2026,COL,Colorado Rockies,colorado-rockies,Douglas Veliz,douglasveliz,https://www.spotrac.com/mlb/player/_/id/105687/douglas-veliz,C,17,,,,,2026 Signing Bonus,,,,,,,,,50000,,50000,,,,,,,,,,,false,https://www.spotrac.com/mlb/colorado-rockies/cash/_/year/2026,not_found_on_tax_page;not_found_on_contracts_page,
2026-07-08T14:16:26+00:00,2026,COL,Colorado Rockies,colorado-rockies,Edouard Julien,edouardjulien,https://www.spotrac.com/mlb/player/_/id/32320/edouard-julien,2B,27,2.009,,,2026 Active Roster,2026 Active Roster,Colorado Rockies Contracts,,,Pre-Arbitration,Pre-Arbitration,,792750,0.32,792750,792750,,,2026,2026,2026,1,792750,792750,666397,COL,Active,true,https://www.spotrac.com/mlb/colorado-rockies/cash/_/year/2026 | https://www.spotrac.com/mlb/colorado-rockies/contracts | https://www.spotrac.com/mlb/colorado-rockies/tax/_/year/2026,,
2026-07-08T14:16:26+00:00,2026,COL,Colorado Rockies,colorado-rockies,Eiberson Castellano,eibersoncastellano,https://www.spotrac.com/mlb/player/_/id/85903/eiberson-castellano,RP,25,,,,2026 Active Roster,2026 Active Roster,Colorado Rockies Contracts,,,Pre-Arbitration,Pre-Arbitration,,442126,0.18,442126,442126,,,2026,2026,2026,1,780000,780000,682769,COL,Reassigned to Minors,true,https://www.spotrac.com/mlb/colorado-rockies/cash/_/year/2026 | https://www.spotrac.com/mlb/colorado-rockies/contracts | https://www.spotrac.com/mlb/colorado-rockies/tax/_/year/2026,,
2026-07-08T14:16:26+00:00,2026,COL,Colorado Rockies,colorado-rockies,Emanuel Mejia,emanuelmejia,https://www.spotrac.com/mlb/player/_/id/105779/emanuel-mejia,P,17,,,,,2026 Signing Bonus,,,,,,,,,125000,,125000,,,,,,,,,,,false,https://www.spotrac.com/mlb/colorado-rockies/cash/_/year/2026,not_found_on_tax_page;not_found_on_contracts_page,
2026-07-08T14:16:26+00:00,2026,COL,Colorado Rockies,colorado-rockies,Emil Perez,emilperez,https://www.spotrac.com/mlb/player/_/id/105770/emil-perez,SS,17,,,,,2026 Signing Bonus,,,,,,,,,50000,,50000,,,,,,,,,,,false,https://www.spotrac.com/mlb/colorado-rockies/cash/_/year/2026,not_found_on_tax_page;not_found_on_contracts_page,
2026-07-08T14:16:26+00:00,2026,COL,Colorado Rockies,colorado-rockies,Ezequiel Tovar,ezequieltovar,https://www.spotrac.com/mlb/player/_/id/74805/ezequiel-tovar,SS,24,3.014,,,2026 Active Roster,2026 Active Roster,Colorado Rockies Contracts,,,Extension Pre-Arbitration,Extension Pre-Arbitration,,9071429,3.72,5000000,5000000,,,2024,2024,2031,7,63500000,9071429,678662,COL,Active,true,https://www.spotrac.com/mlb/colorado-rockies/cash/_/year/2026 | https://www.spotrac.com/mlb/colorado-rockies/contracts | https://www.spotrac.com/mlb/colorado-rockies/tax/_/year/2026,,
2026-07-08T14:16:26+00:00,2026,COL,Colorado Rockies,colorado-rockies,Gabriel Hughes,gabrielhughes,https://www.spotrac.com/mlb/player/_/id/78011/gabriel-hughes,RP,24,,,,2026 Active Roster,2026 Active Roster,Colorado Rockies Contracts,,,Pre-Arbitration,Pre-Arbitration,,367048,0.15,367048,367048,,,2026,2026,2026,1,780000,780000,687312,COL,Active,true,https://www.spotrac.com/mlb/colorado-rockies/cash/_/year/2026 | https://www.spotrac.com/mlb/colorado-rockies/contracts | https://www.spotrac.com/mlb/colorado-rockies/tax/_/year/2026,,
2026-07-08T14:16:26+00:00,2026,COL,Colorado Rockies,colorado-rockies,Gemerson Blanco,gemersonblanco,https://www.spotrac.com/mlb/player/_/id/105688/gemerson-blanco,OF,16,,,,,2026 Signing Bonus,,,,,,,,,150000,,150000,,,,,,,,,,,false,https://www.spotrac.com/mlb/colorado-rockies/cash/_/year/2026,not_found_on_tax_page;not_found_on_contracts_page,
2026-07-08T14:16:26+00:00,2026,COL,Colorado Rockies,colorado-rockies,Hunter Goodman,huntergoodman,https://www.spotrac.com/mlb/player/_/id/73372/hunter-goodman,C,26,2.010,,,2026 Active Roster,2026 Active Roster,Colorado Rockies Contracts,,,Pre-Arbitration,Pre-Arbitration,,810000,0.33,810000,810000,,,2026,2026,2026,1,810000,810000,696100,COL,Active,true,https://www.spotrac.com/mlb/colorado-rockies/cash/_/year/2026 | https://www.spotrac.com/mlb/colorado-rockies/contracts | https://www.spotrac.com/mlb/colorado-rockies/tax/_/year/2026,,
2026-07-08T14:16:26+00:00,2026,COL,Colorado Rockies,colorado-rockies,Ismael Contreras,ismaelcontreras,https://www.spotrac.com/mlb/player/_/id/105384/ismael-contreras,P,16,,,,,2026 Signing Bonus,,,,,,,,,700000,,700000,,,,,,,,,,,false,https://www.spotrac.com/mlb/colorado-rockies/cash/_/year/2026,not_found_on_tax_page;not_found_on_contracts_page,
2026-07-08T14:16:26+00:00,2026,COL,Colorado Rockies,colorado-rockies,Jaden Hill,jadenhill,https://www.spotrac.com/mlb/player/_/id/73306/jaden-hill,RP,26,0.097,,,2026 Injured List,2026 Injured List,Colorado Rockies Contracts,,,Pre-Arbitration,Pre-Arbitration,,782000,0.32,782000,782000,,,2026,2026,2026,1,782000,782000,677955,COL,Injured 15-Day,true,https://www.spotrac.com/mlb/colorado-rockies/cash/_/year/2026 | https://www.spotrac.com/mlb/colorado-rockies/contracts | https://www.spotrac.com/mlb/colorado-rockies/tax/_/year/2026,,
2026-07-08T14:16:26+00:00,2026,COL,Colorado Rockies,colorado-rockies,Jake McCarthy,jakemccarthy,https://www.spotrac.com/mlb/player/_/id/26062/jake-mccarthy,LF,28,3.124,,,2026 Active Roster,2026 Active Roster,Colorado Rockies Contracts,,,Arbitration 1,Arbitration,,1525000,0.63,1525000,1525000,,,2026,2026,2026,1,1525000,1525000,664983,COL,Active,true,https://www.spotrac.com/mlb/colorado-rockies/cash/_/year/2026 | https://www.spotrac.com/mlb/colorado-rockies/contracts | https://www.spotrac.com/mlb/colorado-rockies/tax/_/year/2026,,
2026-07-08T14:16:26+00:00,2026,COL,Colorado Rockies,colorado-rockies,Jean Nino,jeannino,https://www.spotrac.com/mlb/player/_/id/105686/jean-nino,P,18,,,,,2026 Signing Bonus,,,,,,,,,50000,,50000,,,,,,,,,,,false,https://www.spotrac.com/mlb/colorado-rockies/cash/_/year/2026,not_found_on_tax_page;not_found_on_contracts_page,
2026-07-08T14:16:26+00:00,2026,COL,Colorado Rockies,colorado-rockies,Jeff Criswell,jeffcriswell,https://www.spotrac.com/mlb/player/_/id/48414/jeff-criswell,RP,27,1.040,,,2026 Minor,2026 Minor,,,,Pre-Arbitration,,,12594,0.01,12594,12594,,,,,,,,,676105,COL,Reassigned to Minors,true,https://www.spotrac.com/mlb/colorado-rockies/cash/_/year/2026 | https://www.spotrac.com/mlb/colorado-rockies/tax/_/year/2026,not_found_on_contracts_page,
2026-07-08T14:16:26+00:00,2026,COL,Colorado Rockies,colorado-rockies,Jendry Guaraco,jendryguaraco,https://www.spotrac.com/mlb/player/_/id/105387/jendry-guaraco,SS,17,,,,,2026 Signing Bonus,,,,,,,,,250000,,250000,,,,,,,,,,,false,https://www.spotrac.com/mlb/colorado-rockies/cash/_/year/2026,not_found_on_tax_page;not_found_on_contracts_page,
2026-07-08T14:16:26+00:00,2026,COL,Colorado Rockies,colorado-rockies,Jimmy Herget,jimmyherget,https://www.spotrac.com/mlb/player/_/id/28200/jimmy-herget,RP,32,4.069,,,2026 Active Roster,2026 Active Roster,Colorado Rockies Contracts,,,Arbitration 2,Arbitration,,1550000,0.64,1550000,1550000,,,2026,2026,2026,1,1550000,1550000,623474,COL,Active,true,https://www.spotrac.com/mlb/colorado-rockies/cash/_/year/2026 | https://www.spotrac.com/mlb/colorado-rockies/contracts | https://www.spotrac.com/mlb/colorado-rockies/tax/_/year/2026,,
2026-07-08T14:16:26+00:00,2026,COL,Colorado Rockies,colorado-rockies,Johander Barrios,johanderbarrios,https://www.spotrac.com/mlb/player/_/id/105839/johander-barrios,P,17,,,,,2026 Signing Bonus,,,,,,,,,75000,,75000,,,,,,,,,,,false,https://www.spotrac.com/mlb/colorado-rockies/cash/_/year/2026,not_found_on_tax_page;not_found_on_contracts_page,
2026-07-08T14:16:26+00:00,2026,COL,Colorado Rockies,colorado-rockies,John Brebbia,johnbrebbia,https://www.spotrac.com/mlb/player/_/id/22647/john-brebbia,RP,36,8.004,,,2026 Dead Money,2026 Dead Money,,,,,,,45450,0.02,45450,45450,,,,,,,,,,,,false,https://www.spotrac.com/mlb/colorado-rockies/cash/_/year/2026 | https://www.spotrac.com/mlb/colorado-rockies/tax/_/year/2026,not_found_on_contracts_page,
2026-07-08T14:16:26+00:00,2026,COL,Colorado Rockies,colorado-rockies,Jordan Beck,jordanbeck,https://www.spotrac.com/mlb/player/_/id/31419/jordan-beck,RF,25,1.153,,,2026 Minor,2026 Minor,,,,Pre-Arbitration,,,403008,0.17,403008,403008,,,,,,,,,687597,COL,Reassigned to Minors,true,https://www.spotrac.com/mlb/colorado-rockies/cash/_/year/2026 | https://www.spotrac.com/mlb/colorado-rockies/tax/_/year/2026,not_found_on_contracts_page,
2026-07-08T14:16:26+00:00,2026,COL,Colorado Rockies,colorado-rockies,Jordan Romano,jordanromano,https://www.spotrac.com/mlb/player/_/id/28249/jordan-romano,RP,33,6.051,,,2026 Active Roster,2026 Active Roster,Colorado Rockies Contracts,,,Free Agent,Free Agent,,386325,0.16,386325,386325,,,2026,2026,2026,1,850000,850000,605447,COL,Active,true,https://www.spotrac.com/mlb/colorado-rockies/cash/_/year/2026 | https://www.spotrac.com/mlb/colorado-rockies/contracts | https://www.spotrac.com/mlb/colorado-rockies/tax/_/year/2026,,
2026-07-08T14:16:26+00:00,2026,COL,Colorado Rockies,colorado-rockies,Jose Gudino,josegudino,https://www.spotrac.com/mlb/player/_/id/105584/jose-gudino,C,17,,,,,2026 Signing Bonus,,,,,,,,,350000,,350000,,,,,,,,,,,false,https://www.spotrac.com/mlb/colorado-rockies/cash/_/year/2026,not_found_on_tax_page;not_found_on_contracts_page,
2026-07-08T14:16:26+00:00,2026,COL,Colorado Rockies,colorado-rockies,Jose Quintana,josequintana,https://www.spotrac.com/mlb/player/_/id/10660/jose-quintana,SP,37,13.133,,,2026 Injured List,2026 Injured List,Colorado Rockies Contracts,,,Free Agent,Free Agent,,6000000,,6000000,6000000,,,2026,2026,2026,1,6000000,6000000,500779,COL,Injured 60-Day,true,https://www.spotrac.com/mlb/colorado-rockies/cash/_/year/2026 | https://www.spotrac.com/mlb/colorado-rockies/contracts | https://www.spotrac.com/mlb/colorado-rockies/tax/_/year/2026,,
2026-07-08T14:16:26+00:00,2026,COL,Colorado Rockies,colorado-rockies,Juan Mejia,juanmejia,https://www.spotrac.com/mlb/player/_/id/86132/juan-mejia,RP,25,0.144,,,2026 Active Roster,2026 Active Roster,Colorado Rockies Contracts,,,Pre-Arbitration,Pre-Arbitration,,782000,0.32,782000,782000,,,2026,2026,2026,1,782000,782000,675848,COL,Active,true,https://www.spotrac.com/mlb/colorado-rockies/cash/_/year/2026 | https://www.spotrac.com/mlb/colorado-rockies/contracts | https://www.spotrac.com/mlb/colorado-rockies/tax/_/year/2026,,
2026-07-08T14:16:26+00:00,2026,COL,Colorado Rockies,colorado-rockies,Juan Villamizar,juanvillamizar,https://www.spotrac.com/mlb/player/_/id/105689/juan-villamizar,P,17,,,,,2026 Signing Bonus,,,,,,,,,150000,,150000,,,,,,,,,,,false,https://www.spotrac.com/mlb/colorado-rockies/cash/_/year/2026,not_found_on_tax_page;not_found_on_contracts_page,
2026-07-08T14:16:26+00:00,2026,COL,Colorado Rockies,colorado-rockies,Kalhey Chan,kalheychan,https://www.spotrac.com/mlb/player/_/id/105685/kalhey-chan,P,17,,,,,2026 Signing Bonus,,,,,,,,,100000,,100000,,,,,,,,,,,false,https://www.spotrac.com/mlb/colorado-rockies/cash/_/year/2026,not_found_on_tax_page;not_found_on_contracts_page,
2026-07-08T14:16:26+00:00,2026,COL,Colorado Rockies,colorado-rockies,Keegan Thompson,keeganthompson,https://www.spotrac.com/mlb/player/_/id/23316/keegan-thompson,RP,31,3.006,,,2026 Minor,2026 Minor,,,,Free Agent,,,1010444,,1010444,1010444,,,,,,,,,,,,false,https://www.spotrac.com/mlb/colorado-rockies/cash/_/year/2026 | https://www.spotrac.com/mlb/colorado-rockies/tax/_/year/2026,not_found_on_contracts_page,
2026-07-08T14:16:26+00:00,2026,COL,Colorado Rockies,colorado-rockies,Kevin Meza,kevinmeza,https://www.spotrac.com/mlb/player/_/id/108546/kevin-meza,P,17,,,,,2026 Signing Bonus,,,,,,,,,55000,,55000,,,,,,,,,,,false,https://www.spotrac.com/mlb/colorado-rockies/cash/_/year/2026,not_found_on_tax_page;not_found_on_contracts_page,
2026-07-08T14:16:26+00:00,2026,COL,Colorado Rockies,colorado-rockies,Kris Bryant,krisbryant,https://www.spotrac.com/mlb/player/_/id/14057/kris-bryant,OF,34,10.171,,,2026 Injured List,2026 Injured List,Colorado Rockies Contracts,,,Free Agent,Free Agent,,26000000,,26000000,26000000,,,2022,2022,2028,7,182000000,26000000,592178,COL,Injured 60-Day,true,https://www.spotrac.com/mlb/colorado-rockies/cash/_/year/2026 | https://www.spotrac.com/mlb/colorado-rockies/contracts | https://www.spotrac.com/mlb/colorado-rockies/tax/_/year/2026,,
2026-07-08T14:16:26+00:00,2026,COL,Colorado Rockies,colorado-rockies,Kyle Freeland,kylefreeland,https://www.spotrac.com/mlb/player/_/id/17685/kyle-freeland,SP,33,8.144,,,2026 Active Roster,2026 Active Roster,Colorado Rockies Contracts,,,Extension Arbitration,Extension Arbitration,,12900000,5.29,16000000,16000000,,,2022,2022,2027,5,64500000,12900000,607536,COL,Active,true,https://www.spotrac.com/mlb/colorado-rockies/cash/_/year/2026 | https://www.spotrac.com/mlb/colorado-rockies/contracts | https://www.spotrac.com/mlb/colorado-rockies/tax/_/year/2026,,
2026-07-08T14:16:26+00:00,2026,COL,Colorado Rockies,colorado-rockies,Kyle Karros,kylekarros,https://www.spotrac.com/mlb/player/_/id/84888/kyle-karros,3B,23,0.052,,,2026 Active Roster,2026 Active Roster,Colorado Rockies Contracts,,,Pre-Arbitration,Pre-Arbitration,,782000,0.32,782000,782000,,,2026,2026,2026,1,782000,782000,691720,COL,Active,true,https://www.spotrac.com/mlb/colorado-rockies/cash/_/year/2026 | https://www.spotrac.com/mlb/colorado-rockies/contracts | https://www.spotrac.com/mlb/colorado-rockies/tax/_/year/2026,,
2026-07-08T14:16:26+00:00,2026,COL,Colorado Rockies,colorado-rockies,Luis Martinez,luismartinez,https://www.spotrac.com/mlb/player/_/id/105837/luis-martinez,P,17,,,,,2026 Signing Bonus,,,,,,,,,260000,,260000,,,,,,,,,,,false,https://www.spotrac.com/mlb/colorado-rockies/cash/_/year/2026,not_found_on_tax_page;not_found_on_contracts_page,
2026-07-08T14:16:26+00:00,2026,COL,Colorado Rockies,colorado-rockies,Luis Peralta,luisperalta,https://www.spotrac.com/mlb/player/_/id/88001/luis-peralta,RP,25,0.106,,,2026 Dead Money,2026 Dead Money,,,,,,,116788,0.05,116788,116788,,,,,,,,,,,,false,https://www.spotrac.com/mlb/colorado-rockies/cash/_/year/2026 | https://www.spotrac.com/mlb/colorado-rockies/tax/_/year/2026,not_found_on_contracts_page,
2026-07-08T14:16:26+00:00,2026,COL,Colorado Rockies,colorado-rockies,Maiker Ramirez,maikerramirez,https://www.spotrac.com/mlb/player/_/id/105388/maiker-ramirez,SS,17,,,,,2026 Signing Bonus,,,,,,,,,200000,,200000,,,,,,,,,,,false,https://www.spotrac.com/mlb/colorado-rockies/cash/_/year/2026,not_found_on_tax_page;not_found_on_contracts_page,
2026-07-08T14:16:26+00:00,2026,COL,Colorado Rockies,colorado-rockies,McCade Brown,mccadebrown,https://www.spotrac.com/mlb/player/_/id/73341/mccade-brown,SP,26,0.036,,,2026 Injured List,2026 Injured List,Colorado Rockies Contracts,,,Pre-Arbitration,Pre-Arbitration,,782000,,782000,782000,,,2026,2026,2026,1,782000,782000,685326,COL,Injured 60-Day,true,https://www.spotrac.com/mlb/colorado-rockies/cash/_/year/2026 | https://www.spotrac.com/mlb/colorado-rockies/contracts | https://www.spotrac.com/mlb/colorado-rockies/tax/_/year/2026,,
2026-07-08T14:16:26+00:00,2026,COL,Colorado Rockies,colorado-rockies,Michael Lorenzen,michaellorenzen,https://www.spotrac.com/mlb/player/_/id/14094/michael-lorenzen,SP,34,10.159,,,2026 Active Roster,2026 Active Roster,Colorado Rockies Contracts,,,Free Agent,Free Agent,,8000000,3.28,7750000,7750000,,,2026,2026,2027,1,8000000,8000000,547179,COL,Active,true,https://www.spotrac.com/mlb/colorado-rockies/cash/_/year/2026 | https://www.spotrac.com/mlb/colorado-rockies/contracts | https://www.spotrac.com/mlb/colorado-rockies/tax/_/year/2026,,
2026-07-08T14:16:26+00:00,2026,COL,Colorado Rockies,colorado-rockies,Mickey Moniak,mickeymoniak,https://www.spotrac.com/mlb/player/_/id/20151/mickey-moniak,CF,28,4.027,,,2026 Active Roster,2026 Active Roster,Colorado Rockies Contracts,,,Arbitration 2,Arbitration,,4000000,1.64,4000000,4000000,,,2026,2026,2026,1,4000000,4000000,666160,COL,Active,true,https://www.spotrac.com/mlb/colorado-rockies/cash/_/year/2026 | https://www.spotrac.com/mlb/colorado-rockies/contracts | https://www.spotrac.com/mlb/colorado-rockies/tax/_/year/2026,,
2026-07-08T14:16:26+00:00,2026,COL,Colorado Rockies,colorado-rockies,Miguel Vargas,miguelvargas,https://www.spotrac.com/mlb/player/_/id/105840/miguel-vargas,P,17,,,,,2026 Signing Bonus,,,,,,,,,150000,,150000,,,,,,,,678246,CHW,Active,true_other_team,https://www.spotrac.com/mlb/colorado-rockies/cash/_/year/2026,not_found_on_tax_page;not_found_on_contracts_page,
2026-07-08T14:16:26+00:00,2026,COL,Colorado Rockies,colorado-rockies,Omar Marrugo,omarmarrugo,https://www.spotrac.com/mlb/player/_/id/105835/omar-marrugo,SS,16,,,,,2026 Signing Bonus,,,,,,,,,40000,,40000,,,,,,,,,,,false,https://www.spotrac.com/mlb/colorado-rockies/cash/_/year/2026,not_found_on_tax_page;not_found_on_contracts_page,
2026-07-08T14:16:26+00:00,2026,COL,Colorado Rockies,colorado-rockies,Pierson Ohl,piersonohl,https://www.spotrac.com/mlb/player/_/id/73904/pierson-ohl,SP,26,0.050,,,2026 Injured List,2026 Injured List,Colorado Rockies Contracts,,,Pre-Arbitration,Pre-Arbitration,,782000,,782000,782000,,,2026,2026,2026,1,782000,782000,701487,COL,Injured 60-Day,true,https://www.spotrac.com/mlb/colorado-rockies/cash/_/year/2026 | https://www.spotrac.com/mlb/colorado-rockies/contracts | https://www.spotrac.com/mlb/colorado-rockies/tax/_/year/2026,,
2026-07-08T14:16:26+00:00,2026,COL,Colorado Rockies,colorado-rockies,RJ Petit,rjpetit,https://www.spotrac.com/mlb/player/_/id/73890/rj-petit,RP,26,,,,2026 Injured List,2026 Injured List,Colorado Rockies Contracts,,,Pre-Arbitration,Pre-Arbitration,,780000,,780000,780000,,,2026,2026,2026,1,780000,780000,,,,false,https://www.spotrac.com/mlb/colorado-rockies/cash/_/year/2026 | https://www.spotrac.com/mlb/colorado-rockies/contracts | https://www.spotrac.com/mlb/colorado-rockies/tax/_/year/2026,,
2026-07-08T14:16:26+00:00,2026,COL,Colorado Rockies,colorado-rockies,Rafael Quezada,rafaelquezada,https://www.spotrac.com/mlb/player/_/id/105691/rafael-quezada,P,18,,,,,2026 Signing Bonus,,,,,,,,,15000,,15000,,,,,,,,,,,false,https://www.spotrac.com/mlb/colorado-rockies/cash/_/year/2026,not_found_on_tax_page;not_found_on_contracts_page,
2026-07-08T14:16:26+00:00,2026,COL,Colorado Rockies,colorado-rockies,Richard De Los Santos,richarddelossantos,https://www.spotrac.com/mlb/player/_/id/105383/richard-de-los-santos,SS,17,,,,,2026 Signing Bonus,,,,,,,,,1000000,,1000000,,,,,,,,,,,false,https://www.spotrac.com/mlb/colorado-rockies/cash/_/year/2026,not_found_on_tax_page;not_found_on_contracts_page,
2026-07-08T14:16:26+00:00,2026,COL,Colorado Rockies,colorado-rockies,Ryan Feltner,ryanfeltner,https://www.spotrac.com/mlb/player/_/id/26155/ryan-feltner,SP,29,3.071,,,2026 Active Roster,2026 Active Roster,Colorado Rockies Contracts,,,Arbitration 2 Super Two,Arbitration,,2450000,1.00,2450000,2450000,,,2026,2026,2026,1,2450000,2450000,663372,COL,Active,true,https://www.spotrac.com/mlb/colorado-rockies/cash/_/year/2026 | https://www.spotrac.com/mlb/colorado-rockies/contracts | https://www.spotrac.com/mlb/colorado-rockies/tax/_/year/2026,,
2026-07-08T14:16:26+00:00,2026,COL,Colorado Rockies,colorado-rockies,Ryan McMahon,ryanmcmahon,https://www.spotrac.com/mlb/player/_/id/24380/ryan-mcmahon,3B,,8.006,,,2026 Retained,,,,,Retained,,,-801996,,,,,,,,,,,,641857,NYY,Active,true_other_team,https://www.spotrac.com/mlb/colorado-rockies/tax/_/year/2026,not_found_on_cash_page;not_found_on_contracts_page,
2026-07-08T14:16:26+00:00,2026,COL,Colorado Rockies,colorado-rockies,Ryan Ritter,ryanritter,https://www.spotrac.com/mlb/player/_/id/78709/ryan-ritter,SS,25,0.115,,,2026 Minor,2026 Minor,,,,Pre-Arbitration,,,37636,0.02,37636,37636,,,,,,,,,690022,COL,Reassigned to Minors,true,https://www.spotrac.com/mlb/colorado-rockies/cash/_/year/2026 | https://www.spotrac.com/mlb/colorado-rockies/tax/_/year/2026,not_found_on_contracts_page,
2026-07-08T14:16:26+00:00,2026,COL,Colorado Rockies,colorado-rockies,Sammy Peralta,sammyperalta,https://www.spotrac.com/mlb/player/_/id/32014/sammy-peralta,RP,28,0.970,,,2026 Minor,2026 Minor,,,,Pre-Arbitration,,,58394,,58394,58394,,,,,,,,,,,,false,https://www.spotrac.com/mlb/colorado-rockies/cash/_/year/2026 | https://www.spotrac.com/mlb/colorado-rockies/tax/_/year/2026,not_found_on_contracts_page,
2026-07-08T14:16:26+00:00,2026,COL,Colorado Rockies,colorado-rockies,Sean Sullivan,seansullivan,https://www.spotrac.com/mlb/player/_/id/84800/sean-sullivan,SP,23,,,,2026 Minor,2026 Minor,,,,Pre-Arbitration,,,79249,0.03,79249,79249,,,,,,,,,807743,COL,Reassigned to Minors,true,https://www.spotrac.com/mlb/colorado-rockies/cash/_/year/2026 | https://www.spotrac.com/mlb/colorado-rockies/tax/_/year/2026,not_found_on_contracts_page,
2026-07-08T14:16:26+00:00,2026,COL,Colorado Rockies,colorado-rockies,Seth Halvorsen,sethhalvorsen,https://www.spotrac.com/mlb/player/_/id/79556/seth-halvorsen,RP,26,1.031,,,2026 Injured List,2026 Injured List,Colorado Rockies Contracts,,,Pre-Arbitration,Pre-Arbitration,,575598,0.24,575598,575598,,,2026,2026,2026,1,780000,780000,678020,COL,Injured 15-Day,true,https://www.spotrac.com/mlb/colorado-rockies/cash/_/year/2026 | https://www.spotrac.com/mlb/colorado-rockies/contracts | https://www.spotrac.com/mlb/colorado-rockies/tax/_/year/2026,,
2026-07-08T14:16:26+00:00,2026,COL,Colorado Rockies,colorado-rockies,Sterlin Thompson,sterlinthompson,https://www.spotrac.com/mlb/player/_/id/78018/sterlin-thompson,RF,25,,,,2026 Minor,2026 Minor,,,,Pre-Arbitration,,,145985,0.06,145985,145985,,,,,,,,,694514,COL,Reassigned to Minors,true,https://www.spotrac.com/mlb/colorado-rockies/cash/_/year/2026 | https://www.spotrac.com/mlb/colorado-rockies/tax/_/year/2026,not_found_on_contracts_page,
2026-07-08T14:16:26+00:00,2026,COL,Colorado Rockies,colorado-rockies,T.J. Rumfield,tjrumfield,https://www.spotrac.com/mlb/player/_/id/73731/tj-rumfield,1B,26,,,,2026 Active Roster,2026 Active Roster,Colorado Rockies Contracts,,,Pre-Arbitration,Pre-Arbitration,,780000,0.32,780000,780000,,,2026,2026,2026,1,780000,780000,681198,COL,Active,true,https://www.spotrac.com/mlb/colorado-rockies/cash/_/year/2026 | https://www.spotrac.com/mlb/colorado-rockies/contracts | https://www.spotrac.com/mlb/colorado-rockies/tax/_/year/2026,,
2026-07-08T14:16:26+00:00,2026,COL,Colorado Rockies,colorado-rockies,TJ Shook,tjshook,https://www.spotrac.com/mlb/player/_/id/48619/tj-shook,RP,28,,,,2026 Active Roster,2026 Active Roster,Colorado Rockies Contracts,,,Pre-Arbitration,Pre-Arbitration,,379561,0.16,379561,379561,,,2026,2026,2026,1,780000,780000,669298,COL,Active,true,https://www.spotrac.com/mlb/colorado-rockies/cash/_/year/2026 | https://www.spotrac.com/mlb/colorado-rockies/contracts | https://www.spotrac.com/mlb/colorado-rockies/tax/_/year/2026,,
2026-07-08T14:16:26+00:00,2026,COL,Colorado Rockies,colorado-rockies,Tanner Gordon,tannergordon,https://www.spotrac.com/mlb/player/_/id/31127/tanner-gordon,SP,28,0.156,,,2026 Active Roster,2026 Active Roster,Colorado Rockies Contracts,,,Pre-Arbitration,Pre-Arbitration,,684044,0.28,684044,684044,,,2026,2026,2026,1,780000,780000,685299,COL,Active,true,https://www.spotrac.com/mlb/colorado-rockies/cash/_/year/2026 | https://www.spotrac.com/mlb/colorado-rockies/contracts | https://www.spotrac.com/mlb/colorado-rockies/tax/_/year/2026,,
2026-07-08T14:16:26+00:00,2026,COL,Colorado Rockies,colorado-rockies,Tomoyuki Sugano,tomoyukisugano,https://www.spotrac.com/mlb/player/_/id/95960/tomoyuki-sugano,SP,36,1.000,,,2026 Injured List,2026 Injured List,Colorado Rockies Contracts,,,Free Agent,Free Agent,,5100000,2.09,5100000,5100000,,,2026,2026,2026,1,5100000,5100000,608372,COL,Injured 15-Day,true,https://www.spotrac.com/mlb/colorado-rockies/cash/_/year/2026 | https://www.spotrac.com/mlb/colorado-rockies/contracts | https://www.spotrac.com/mlb/colorado-rockies/tax/_/year/2026,,
2026-07-08T14:16:26+00:00,2026,COL,Colorado Rockies,colorado-rockies,Troy Johnston,troyjohnston,https://www.spotrac.com/mlb/player/_/id/79801/troy-johnston,OF,29,0.062,,,2026 Active Roster,2026 Active Roster,Colorado Rockies Contracts,,,Pre-Arbitration,Pre-Arbitration,,782000,0.32,782000,782000,,,2026,2026,2026,1,782000,782000,687859,COL,Active,true,https://www.spotrac.com/mlb/colorado-rockies/cash/_/year/2026 | https://www.spotrac.com/mlb/colorado-rockies/contracts | https://www.spotrac.com/mlb/colorado-rockies/tax/_/year/2026,,
2026-07-08T14:16:26+00:00,2026,COL,Colorado Rockies,colorado-rockies,Tyler Freeman,tylerfreeman,https://www.spotrac.com/mlb/player/_/id/23280/tyler-freeman,OF,27,3.046,,,2026 Active Roster,2026 Active Roster,Colorado Rockies Contracts,,,Arbitration 1,Arbitration,,1525000,0.63,1525000,1525000,,,2026,2026,2026,1,1525000,1525000,671289,COL,Active,true,https://www.spotrac.com/mlb/colorado-rockies/cash/_/year/2026 | https://www.spotrac.com/mlb/colorado-rockies/contracts | https://www.spotrac.com/mlb/colorado-rockies/tax/_/year/2026,,
2026-07-08T14:16:26+00:00,2026,COL,Colorado Rockies,colorado-rockies,Valente Bellozo,valentebellozo,https://www.spotrac.com/mlb/player/_/id/87020/valente-bellozo,RP,26,1.050,,,2026 Minor,2026 Minor,,,,Free Agent,,,45881,,45881,45881,,,,,,,,,,,,false,https://www.spotrac.com/mlb/colorado-rockies/cash/_/year/2026 | https://www.spotrac.com/mlb/colorado-rockies/tax/_/year/2026,not_found_on_contracts_page,
2026-07-08T14:16:26+00:00,2026,COL,Colorado Rockies,colorado-rockies,Victor Vodnik,victorvodnik,https://www.spotrac.com/mlb/player/_/id/27648/victor-vodnik,RP,26,2.024,,,2026 Injured List,2026 Injured List,Colorado Rockies Contracts,,,Pre-Arbitration,Pre-Arbitration,,790000,0.32,790000,790000,,,2026,2026,2026,1,790000,790000,680767,COL,Active,true,https://www.spotrac.com/mlb/colorado-rockies/cash/_/year/2026 | https://www.spotrac.com/mlb/colorado-rockies/contracts | https://www.spotrac.com/mlb/colorado-rockies/tax/_/year/2026,,
2026-07-08T14:16:26+00:00,2026,COL,Colorado Rockies,colorado-rockies,Vinny Castilla,vinnycastilla,https://www.spotrac.com/mlb/player/_/id/48535/vinny-castilla,3B,58,,,,,2026 Deferred,,,,,,,,,106666,106666,,,,,,,,,,,,false,https://www.spotrac.com/mlb/colorado-rockies/cash/_/year/2026,not_found_on_tax_page;not_found_on_contracts_page,
2026-07-08T14:16:26+00:00,2026,COL,Colorado Rockies,colorado-rockies,Welinton Herrera,welintonherrera,https://www.spotrac.com/mlb/player/_/id/86969/welinton-herrera,RP,22,,,,2026 Injured List,2026 Injured List,Colorado Rockies Contracts,,,Pre-Arbitration,Pre-Arbitration,,521375,,521375,521375,,,2026,2026,2026,1,780000,780000,700327,COL,Injured 60-Day,true,https://www.spotrac.com/mlb/colorado-rockies/cash/_/year/2026 | https://www.spotrac.com/mlb/colorado-rockies/contracts | https://www.spotrac.com/mlb/colorado-rockies/tax/_/year/2026,,
2026-07-08T14:16:26+00:00,2026,COL,Colorado Rockies,colorado-rockies,Willi Castro,willicastro,https://www.spotrac.com/mlb/player/_/id/24617/willi-castro,2B,29,6.017,,,2026 Active Roster,2026 Active Roster,Colorado Rockies Contracts,,,Free Agent,Free Agent,,6400000,2.62,5500000,5500000,,,2026,2026,2027,2,12800000,6400000,650489,COL,Active,true,https://www.spotrac.com/mlb/colorado-rockies/cash/_/year/2026 | https://www.spotrac.com/mlb/colorado-rockies/contracts | https://www.spotrac.com/mlb/colorado-rockies/tax/_/year/2026,,
2026-07-08T14:16:26+00:00,2026,COL,Colorado Rockies,colorado-rockies,Yenderberth Rivas,yenderberthrivas,https://www.spotrac.com/mlb/player/_/id/105585/yenderberth-rivas,P,17,,,,,2026 Signing Bonus,,,,,,,,,130000,,130000,,,,,,,,,,,false,https://www.spotrac.com/mlb/colorado-rockies/cash/_/year/2026,not_found_on_tax_page;not_found_on_contracts_page,
2026-07-08T14:16:26+00:00,2026,COL,Colorado Rockies,colorado-rockies,Yeremi Mendez,yeremimendez,https://www.spotrac.com/mlb/player/_/id/105841/yeremi-mendez,P,17,,,,,2026 Signing Bonus,,,,,,,,,135000,,135000,,,,,,,,,,,false,https://www.spotrac.com/mlb/colorado-rockies/cash/_/year/2026,not_found_on_tax_page;not_found_on_contracts_page,
2026-07-08T14:16:26+00:00,2026,COL,Colorado Rockies,colorado-rockies,Yhoscar Perez,yhoscarperez,https://www.spotrac.com/mlb/player/_/id/105807/yhoscar-perez,SS,17,,,,,2026 Signing Bonus,,,,,,,,,60000,,60000,,,,,,,,,,,false,https://www.spotrac.com/mlb/colorado-rockies/cash/_/year/2026,not_found_on_tax_page;not_found_on_contracts_page,
2026-07-08T14:16:26+00:00,2026,COL,Colorado Rockies,colorado-rockies,Zac Veen,zacveen,https://www.spotrac.com/mlb/player/_/id/48364/zac-veen,LF,,0.015,,,2026 Minor,,,,,Pre-Arbitration,,,,,,,,,,,,,,,691728,COL,Reassigned to Minors,true,https://www.spotrac.com/mlb/colorado-rockies/tax/_/year/2026,missing_all_money_fields;not_found_on_cash_page;not_found_on_contracts_page,
2026-07-08T14:16:26+00:00,2026,COL,Colorado Rockies,colorado-rockies,Zach Agnos,zachagnos,https://www.spotrac.com/mlb/player/_/id/78877/zach-agnos,RP,25,0.145,,,2026 Active Roster,2026 Active Roster,Colorado Rockies Contracts,,,Pre-Arbitration,Pre-Arbitration,,761124,0.31,761124,761124,,,2026,2026,2026,1,782000,782000,688642,COL,Active,true,https://www.spotrac.com/mlb/colorado-rockies/cash/_/year/2026 | https://www.spotrac.com/mlb/colorado-rockies/contracts | https://www.spotrac.com/mlb/colorado-rockies/tax/_/year/2026,,
2026-07-08T14:16:26+00:00,2026,DET,Detroit Tigers,detroit-tigers,Alexander Padilla,alexanderpadilla,https://www.spotrac.com/mlb/player/_/id/105845/alexander-padilla,P,17,,,,,2026 Signing Bonus,,,,,,,,,160000,,160000,,,,,,,,,,,false,https://www.spotrac.com/mlb/detroit-tigers/cash/_/year/2026,not_found_on_tax_page;not_found_on_contracts_page,
2026-07-08T14:16:26+00:00,2026,DET,Detroit Tigers,detroit-tigers,Bailey Horn,baileyhorn,https://www.spotrac.com/mlb/player/_/id/48498/bailey-horn,RP,28,0.102,,,2026 Injured List,2026 Injured List,Detroit Tigers Contracts,,,Pre-Arbitration,Pre-Arbitration,,784100,,784100,784100,,,2026,2026,2026,1,784100,784100,690544,DET,Injured 60-Day,true,https://www.spotrac.com/mlb/detroit-tigers/cash/_/year/2026 | https://www.spotrac.com/mlb/detroit-tigers/contracts | https://www.spotrac.com/mlb/detroit-tigers/tax/_/year/2026,,
2026-07-08T14:16:26+00:00,2026,DET,Detroit Tigers,detroit-tigers,Beau Brieske,beaubrieske,https://www.spotrac.com/mlb/player/_/id/74807/beau-brieske,RP,28,3.056,,,2026 Active Roster,2026 Active Roster,Detroit Tigers Contracts,,,Arbitration 2 Super Two,Arbitration,,1157500,0.47,1157500,1157500,,,2026,2026,2026,1,1157500,1157500,689225,DET,Active,true,https://www.spotrac.com/mlb/detroit-tigers/cash/_/year/2026 | https://www.spotrac.com/mlb/detroit-tigers/contracts | https://www.spotrac.com/mlb/detroit-tigers/tax/_/year/2026,,
2026-07-08T14:16:26+00:00,2026,DET,Detroit Tigers,detroit-tigers,Ben Malgeri,benmalgeri,https://www.spotrac.com/mlb/player/_/id/73721/ben-malgeri,OF,26,,,,2026 Active Roster,2026 Active Roster,Detroit Tigers Contracts,,,Pre-Arbitration,Pre-Arbitration,,400416,0.16,400416,400416,,,2026,2026,2026,1,780000,780000,701162,DET,Active,true,https://www.spotrac.com/mlb/detroit-tigers/cash/_/year/2026 | https://www.spotrac.com/mlb/detroit-tigers/contracts | https://www.spotrac.com/mlb/detroit-tigers/tax/_/year/2026,,
2026-07-08T14:16:26+00:00,2026,DET,Detroit Tigers,detroit-tigers,Brant Hurter,branthurter,https://www.spotrac.com/mlb/player/_/id/73460/brant-hurter,RP,27,1.042,,,2026 Injured List,2026 Injured List,Detroit Tigers Contracts,,,Pre-Arbitration,Pre-Arbitration,,796200,,796200,796200,,,2026,2026,2026,1,796200,796200,676428,DET,Injured 60-Day,true,https://www.spotrac.com/mlb/detroit-tigers/cash/_/year/2026 | https://www.spotrac.com/mlb/detroit-tigers/contracts | https://www.spotrac.com/mlb/detroit-tigers/tax/_/year/2026,,
2026-07-08T14:16:26+00:00,2026,DET,Detroit Tigers,detroit-tigers,Brenan Hanifee,brenanhanifee,https://www.spotrac.com/mlb/player/_/id/20506/brenan-hanifee,RP,28,1.069,,,2026 Minor,2026 Minor,,,,Pre-Arbitration,,,171011,0.07,171011,171011,,,,,,,,,669724,DET,Reassigned to Minors,true,https://www.spotrac.com/mlb/detroit-tigers/cash/_/year/2026 | https://www.spotrac.com/mlb/detroit-tigers/tax/_/year/2026,not_found_on_contracts_page,
2026-07-08T14:16:26+00:00,2026,DET,Detroit Tigers,detroit-tigers,Burch Smith,burchsmith,https://www.spotrac.com/mlb/player/_/id/16044/burch-smith,RP,36,5.086,,,2026 Injured List,2026 Injured List,Detroit Tigers Contracts,,,Free Agent,Free Agent,,1267318,,1267318,1267318,,,2026,2026,2026,1,1500000,1500000,572143,DET,Injured 60-Day,true,https://www.spotrac.com/mlb/detroit-tigers/cash/_/year/2026 | https://www.spotrac.com/mlb/detroit-tigers/contracts | https://www.spotrac.com/mlb/detroit-tigers/tax/_/year/2026,,
2026-07-08T14:16:26+00:00,2026,DET,Detroit Tigers,detroit-tigers,Casey Mize,caseymize,https://www.spotrac.com/mlb/player/_/id/26024/casey-mize,SP,29,5.111,,,2026 Active Roster,2026 Active Roster,Detroit Tigers Contracts,,,Arbitration 3,Arbitration,,6150000,2.52,6150000,6150000,,,2026,2026,2026,1,6150000,6150000,663554,DET,Active,true,https://www.spotrac.com/mlb/detroit-tigers/cash/_/year/2026 | https://www.spotrac.com/mlb/detroit-tigers/contracts | https://www.spotrac.com/mlb/detroit-tigers/tax/_/year/2026,,
2026-07-08T14:16:26+00:00,2026,DET,Detroit Tigers,detroit-tigers,Colt Keith,coltkeith,https://www.spotrac.com/mlb/player/_/id/48488/colt-keith,3B,24,2.000,,,2026 Active Roster,2026 Active Roster,Detroit Tigers Contracts,,,Extension Pre-Arbitration,Extension Pre-Arbitration,,4773750,1.96,4000000,4000000,,,2024,2024,2032,6,28642500,4773750,690993,DET,Active,true,https://www.spotrac.com/mlb/detroit-tigers/cash/_/year/2026 | https://www.spotrac.com/mlb/detroit-tigers/contracts | https://www.spotrac.com/mlb/detroit-tigers/tax/_/year/2026,,
2026-07-08T14:16:26+00:00,2026,DET,Detroit Tigers,detroit-tigers,Connor Seabold,connorseabold,https://www.spotrac.com/mlb/player/_/id/23292/connor-seabold,RP,30,1.054,,,2026 Dead Money,2026 Dead Money,,,,,,,260958,0.11,260958,260958,,,,,,,,,657756,KC,Injured 15-Day,true_other_team,https://www.spotrac.com/mlb/detroit-tigers/cash/_/year/2026 | https://www.spotrac.com/mlb/detroit-tigers/tax/_/year/2026,not_found_on_contracts_page,
2026-07-08T14:16:26+00:00,2026,DET,Detroit Tigers,detroit-tigers,Diego Orro,diegoorro,https://www.spotrac.com/mlb/player/_/id/105769/diego-orro,OF,17,,,,,2026 Signing Bonus,,,,,,,,,100000,,100000,,,,,,,,,,,false,https://www.spotrac.com/mlb/detroit-tigers/cash/_/year/2026,not_found_on_tax_page;not_found_on_contracts_page,
2026-07-08T14:16:26+00:00,2026,DET,Detroit Tigers,detroit-tigers,Dillon Dingler,dillondingler,https://www.spotrac.com/mlb/player/_/id/48394/dillon-dingler,C,27,1.063,,,2026 Active Roster,2026 Active Roster,Detroit Tigers Contracts,,,Pre-Arbitration,Pre-Arbitration,,834900,0.34,834900,834900,,,2026,2026,2026,1,834900,834900,693307,DET,Active,true,https://www.spotrac.com/mlb/detroit-tigers/cash/_/year/2026 | https://www.spotrac.com/mlb/detroit-tigers/contracts | https://www.spotrac.com/mlb/detroit-tigers/tax/_/year/2026,,
2026-07-08T14:16:26+00:00,2026,DET,Detroit Tigers,detroit-tigers,Douglas Olivo,douglasolivo,https://www.spotrac.com/mlb/player/_/id/105392/douglas-olivo,OF,17,,,,,2026 Signing Bonus,,,,,,,,,800000,,800000,,,,,,,,,,,false,https://www.spotrac.com/mlb/detroit-tigers/cash/_/year/2026,not_found_on_tax_page;not_found_on_contracts_page,
2026-07-08T14:16:26+00:00,2026,DET,Detroit Tigers,detroit-tigers,Drew Anderson,drewanderson,https://www.spotrac.com/mlb/player/_/id/21225/drew-anderson,RP,32,0.114,,,2026 Active Roster,2026 Active Roster,Detroit Tigers Contracts,,,Free Agent,Free Agent,,7000000,2.87,7000000,7000000,,,2026,2026,2027,1,7000000,7000000,623454,DET,Active,true,https://www.spotrac.com/mlb/detroit-tigers/cash/_/year/2026 | https://www.spotrac.com/mlb/detroit-tigers/contracts | https://www.spotrac.com/mlb/detroit-tigers/tax/_/year/2026,,
2026-07-08T14:16:26+00:00,2026,DET,Detroit Tigers,detroit-tigers,Drew Sommers,drewsommers,https://www.spotrac.com/mlb/player/_/id/78925/drew-sommers,RP,25,0.032,,,2026 Active Roster,2026 Active Roster,Detroit Tigers Contracts,,,Pre-Arbitration,Pre-Arbitration,,513033,0.21,513033,513033,,,2026,2026,2026,1,780000,780000,805427,DET,Active,true,https://www.spotrac.com/mlb/detroit-tigers/cash/_/year/2026 | https://www.spotrac.com/mlb/detroit-tigers/contracts | https://www.spotrac.com/mlb/detroit-tigers/tax/_/year/2026,,
2026-07-08T14:16:26+00:00,2026,DET,Detroit Tigers,detroit-tigers,Dylan Smith,dylansmith,https://www.spotrac.com/mlb/player/_/id/73336/dylan-smith,RP,26,0.020,,,2026 Dead Money,2026 Dead Money,,,,,,,3417,0.00,3417,3417,,,,,,,,,681916,SF,Active,true_other_team,https://www.spotrac.com/mlb/detroit-tigers/cash/_/year/2026 | https://www.spotrac.com/mlb/detroit-tigers/tax/_/year/2026,not_found_on_contracts_page,
2026-07-08T14:16:26+00:00,2026,DET,Detroit Tigers,detroit-tigers,Eduardo Rodriguez,eduardorodriguez,https://www.spotrac.com/mlb/player/_/id/13984/eduardo-rodriguez,SP,,10.070,,,2026 Retained,,,,,Retained,,,-933333,,,,,,,,,,,,593958,ARI,Active,true_other_team,https://www.spotrac.com/mlb/detroit-tigers/tax/_/year/2026,not_found_on_cash_page;not_found_on_contracts_page,
2026-07-08T14:16:26+00:00,2026,DET,Detroit Tigers,detroit-tigers,Eduardo Tusen,eduardotusen,https://www.spotrac.com/mlb/player/_/id/105393/eduardo-tusen,SS,17,,,,,2026 Signing Bonus,,,,,,,,,315000,,315000,,,,,,,,,,,false,https://www.spotrac.com/mlb/detroit-tigers/cash/_/year/2026,not_found_on_tax_page;not_found_on_contracts_page,
2026-07-08T14:16:26+00:00,2026,DET,Detroit Tigers,detroit-tigers,Eduardo Valencia,eduardovalencia,https://www.spotrac.com/mlb/player/_/id/86996/eduardo-valencia,C,,,,,2026 Minor,,,,,Pre-Arbitration,,,,,,,,,,,,,,,680664,DET,Reassigned to Minors,true,https://www.spotrac.com/mlb/detroit-tigers/tax/_/year/2026,missing_all_money_fields;not_found_on_cash_page;not_found_on_contracts_page,
2026-07-08T14:16:26+00:00,2026,DET,Detroit Tigers,detroit-tigers,Enmanuel De Jesus,enmanueldejesus,https://www.spotrac.com/mlb/player/_/id/70724/enmanuel-de-jesus,RP,29,0.024,,,2026 Minor,2026 Minor,,,,Free Agent,,,625680,0.26,625680,625680,,,,,,,,,646241,DET,Reassigned to Minors,true,https://www.spotrac.com/mlb/detroit-tigers/cash/_/year/2026 | https://www.spotrac.com/mlb/detroit-tigers/tax/_/year/2026,not_found_on_contracts_page,
2026-07-08T14:16:26+00:00,2026,DET,Detroit Tigers,detroit-tigers,Framber Valdez,frambervaldez,https://www.spotrac.com/mlb/player/_/id/27984/framber-valdez,SP,32,6.163,,,2026 Active Roster,2026 Active Roster,Detroit Tigers Contracts,,,Free Agent,Free Agent,,36569356,14.99,17500000,17500000,,,2026,2026,2028,3,115000000,38333333,664285,DET,Active,true,https://www.spotrac.com/mlb/detroit-tigers/cash/_/year/2026 | https://www.spotrac.com/mlb/detroit-tigers/contracts | https://www.spotrac.com/mlb/detroit-tigers/tax/_/year/2026,,
2026-07-08T14:16:26+00:00,2026,DET,Detroit Tigers,detroit-tigers,Gage Workman,gageworkman,https://www.spotrac.com/mlb/player/_/id/48458/gage-workman,3B,26,,,,2026 Minor,2026 Minor,,,,Pre-Arbitration,,,87591,0.04,87591,87591,,,,,,,,,669398,DET,Reassigned to Minors,true,https://www.spotrac.com/mlb/detroit-tigers/cash/_/year/2026 | https://www.spotrac.com/mlb/detroit-tigers/tax/_/year/2026,not_found_on_contracts_page,
2026-07-08T14:16:26+00:00,2026,DET,Detroit Tigers,detroit-tigers,Gleyber Torres,gleybertorres,https://www.spotrac.com/mlb/player/_/id/24633/gleyber-torres,2B,29,7.162,,,2026 Injured List,2026 Injured List,Detroit Tigers Contracts,,,Qualifying Offer,Qualifying Offer,,22025000,9.03,22025000,22025000,,,2026,2026,2026,1,22025000,22025000,650402,DET,Injured 10-Day,true,https://www.spotrac.com/mlb/detroit-tigers/cash/_/year/2026 | https://www.spotrac.com/mlb/detroit-tigers/contracts | https://www.spotrac.com/mlb/detroit-tigers/tax/_/year/2026,,
2026-07-08T14:16:26+00:00,2026,DET,Detroit Tigers,detroit-tigers,Hao-Yu Lee,haoyulee,https://www.spotrac.com/mlb/player/_/id/89180/hao-yu-lee,2B,23,,,,2026 Active Roster,2026 Active Roster,Detroit Tigers Contracts,,,Pre-Arbitration,Pre-Arbitration,,633992,0.26,633992,633992,,,2026,2026,2026,1,780000,780000,701678,DET,Active,true,https://www.spotrac.com/mlb/detroit-tigers/cash/_/year/2026 | https://www.spotrac.com/mlb/detroit-tigers/contracts | https://www.spotrac.com/mlb/detroit-tigers/tax/_/year/2026,,
2026-07-08T14:16:26+00:00,2026,DET,Detroit Tigers,detroit-tigers,Jace Jung,jacejung,https://www.spotrac.com/mlb/player/_/id/78000/jace-jung,3B,25,0.079,,,2026 Minor,2026 Minor,,,,Pre-Arbitration,,,29197,0.01,29197,29197,,,,,,,,,690291,DET,Reassigned to Minors,true,https://www.spotrac.com/mlb/detroit-tigers/cash/_/year/2026 | https://www.spotrac.com/mlb/detroit-tigers/tax/_/year/2026,not_found_on_contracts_page,
2026-07-08T14:16:26+00:00,2026,DET,Detroit Tigers,detroit-tigers,Jack Flaherty,jackflaherty,https://www.spotrac.com/mlb/player/_/id/17710/jack-flaherty,SP,30,8.006,,,2026 Active Roster,2026 Active Roster,Detroit Tigers Contracts,,,Free Agent,Free Agent,,17500000,7.17,20000000,20000000,,,2025,2025,2026,2,35000000,17500000,656427,DET,Active,true,https://www.spotrac.com/mlb/detroit-tigers/cash/_/year/2026 | https://www.spotrac.com/mlb/detroit-tigers/contracts | https://www.spotrac.com/mlb/detroit-tigers/tax/_/year/2026,,
2026-07-08T14:16:26+00:00,2026,DET,Detroit Tigers,detroit-tigers,Jackson Jobe,jacksonjobe,https://www.spotrac.com/mlb/player/_/id/73265/jackson-jobe,SP,23,1.006,,,2026 Injured List,2026 Injured List,Detroit Tigers Contracts,,,Pre-Arbitration,Pre-Arbitration,,784300,,784300,784300,,,2026,2026,2026,1,784300,784300,695549,DET,Injured 60-Day,true,https://www.spotrac.com/mlb/detroit-tigers/cash/_/year/2026 | https://www.spotrac.com/mlb/detroit-tigers/contracts | https://www.spotrac.com/mlb/detroit-tigers/tax/_/year/2026,,
2026-07-08T14:16:26+00:00,2026,DET,Detroit Tigers,detroit-tigers,Jacob Waguespack,jacobwaguespack,https://www.spotrac.com/mlb/player/_/id/28190/jacob-waguespack,RP,32,2.096,,,2026 Active Roster,2026 Active Roster,Detroit Tigers Contracts,,,Free Agent,Free Agent,,486364,0.20,486363,486364,,,2026,2026,2026,1,850000,850000,621097,DET,Active,true,https://www.spotrac.com/mlb/detroit-tigers/cash/_/year/2026 | https://www.spotrac.com/mlb/detroit-tigers/contracts | https://www.spotrac.com/mlb/detroit-tigers/tax/_/year/2026,,
2026-07-08T14:16:26+00:00,2026,DET,Detroit Tigers,detroit-tigers,Jahmai Jones,jahmaijones,https://www.spotrac.com/mlb/player/_/id/17680/jahmai-jones,OF,28,1.148,,,2026 Active Roster,2026 Active Roster,Detroit Tigers Contracts,,,Pre-Arbitration,Pre-Arbitration,,832200,0.34,832200,832200,,,2026,2026,2026,1,832200,832200,663330,DET,Active,true,https://www.spotrac.com/mlb/detroit-tigers/cash/_/year/2026 | https://www.spotrac.com/mlb/detroit-tigers/contracts | https://www.spotrac.com/mlb/detroit-tigers/tax/_/year/2026,,
2026-07-08T14:16:26+00:00,2026,DET,Detroit Tigers,detroit-tigers,Jake Miller,jakemiller,https://www.spotrac.com/mlb/player/_/id/78819/jake-miller,SP,,,,,2026 Minor,,,,,Pre-Arbitration,,,,,,,,,,,,,,,805725,DET,Reassigned to Minors,true,https://www.spotrac.com/mlb/detroit-tigers/tax/_/year/2026,missing_all_money_fields;not_found_on_cash_page;not_found_on_contracts_page,
2026-07-08T14:16:26+00:00,2026,DET,Detroit Tigers,detroit-tigers,Jake Rogers,jakerogers,https://www.spotrac.com/mlb/player/_/id/19928/jake-rogers,C,31,5.040,,,2026 Active Roster,2026 Active Roster,Detroit Tigers Contracts,,,Arbitration 3,Arbitration,,3050000,1.25,3050000,3050000,,,2026,2026,2026,1,3050000,3050000,668670,DET,Active,true,https://www.spotrac.com/mlb/detroit-tigers/cash/_/year/2026 | https://www.spotrac.com/mlb/detroit-tigers/contracts | https://www.spotrac.com/mlb/detroit-tigers/tax/_/year/2026,,
2026-07-08T14:16:26+00:00,2026,DET,Detroit Tigers,detroit-tigers,James Outman,jamesoutman,https://www.spotrac.com/mlb/player/_/id/26257/james-outman,CF,29,2.007,,,2026 Active Roster,2026 Active Roster,Detroit Tigers Contracts,,,Pre-Arbitration,Pre-Arbitration,,460620,0.19,460620,460620,,,2026,2026,2026,1,797550,797550,681546,DET,Active,true,https://www.spotrac.com/mlb/detroit-tigers/cash/_/year/2026 | https://www.spotrac.com/mlb/detroit-tigers/contracts | https://www.spotrac.com/mlb/detroit-tigers/tax/_/year/2026,,
2026-07-08T14:16:26+00:00,2026,DET,Detroit Tigers,detroit-tigers,Javier Báez,javierbaez,https://www.spotrac.com/mlb/player/_/id/14056/javier-b%C3%A1ez,SS,33,10.089,,,2026 Injured List,2026 Injured List,Detroit Tigers Contracts,,,Free Agent,Free Agent,,23333333,,24000000,24000000,,,2022,2022,2027,6,140000000,23333333,595879,DET,Injured 60-Day,true,https://www.spotrac.com/mlb/detroit-tigers/cash/_/year/2026 | https://www.spotrac.com/mlb/detroit-tigers/contracts | https://www.spotrac.com/mlb/detroit-tigers/tax/_/year/2026,,
2026-07-08T14:16:26+00:00,2026,DET,Detroit Tigers,detroit-tigers,Jesus Miranda,jesusmiranda,https://www.spotrac.com/mlb/player/_/id/105846/jesus-miranda,P,17,,,,,2026 Signing Bonus,,,,,,,,,35500,,35500,,,,,,,,,,,false,https://www.spotrac.com/mlb/detroit-tigers/cash/_/year/2026,not_found_on_tax_page;not_found_on_contracts_page,
2026-07-08T14:16:26+00:00,2026,DET,Detroit Tigers,detroit-tigers,Justin Verlander,justinverlander,https://www.spotrac.com/mlb/player/_/id/310/justin-verlander,SP,43,20.002,,,2026 Injured List,2026 Injured List,Detroit Tigers Contracts,,,Free Agent,Free Agent,,10000000,,2000000,2000000,,,2026,2026,2026,1,13000000,13000000,434378,DET,Injured 60-Day,true,https://www.spotrac.com/mlb/detroit-tigers/cash/_/year/2026 | https://www.spotrac.com/mlb/detroit-tigers/contracts | https://www.spotrac.com/mlb/detroit-tigers/tax/_/year/2026,,
2026-07-08T14:16:26+00:00,2026,DET,Detroit Tigers,detroit-tigers,Keider Montero,keidermontero,https://www.spotrac.com/mlb/player/_/id/86100/keider-montero,SP,25,1.011,,,2026 Active Roster,2026 Active Roster,Detroit Tigers Contracts,,,Pre-Arbitration,Pre-Arbitration,,771760,0.32,771760,771760,,,2026,2026,2026,1,820000,820000,672456,DET,Active,true,https://www.spotrac.com/mlb/detroit-tigers/cash/_/year/2026 | https://www.spotrac.com/mlb/detroit-tigers/contracts | https://www.spotrac.com/mlb/detroit-tigers/tax/_/year/2026,,
2026-07-08T14:16:26+00:00,2026,DET,Detroit Tigers,detroit-tigers,Kenley Jansen,kenleyjansen,https://www.spotrac.com/mlb/player/_/id/7635/kenley-jansen,RP,38,15.073,,,2026 Active Roster,2026 Active Roster,Detroit Tigers Contracts,,,Free Agent,Free Agent,,11000000,4.51,9000000,9000000,,,2026,2026,2027,1,11000000,11000000,445276,DET,Active,true,https://www.spotrac.com/mlb/detroit-tigers/cash/_/year/2026 | https://www.spotrac.com/mlb/detroit-tigers/contracts | https://www.spotrac.com/mlb/detroit-tigers/tax/_/year/2026,,
2026-07-08T14:16:26+00:00,2026,DET,Detroit Tigers,detroit-tigers,Kerry Carpenter,kerrycarpenter,https://www.spotrac.com/mlb/player/_/id/74753/kerry-carpenter,RF,28,3.057,,,2026 Active Roster,2026 Active Roster,Detroit Tigers Contracts,,,Arbitration 1,Arbitration,,3275000,1.34,3275000,3275000,,,2026,2026,2026,1,3275000,3275000,681481,DET,Active,true,https://www.spotrac.com/mlb/detroit-tigers/cash/_/year/2026 | https://www.spotrac.com/mlb/detroit-tigers/contracts | https://www.spotrac.com/mlb/detroit-tigers/tax/_/year/2026,,
2026-07-08T14:16:26+00:00,2026,DET,Detroit Tigers,detroit-tigers,Kevin McGonigle,kevinmcgonigle,https://www.spotrac.com/mlb/player/_/id/84774/kevin-mcgonigle,3B,21,,,,2026 Active Roster,2026 Active Roster,Detroit Tigers Contracts,,,Pre-Arbitration,Extension Pre-Arbitration,,780000,0.32,780000,780000,,,2027,2027,2034,8,150000000,18750000,805808,DET,Active,true,https://www.spotrac.com/mlb/detroit-tigers/cash/_/year/2026 | https://www.spotrac.com/mlb/detroit-tigers/contracts | https://www.spotrac.com/mlb/detroit-tigers/tax/_/year/2026,,
2026-07-08T14:16:26+00:00,2026,DET,Detroit Tigers,detroit-tigers,Kyle Finnegan,kylefinnegan,https://www.spotrac.com/mlb/player/_/id/47064/kyle-finnegan,RP,34,6.000,,,2026 Active Roster,2026 Active Roster,Detroit Tigers Contracts,,,Free Agent,Free Agent,,9500000,3.89,8750000,8750000,,,2026,2026,2027,2,19000000,9500000,640448,DET,Active,true,https://www.spotrac.com/mlb/detroit-tigers/cash/_/year/2026 | https://www.spotrac.com/mlb/detroit-tigers/contracts | https://www.spotrac.com/mlb/detroit-tigers/tax/_/year/2026,,
2026-07-08T14:16:26+00:00,2026,DET,Detroit Tigers,detroit-tigers,Manuel Bolivar,manuelbolivar,https://www.spotrac.com/mlb/player/_/id/105389/manuel-bolivar,C,17,,,,,2026 Signing Bonus,,,,,,,,,2297500,,2297500,,,,,,,,,,,false,https://www.spotrac.com/mlb/detroit-tigers/cash/_/year/2026,not_found_on_tax_page;not_found_on_contracts_page,
2026-07-08T14:16:26+00:00,2026,DET,Detroit Tigers,detroit-tigers,Matt Vierling,mattvierling,https://www.spotrac.com/mlb/player/_/id/26170/matt-vierling,OF,29,4.026,,,2026 Active Roster,2026 Active Roster,Detroit Tigers Contracts,,,Arbitration 2,Arbitration,,3255000,1.33,3255000,3255000,,,2026,2026,2026,1,3255000,3255000,663837,DET,Active,true,https://www.spotrac.com/mlb/detroit-tigers/cash/_/year/2026 | https://www.spotrac.com/mlb/detroit-tigers/contracts | https://www.spotrac.com/mlb/detroit-tigers/tax/_/year/2026,,
2026-07-08T14:16:26+00:00,2026,DET,Detroit Tigers,detroit-tigers,Oscar Tineo,oscartineo,https://www.spotrac.com/mlb/player/_/id/105390/oscar-tineo,SS,17,,,,,2026 Signing Bonus,,,,,,,,,1500000,,1500000,,,,,,,,,,,false,https://www.spotrac.com/mlb/detroit-tigers/cash/_/year/2026,not_found_on_tax_page;not_found_on_contracts_page,
2026-07-08T14:16:26+00:00,2026,DET,Detroit Tigers,detroit-tigers,Parker Meadows,parkermeadows,https://www.spotrac.com/mlb/player/_/id/26067/parker-meadows,CF,26,1.169,,,2026 Injured List,2026 Injured List,Detroit Tigers Contracts,,,Pre-Arbitration,Pre-Arbitration,,805300,,805300,805300,,,2026,2026,2026,1,805300,805300,678009,DET,Injured 60-Day,true,https://www.spotrac.com/mlb/detroit-tigers/cash/_/year/2026 | https://www.spotrac.com/mlb/detroit-tigers/contracts | https://www.spotrac.com/mlb/detroit-tigers/tax/_/year/2026,,
2026-07-08T14:16:26+00:00,2026,DET,Detroit Tigers,detroit-tigers,Randy Santana,randysantana,https://www.spotrac.com/mlb/player/_/id/105391/randy-santana,OF,17,,,,,2026 Signing Bonus,,,,,,,,,1250000,,1250000,,,,,,,,,,,false,https://www.spotrac.com/mlb/detroit-tigers/cash/_/year/2026,not_found_on_tax_page;not_found_on_contracts_page,
2026-07-08T14:16:26+00:00,2026,DET,Detroit Tigers,detroit-tigers,Reese Olson,reeseolson,https://www.spotrac.com/mlb/player/_/id/27609/reese-olson,SP,26,2.123,,,2026 Injured List,2026 Injured List,Detroit Tigers Contracts,,,Pre-Arbitration,Pre-Arbitration,,818100,,818100,818100,,,2026,2026,2026,1,818100,818100,681857,DET,Injured 60-Day,true,https://www.spotrac.com/mlb/detroit-tigers/cash/_/year/2026 | https://www.spotrac.com/mlb/detroit-tigers/contracts | https://www.spotrac.com/mlb/detroit-tigers/tax/_/year/2026,,
2026-07-08T14:16:26+00:00,2026,DET,Detroit Tigers,detroit-tigers,Ricky Vanasco,rickyvanasco,https://www.spotrac.com/mlb/player/_/id/23736/ricky-vanasco,RP,27,0.039,,,2026 Minor,2026 Minor,,,,Pre-Arbitration,,,95445,0.04,95445,95445,,,,,,,,,676568,DET,Reassigned to Minors,true,https://www.spotrac.com/mlb/detroit-tigers/cash/_/year/2026 | https://www.spotrac.com/mlb/detroit-tigers/tax/_/year/2026,not_found_on_contracts_page,
2026-07-08T14:16:26+00:00,2026,DET,Detroit Tigers,detroit-tigers,Riley Greene,rileygreene,https://www.spotrac.com/mlb/player/_/id/30403/riley-greene,LF,25,3.110,,,2026 Active Roster,2026 Active Roster,Detroit Tigers Contracts,,,Arbitration 1,Arbitration,,5000000,2.05,5000000,5000000,,,2026,2026,2026,1,5000000,5000000,682985,DET,Active,true,https://www.spotrac.com/mlb/detroit-tigers/cash/_/year/2026 | https://www.spotrac.com/mlb/detroit-tigers/contracts | https://www.spotrac.com/mlb/detroit-tigers/tax/_/year/2026,,
2026-07-08T14:16:26+00:00,2026,DET,Detroit Tigers,detroit-tigers,Roman Silgado,romansilgado,https://www.spotrac.com/mlb/player/_/id/105844/roman-silgado,C,17,,,,,2026 Signing Bonus,,,,,,,,,65000,,65000,,,,,,,,,,,false,https://www.spotrac.com/mlb/detroit-tigers/cash/_/year/2026,not_found_on_tax_page;not_found_on_contracts_page,
2026-07-08T14:16:26+00:00,2026,DET,Detroit Tigers,detroit-tigers,Santiago Ventura,santiagoventura,https://www.spotrac.com/mlb/player/_/id/105394/santiago-ventura,OF,17,,,,,2026 Signing Bonus,,,,,,,,,275000,,275000,,,,,,,,,,,false,https://www.spotrac.com/mlb/detroit-tigers/cash/_/year/2026,not_found_on_tax_page;not_found_on_contracts_page,
2026-07-08T14:16:26+00:00,2026,DET,Detroit Tigers,detroit-tigers,Sawyer Gipson-Long,sawyergipsonlong,https://www.spotrac.com/mlb/player/_/id/31119/sawyer-gipson-long,SP,28,2.022,,,2026 Minor,2026 Minor,Detroit Tigers Contracts,,,Pre-Arbitration,Pre-Arbitration,,54475,0.02,54474,54475,,,2026,2026,2026,1,783600,783600,687830,DET,Reassigned to Minors,true,https://www.spotrac.com/mlb/detroit-tigers/cash/_/year/2026 | https://www.spotrac.com/mlb/detroit-tigers/contracts | https://www.spotrac.com/mlb/detroit-tigers/tax/_/year/2026,,
2026-07-08T14:16:26+00:00,2026,DET,Detroit Tigers,detroit-tigers,Spencer Torkelson,spencertorkelson,https://www.spotrac.com/mlb/player/_/id/48355/spencer-torkelson,1B,26,3.076,,,2026 Active Roster,2026 Active Roster,Detroit Tigers Contracts,,,Arbitration 1,Arbitration,,4075000,1.67,4075000,4075000,,,2026,2026,2026,1,4075000,4075000,679529,DET,Active,true,https://www.spotrac.com/mlb/detroit-tigers/cash/_/year/2026 | https://www.spotrac.com/mlb/detroit-tigers/contracts | https://www.spotrac.com/mlb/detroit-tigers/tax/_/year/2026,,
2026-07-08T14:16:26+00:00,2026,DET,Detroit Tigers,detroit-tigers,Steve Gutierrez,stevegutierrez,https://www.spotrac.com/mlb/player/_/id/105925/steve-gutierrez,SS,17,,,,,2026 Signing Bonus,,,,,,,,,70000,,70000,,,,,,,,,,,false,https://www.spotrac.com/mlb/detroit-tigers/cash/_/year/2026,not_found_on_tax_page;not_found_on_contracts_page,
2026-07-08T14:16:26+00:00,2026,DET,Detroit Tigers,detroit-tigers,Tarik Skubal,tarikskubal,https://www.spotrac.com/mlb/player/_/id/26337/tarik-skubal,SP,29,5.114,,,2026 Active Roster,2026 Active Roster,Detroit Tigers Contracts,,,Arbitration 3,Arbitration,,32000000,13.11,32000000,32000000,,,2026,2026,2026,1,32000000,32000000,669373,DET,Active,true,https://www.spotrac.com/mlb/detroit-tigers/cash/_/year/2026 | https://www.spotrac.com/mlb/detroit-tigers/contracts | https://www.spotrac.com/mlb/detroit-tigers/tax/_/year/2026,,
2026-07-08T14:16:26+00:00,2026,DET,Detroit Tigers,detroit-tigers,Thayron Liranzo,thayronliranzo,https://www.spotrac.com/mlb/player/_/id/71421/thayron-liranzo,C,,,,,2026 Minor,,,,,Pre-Arbitration,,,,,,,,,,,,,,,699073,DET,Reassigned to Minors,true,https://www.spotrac.com/mlb/detroit-tigers/tax/_/year/2026,missing_all_money_fields;not_found_on_cash_page;not_found_on_contracts_page,
2026-07-08T14:16:26+00:00,2026,DET,Detroit Tigers,detroit-tigers,Trei Cruz,treicruz,https://www.spotrac.com/mlb/player/_/id/48429/trei-cruz,SS,27,,,,2026 Minor,2026 Minor,,,,Pre-Arbitration,,,16684,0.01,16684,16684,,,,,,,,,669360,DET,Reassigned to Minors,true,https://www.spotrac.com/mlb/detroit-tigers/cash/_/year/2026 | https://www.spotrac.com/mlb/detroit-tigers/tax/_/year/2026,not_found_on_contracts_page,
2026-07-08T14:16:26+00:00,2026,DET,Detroit Tigers,detroit-tigers,Trey Sweeney,treysweeney,https://www.spotrac.com/mlb/player/_/id/73282/trey-sweeney,SS,26,1.042,,,2026 Injured List,2026 Injured List,Detroit Tigers Contracts,,,Pre-Arbitration,Pre-Arbitration,,788700,,788700,788700,,,2026,2026,2026,1,788700,788700,700242,DET,Injured 60-Day,true,https://www.spotrac.com/mlb/detroit-tigers/cash/_/year/2026 | https://www.spotrac.com/mlb/detroit-tigers/contracts | https://www.spotrac.com/mlb/detroit-tigers/tax/_/year/2026,,
2026-07-08T14:16:26+00:00,2026,DET,Detroit Tigers,detroit-tigers,Troy Melton,troymelton,https://www.spotrac.com/mlb/player/_/id/78710/troy-melton,SP,25,0.068,,,2026 Active Roster,2026 Active Roster,Detroit Tigers Contracts,,,Pre-Arbitration,Pre-Arbitration,,785500,0.32,785500,785500,,,2026,2026,2026,1,785500,785500,675512,DET,Active,true,https://www.spotrac.com/mlb/detroit-tigers/cash/_/year/2026 | https://www.spotrac.com/mlb/detroit-tigers/contracts | https://www.spotrac.com/mlb/detroit-tigers/tax/_/year/2026,,
2026-07-08T14:16:26+00:00,2026,DET,Detroit Tigers,detroit-tigers,Ty Madden,tymadden,https://www.spotrac.com/mlb/player/_/id/73294/ty-madden,SP,26,1.035,,,2026 Minor,2026 Minor,,,,Pre-Arbitration,,,166840,0.07,166840,166840,,,,,,,,,680744,DET,Reassigned to Minors,true,https://www.spotrac.com/mlb/detroit-tigers/cash/_/year/2026 | https://www.spotrac.com/mlb/detroit-tigers/tax/_/year/2026,not_found_on_contracts_page,
2026-07-08T14:16:26+00:00,2026,DET,Detroit Tigers,detroit-tigers,Tyler Holton,tylerholton,https://www.spotrac.com/mlb/player/_/id/26360/tyler-holton,RP,30,3.047,,,2026 Active Roster,2026 Active Roster,Detroit Tigers Contracts,,,Arbitration 1,Arbitration,,1575000,0.65,1575000,1575000,,,2026,2026,2026,1,1575000,1575000,663947,DET,Active,true,https://www.spotrac.com/mlb/detroit-tigers/cash/_/year/2026 | https://www.spotrac.com/mlb/detroit-tigers/contracts | https://www.spotrac.com/mlb/detroit-tigers/tax/_/year/2026,,
2026-07-08T14:16:26+00:00,2026,DET,Detroit Tigers,detroit-tigers,Wenceel Perez,wenceelperez,https://www.spotrac.com/mlb/player/_/id/20584/wenceel-perez,CF,26,2.000,,,2026 Injured List,2026 Injured List,Detroit Tigers Contracts,,,Pre-Arbitration,Pre-Arbitration,,745450,,745450,745450,,,2026,2026,2026,1,820000,820000,672761,DET,Injured 60-Day,true,https://www.spotrac.com/mlb/detroit-tigers/cash/_/year/2026 | https://www.spotrac.com/mlb/detroit-tigers/contracts | https://www.spotrac.com/mlb/detroit-tigers/tax/_/year/2026,,
2026-07-08T14:16:26+00:00,2026,DET,Detroit Tigers,detroit-tigers,Will Vest,willvest,https://www.spotrac.com/mlb/player/_/id/23584/will-vest,RP,31,4.100,,,2026 Injured List,2026 Injured List,Detroit Tigers Contracts,,,Arbitration 2,Arbitration,,3950000,1.62,3950000,3950000,,,2026,2026,2026,1,3950000,3950000,676684,DET,Injured 15-Day,true,https://www.spotrac.com/mlb/detroit-tigers/cash/_/year/2026 | https://www.spotrac.com/mlb/detroit-tigers/contracts | https://www.spotrac.com/mlb/detroit-tigers/tax/_/year/2026,,
2026-07-08T14:16:26+00:00,2026,DET,Detroit Tigers,detroit-tigers,Yeuri Ramirez,yeuriramirez,https://www.spotrac.com/mlb/player/_/id/105843/yeuri-ramirez,P,18,,,,,2026 Signing Bonus,,,,,,,,,240000,,240000,,,,,,,,,,,false,https://www.spotrac.com/mlb/detroit-tigers/cash/_/year/2026,not_found_on_tax_page;not_found_on_contracts_page,
2026-07-08T14:16:26+00:00,2026,DET,Detroit Tigers,detroit-tigers,Yilber Diaz,yilberdiaz,https://www.spotrac.com/mlb/player/_/id/80345/yilber-diaz,RP,,0.041,,,2026 Minor,,,,,Pre-Arbitration,,,,,,,,,,,,,,,700270,DET,Reassigned to Minors,true,https://www.spotrac.com/mlb/detroit-tigers/tax/_/year/2026,missing_all_money_fields;not_found_on_cash_page;not_found_on_contracts_page,
2026-07-08T14:16:26+00:00,2026,DET,Detroit Tigers,detroit-tigers,Yojan Coronel,yojancoronel,https://www.spotrac.com/mlb/player/_/id/105924/yojan-coronel,C,17,,,,,2026 Signing Bonus,,,,,,,,,40000,,40000,,,,,,,,,,,false,https://www.spotrac.com/mlb/detroit-tigers/cash/_/year/2026,not_found_on_tax_page;not_found_on_contracts_page,
2026-07-08T14:16:26+00:00,2026,DET,Detroit Tigers,detroit-tigers,Zach McKinstry,zachmckinstry,https://www.spotrac.com/mlb/player/_/id/20831/zach-mckinstry,2B,31,4.099,,,2026 Active Roster,2026 Active Roster,Detroit Tigers Contracts,,,Arbitration 2,Arbitration,,4200000,1.72,4200000,4200000,,,2026,2026,2026,1,4200000,4200000,656716,DET,Active,true,https://www.spotrac.com/mlb/detroit-tigers/cash/_/year/2026 | https://www.spotrac.com/mlb/detroit-tigers/contracts | https://www.spotrac.com/mlb/detroit-tigers/tax/_/year/2026,,
2026-07-08T14:16:26+00:00,2026,DET,Detroit Tigers,detroit-tigers,Zack Short,zackshort,https://www.spotrac.com/mlb/player/_/id/35724/zack-short,2B,31,2.070,,,2026 Dead Money,2026 Dead Money,,,,,,,154327,0.06,154327,154327,,,,,,,,,,,,false,https://www.spotrac.com/mlb/detroit-tigers/cash/_/year/2026 | https://www.spotrac.com/mlb/detroit-tigers/tax/_/year/2026,not_found_on_contracts_page,
2026-07-08T14:16:26+00:00,2026,HOU,Houston Astros,houston-astros,A.J. Blubaugh,ajblubaugh,https://www.spotrac.com/mlb/player/_/id/78805/aj-blubaugh,RP,25,0.038,,,2026 Active Roster,2026 Active Roster,Houston Astros Contracts,,,Pre-Arbitration,Pre-Arbitration,,790700,0.32,790700,790700,,,2026,2026,2026,1,790700,790700,805123,HOU,Active,true,https://www.spotrac.com/mlb/houston-astros/cash/_/year/2026 | https://www.spotrac.com/mlb/houston-astros/contracts | https://www.spotrac.com/mlb/houston-astros/tax/_/year/2026,,
2026-07-08T14:16:26+00:00,2026,HOU,Houston Astros,houston-astros,Albert Fermin,albertfermin,https://www.spotrac.com/mlb/player/_/id/105395/albert-fermin,SS,17,,,,,2026 Signing Bonus,,,,,,,,,2300000,,2300000,,,,,,,,,,,false,https://www.spotrac.com/mlb/houston-astros/cash/_/year/2026,not_found_on_tax_page;not_found_on_contracts_page,
2026-07-08T14:16:26+00:00,2026,HOU,Houston Astros,houston-astros,Alimber Santa,alimbersanta,https://www.spotrac.com/mlb/player/_/id/87022/alimber-santa,RP,23,,,,2026 Active Roster,2026 Active Roster,Houston Astros Contracts,,,Pre-Arbitration,Pre-Arbitration,,449295,0.18,449295,449295,,,2026,2026,2026,1,780000,780000,695001,HOU,Active,true,https://www.spotrac.com/mlb/houston-astros/cash/_/year/2026 | https://www.spotrac.com/mlb/houston-astros/contracts | https://www.spotrac.com/mlb/houston-astros/tax/_/year/2026,,
2026-07-08T14:16:26+00:00,2026,HOU,Houston Astros,houston-astros,Angel Alcantara,angelalcantara,https://www.spotrac.com/mlb/player/_/id/105927/angel-alcantara,P,19,,,,,2026 Signing Bonus,,,,,,,,,10000,,10000,,,,,,,,,,,false,https://www.spotrac.com/mlb/houston-astros/cash/_/year/2026,not_found_on_tax_page;not_found_on_contracts_page,
2026-07-08T14:16:26+00:00,2026,HOU,Houston Astros,houston-astros,Bennett Sousa,bennettsousa,https://www.spotrac.com/mlb/player/_/id/26369/bennett-sousa,RP,31,2.156,,,2026 Injured List,2026 Injured List,Houston Astros Contracts,,,Arbitration 1 Super Two,Arbitration,,910000,,910000,910000,,,2026,2026,2026,1,910000,910000,656986,HOU,Injured 60-Day,true,https://www.spotrac.com/mlb/houston-astros/cash/_/year/2026 | https://www.spotrac.com/mlb/houston-astros/contracts | https://www.spotrac.com/mlb/houston-astros/tax/_/year/2026,,
2026-07-08T14:16:26+00:00,2026,HOU,Houston Astros,houston-astros,Braden Shewmake,bradenshewmake,https://www.spotrac.com/mlb/player/_/id/30419/braden-shewmake,SS,28,0.065,,,2026 Active Roster,2026 Active Roster,Houston Astros Contracts,,,Pre-Arbitration,Pre-Arbitration,,667360,0.27,667360,667360,,,2026,2026,2026,1,780000,780000,669699,HOU,Active,true,https://www.spotrac.com/mlb/houston-astros/cash/_/year/2026 | https://www.spotrac.com/mlb/houston-astros/contracts | https://www.spotrac.com/mlb/houston-astros/tax/_/year/2026,,
2026-07-08T14:16:26+00:00,2026,HOU,Houston Astros,houston-astros,Brandon Walter,brandonwalter,https://www.spotrac.com/mlb/player/_/id/31992/brandon-walter,SP,29,0.168,,,2026 Injured List,2026 Injured List,Houston Astros Contracts,,,Pre-Arbitration,Pre-Arbitration,,850000,,850000,850000,,,2026,2026,2026,1,850000,850000,687888,HOU,Injured 60-Day,true,https://www.spotrac.com/mlb/houston-astros/cash/_/year/2026 | https://www.spotrac.com/mlb/houston-astros/contracts | https://www.spotrac.com/mlb/houston-astros/tax/_/year/2026,,
2026-07-08T14:16:26+00:00,2026,HOU,Houston Astros,houston-astros,Brayan Mendez,brayanmendez,https://www.spotrac.com/mlb/player/_/id/105570/brayan-mendez,OF,17,,,,,2026 Signing Bonus,,,,,,,,,10000,,10000,,,,,,,,,,,false,https://www.spotrac.com/mlb/houston-astros/cash/_/year/2026,not_found_on_tax_page;not_found_on_contracts_page,
2026-07-08T14:16:26+00:00,2026,HOU,Houston Astros,houston-astros,Brice Matthews,bricematthews,https://www.spotrac.com/mlb/player/_/id/84789/brice-matthews,SS,24,0.028,,,2026 Active Roster,2026 Active Roster,Houston Astros Contracts,,,Pre-Arbitration,Pre-Arbitration,,782400,0.32,782400,782400,,,2026,2026,2026,1,782400,782400,694728,HOU,Active,true,https://www.spotrac.com/mlb/houston-astros/cash/_/year/2026 | https://www.spotrac.com/mlb/houston-astros/contracts | https://www.spotrac.com/mlb/houston-astros/tax/_/year/2026,,
2026-07-08T14:16:26+00:00,2026,HOU,Houston Astros,houston-astros,Bryan Abreu,bryanabreu,https://www.spotrac.com/mlb/player/_/id/28205/bryan-abreu,RP,29,5.022,,,2026 Active Roster,2026 Active Roster,Houston Astros Contracts,,,Arbitration 3,Arbitration,,5850000,2.40,5850000,5850000,,,2026,2026,2026,1,5850000,5850000,650556,HOU,Active,true,https://www.spotrac.com/mlb/houston-astros/cash/_/year/2026 | https://www.spotrac.com/mlb/houston-astros/contracts | https://www.spotrac.com/mlb/houston-astros/tax/_/year/2026,,
2026-07-08T14:16:26+00:00,2026,HOU,Houston Astros,houston-astros,Bryan King,bryanking,https://www.spotrac.com/mlb/player/_/id/32009/bryan-king,RP,29,1.100,,,2026 Active Roster,2026 Active Roster,Houston Astros Contracts,,,Pre-Arbitration,Pre-Arbitration,,799900,0.33,799900,799900,,,2026,2026,2026,1,799900,799900,687911,HOU,Active,true,https://www.spotrac.com/mlb/houston-astros/cash/_/year/2026 | https://www.spotrac.com/mlb/houston-astros/contracts | https://www.spotrac.com/mlb/houston-astros/tax/_/year/2026,,
2026-07-08T14:16:26+00:00,2026,HOU,Houston Astros,houston-astros,Cam Smith,camsmith,https://www.spotrac.com/mlb/player/_/id/78643/cam-smith,RF,23,1.000,,,2026 Active Roster,2026 Active Roster,Houston Astros Contracts,,,Pre-Arbitration,Pre-Arbitration,,809900,0.33,809900,809900,,,2026,2026,2026,1,809900,809900,701358,HOU,Active,true,https://www.spotrac.com/mlb/houston-astros/cash/_/year/2026 | https://www.spotrac.com/mlb/houston-astros/contracts | https://www.spotrac.com/mlb/houston-astros/tax/_/year/2026,,
2026-07-08T14:16:26+00:00,2026,HOU,Houston Astros,houston-astros,Carlos Correa,carloscorrea,https://www.spotrac.com/mlb/player/_/id/14168/carlos-correa,3B,31,10.119,,,2026 Injured List,2026 Injured List,Houston Astros Contracts,,,Free Agent,Free Agent,,21176661,,21500000,21500000,,,2023,2023,2032,6,200000000,33333333,621043,HOU,Injured 60-Day,true,https://www.spotrac.com/mlb/houston-astros/cash/_/year/2026 | https://www.spotrac.com/mlb/houston-astros/contracts | https://www.spotrac.com/mlb/houston-astros/tax/_/year/2026,,
2026-07-08T14:16:26+00:00,2026,HOU,Houston Astros,houston-astros,Christian Roa,christianroa,https://www.spotrac.com/mlb/player/_/id/48404/christian-roa,RP,27,0.065,,,2026 Dead Money,2026 Dead Money,,,,,,,84222,0.03,84222,84222,,,,,,,,,,,,false,https://www.spotrac.com/mlb/houston-astros/cash/_/year/2026 | https://www.spotrac.com/mlb/houston-astros/tax/_/year/2026,not_found_on_contracts_page,
2026-07-08T14:16:26+00:00,2026,HOU,Houston Astros,houston-astros,Christian Vazquez,christianvazquez,https://www.spotrac.com/mlb/player/_/id/12037/christian-vazquez,C,35,11.031,,,2026 Active Roster,2026 Active Roster,Houston Astros Contracts,,,Free Agent,Free Agent,,1000000,0.41,1000000,1000000,,,2026,2026,2026,1,1000000,1000000,543877,HOU,Active,true,https://www.spotrac.com/mlb/houston-astros/cash/_/year/2026 | https://www.spotrac.com/mlb/houston-astros/contracts | https://www.spotrac.com/mlb/houston-astros/tax/_/year/2026,,
2026-07-08T14:16:26+00:00,2026,HOU,Houston Astros,houston-astros,Christian Walker,christianwalker,https://www.spotrac.com/mlb/player/_/id/16511/christian-walker,1B,35,7.124,,,2026 Active Roster,2026 Active Roster,Houston Astros Contracts,,,Free Agent,Free Agent,,20000000,8.20,20000000,20000000,,,2025,2025,2027,3,60000000,20000000,572233,HOU,Active,true,https://www.spotrac.com/mlb/houston-astros/cash/_/year/2026 | https://www.spotrac.com/mlb/houston-astros/contracts | https://www.spotrac.com/mlb/houston-astros/tax/_/year/2026,,
2026-07-08T14:16:26+00:00,2026,HOU,Houston Astros,houston-astros,Cody Bolton,codybolton,https://www.spotrac.com/mlb/player/_/id/23391/cody-bolton,SP,28,0.149,,,2026 Minor,2026 Minor,,,,Pre-Arbitration,,,208550,,208550,208550,,,,,,,,,,,,false,https://www.spotrac.com/mlb/houston-astros/cash/_/year/2026 | https://www.spotrac.com/mlb/houston-astros/tax/_/year/2026,not_found_on_contracts_page,
2026-07-08T14:16:26+00:00,2026,HOU,Houston Astros,houston-astros,Colin Price,colinprice,https://www.spotrac.com/mlb/player/_/id/78776/colin-price,C,26,,,,2026 Minor,2026 Minor,,,,Pre-Arbitration,,,50052,0.02,50052,50052,,,,,,,,,,,,false,https://www.spotrac.com/mlb/houston-astros/cash/_/year/2026 | https://www.spotrac.com/mlb/houston-astros/tax/_/year/2026,not_found_on_contracts_page,
2026-07-08T14:16:26+00:00,2026,HOU,Houston Astros,houston-astros,Colton Gordon,coltongordon,https://www.spotrac.com/mlb/player/_/id/73503/colton-gordon,RP,27,0.112,,,2026 Minor,2026 Minor,,,,Pre-Arbitration,,,54223,0.02,54223,54223,,,,,,,,,676467,HOU,Reassigned to Minors,true,https://www.spotrac.com/mlb/houston-astros/cash/_/year/2026 | https://www.spotrac.com/mlb/houston-astros/tax/_/year/2026,not_found_on_contracts_page,
2026-07-08T14:16:26+00:00,2026,HOU,Houston Astros,houston-astros,Cristian Javier,cristianjavier,https://www.spotrac.com/mlb/player/_/id/35706/cristian-javier,SP,29,6.000,,,2026 Active Roster,2026 Active Roster,Houston Astros Contracts,,,Extension Arbitration,Extension Arbitration,,12800000,5.25,21000000,21000000,,,2023,2023,2027,5,64000000,12800000,664299,HOU,Active,true,https://www.spotrac.com/mlb/houston-astros/cash/_/year/2026 | https://www.spotrac.com/mlb/houston-astros/contracts | https://www.spotrac.com/mlb/houston-astros/tax/_/year/2026,,
2026-07-08T14:16:26+00:00,2026,HOU,Houston Astros,houston-astros,César Salazar,cesarsalazar,https://www.spotrac.com/mlb/player/_/id/26255/c%C3%A9sar-salazar,C,30,1.077,,,2026 Minor,2026 Minor,,,,Pre-Arbitration,,,129301,,129301,129301,,,,,,,,,,,,false,https://www.spotrac.com/mlb/houston-astros/cash/_/year/2026 | https://www.spotrac.com/mlb/houston-astros/tax/_/year/2026,not_found_on_contracts_page,
2026-07-08T14:16:26+00:00,2026,HOU,Houston Astros,houston-astros,Daniel Johnson,danieljohnson,https://www.spotrac.com/mlb/player/_/id/20105/daniel-johnson,RF,30,1.025,,,2026 Dead Money,2026 Dead Money,,,,,,,54223,0.02,54223,54223,,,,,,,,,,,,false,https://www.spotrac.com/mlb/houston-astros/cash/_/year/2026 | https://www.spotrac.com/mlb/houston-astros/tax/_/year/2026,not_found_on_contracts_page,
2026-07-08T14:16:26+00:00,2026,HOU,Houston Astros,houston-astros,Dustin Harris,dustinharris,https://www.spotrac.com/mlb/player/_/id/31299/dustin-harris,3B,26,0.061,,,2026 Minor,2026 Minor,,,,Free Agent,,,70907,,70907,70907,,,,,,,,,,,,false,https://www.spotrac.com/mlb/houston-astros/cash/_/year/2026 | https://www.spotrac.com/mlb/houston-astros/tax/_/year/2026,not_found_on_contracts_page,
2026-07-08T14:16:26+00:00,2026,HOU,Houston Astros,houston-astros,Enyel De Los Santos,enyeldelossantos,https://www.spotrac.com/mlb/player/_/id/24687/enyel-de-los-santos,RP,30,5.015,,,2026 Active Roster,2026 Active Roster,Houston Astros Contracts,,,Arbitration 3,Arbitration,,1600000,0.66,1600000,1600000,,,2026,2026,2026,1,1600000,1600000,660853,HOU,Active,true,https://www.spotrac.com/mlb/houston-astros/cash/_/year/2026 | https://www.spotrac.com/mlb/houston-astros/contracts | https://www.spotrac.com/mlb/houston-astros/tax/_/year/2026,,
2026-07-08T14:16:26+00:00,2026,HOU,Houston Astros,houston-astros,Fraimy Sanchez,fraimysanchez,https://www.spotrac.com/mlb/player/_/id/105847/fraimy-sanchez,C,17,,,,,2026 Signing Bonus,,,,,,,,,10000,,10000,,,,,,,,,,,false,https://www.spotrac.com/mlb/houston-astros/cash/_/year/2026,not_found_on_tax_page;not_found_on_contracts_page,
2026-07-08T14:16:26+00:00,2026,HOU,Houston Astros,houston-astros,Hayden Wesneski,haydenwesneski,https://www.spotrac.com/mlb/player/_/id/31135/hayden-wesneski,SP,28,2.170,,,2026 Injured List,2026 Injured List,Houston Astros Contracts,,,Arbitration 1 Super Two,Arbitration,,975000,,975000,975000,,,2026,2026,2026,1,975000,975000,669713,HOU,Injured 60-Day,true,https://www.spotrac.com/mlb/houston-astros/cash/_/year/2026 | https://www.spotrac.com/mlb/houston-astros/contracts | https://www.spotrac.com/mlb/houston-astros/tax/_/year/2026,,
2026-07-08T14:16:26+00:00,2026,HOU,Houston Astros,houston-astros,Hunter Brown,hunterbrown,https://www.spotrac.com/mlb/player/_/id/30568/hunter-brown,SP,27,3.035,,,2026 Active Roster,2026 Active Roster,Houston Astros Contracts,,,Arbitration 1,Arbitration,,5710000,2.34,5710000,5710000,,,2026,2026,2026,1,5710000,5710000,686613,HOU,Active,true,https://www.spotrac.com/mlb/houston-astros/cash/_/year/2026 | https://www.spotrac.com/mlb/houston-astros/contracts | https://www.spotrac.com/mlb/houston-astros/tax/_/year/2026,,
2026-07-08T14:16:26+00:00,2026,HOU,Houston Astros,houston-astros,Imanol Feliz,imanolfeliz,https://www.spotrac.com/mlb/player/_/id/105397/imanol-feliz,OF,17,,,,,2026 Signing Bonus,,,,,,,,,700000,,700000,,,,,,,,,,,false,https://www.spotrac.com/mlb/houston-astros/cash/_/year/2026,not_found_on_tax_page;not_found_on_contracts_page,
2026-07-08T14:16:26+00:00,2026,HOU,Houston Astros,houston-astros,Isaac Paredes,isaacparedes,https://www.spotrac.com/mlb/player/_/id/29150/isaac-paredes,3B,27,4.160,,,2026 Active Roster,2026 Active Roster,Houston Astros Contracts,,,Arbitration 3,Arbitration,,9350000,3.83,9350000,9350000,,,2026,2026,2027,1,9350000,9350000,670623,HOU,Active,true,https://www.spotrac.com/mlb/houston-astros/cash/_/year/2026 | https://www.spotrac.com/mlb/houston-astros/contracts | https://www.spotrac.com/mlb/houston-astros/tax/_/year/2026,,
2026-07-08T14:16:26+00:00,2026,HOU,Houston Astros,houston-astros,J.P. France,jpfrance,https://www.spotrac.com/mlb/player/_/id/27613/jp-france,RP,31,2.043,,,2026 Minor,2026 Minor,,,,Pre-Arbitration,,,25026,,25026,25026,,,,,,,,,,,,false,https://www.spotrac.com/mlb/houston-astros/cash/_/year/2026 | https://www.spotrac.com/mlb/houston-astros/tax/_/year/2026,not_found_on_contracts_page,
2026-07-08T14:16:26+00:00,2026,HOU,Houston Astros,houston-astros,Jack Valbrune,jackvalbrune,https://www.spotrac.com/mlb/player/_/id/105399/jack-valbrune,OF,18,,,,,2026 Signing Bonus,,,,,,,,,375000,,375000,,,,,,,,,,,false,https://www.spotrac.com/mlb/houston-astros/cash/_/year/2026,not_found_on_tax_page;not_found_on_contracts_page,
2026-07-08T14:16:26+00:00,2026,HOU,Houston Astros,houston-astros,Jake Meyers,jakemeyers,https://www.spotrac.com/mlb/player/_/id/48744/jake-meyers,CF,30,4.044,,,2026 Minor,2026 Minor,,,,Arbitration 2,,,3550000,1.45,3550000,3550000,,,,,,,,,676694,HOU,Reassigned to Minors,true,https://www.spotrac.com/mlb/houston-astros/cash/_/year/2026 | https://www.spotrac.com/mlb/houston-astros/tax/_/year/2026,not_found_on_contracts_page,
2026-07-08T14:16:26+00:00,2026,HOU,Houston Astros,houston-astros,Jason Alexander,jasonalexander,https://www.spotrac.com/mlb/player/_/id/74955/jason-alexander,SP,33,1.134,,,2026 Minor,2026 Minor,,,,Pre-Arbitration,,,50052,0.02,50052,50052,,,,,,,,,669920,HOU,Reassigned to Minors,true,https://www.spotrac.com/mlb/houston-astros/cash/_/year/2026 | https://www.spotrac.com/mlb/houston-astros/tax/_/year/2026,not_found_on_contracts_page,
2026-07-08T14:16:26+00:00,2026,HOU,Houston Astros,houston-astros,Jayden Murray,jaydenmurray,https://www.spotrac.com/mlb/player/_/id/32147/jayden-murray,RP,29,0.026,,,2026 Dead Money,2026 Dead Money,,,,,,,120959,0.05,120959,120959,,,,,,,,,681151,CHC,Reassigned to Minors,true_other_team,https://www.spotrac.com/mlb/houston-astros/cash/_/year/2026 | https://www.spotrac.com/mlb/houston-astros/tax/_/year/2026,not_found_on_contracts_page,
2026-07-08T14:16:26+00:00,2026,HOU,Houston Astros,houston-astros,Jeremy Pena,jeremypena,https://www.spotrac.com/mlb/player/_/id/26131/jeremy-pena,SS,28,4.000,,,2026 Injured List,2026 Injured List,Houston Astros Contracts,,,Arbitration 2,Arbitration,,9475000,3.88,9475000,9475000,,,2026,2026,2026,1,9475000,9475000,665161,HOU,Injured 10-Day,true,https://www.spotrac.com/mlb/houston-astros/cash/_/year/2026 | https://www.spotrac.com/mlb/houston-astros/contracts | https://www.spotrac.com/mlb/houston-astros/tax/_/year/2026,,
2026-07-08T14:16:26+00:00,2026,HOU,Houston Astros,houston-astros,Joey Loperfido,joeyloperfido,https://www.spotrac.com/mlb/player/_/id/73473/joey-loperfido,LF,27,1.021,,,2026 Minor,2026 Minor,,,,Pre-Arbitration,,,410795,0.17,410795,410795,,,,,,,,,694388,HOU,Reassigned to Minors,true,https://www.spotrac.com/mlb/houston-astros/cash/_/year/2026 | https://www.spotrac.com/mlb/houston-astros/tax/_/year/2026,not_found_on_contracts_page,
2026-07-08T14:16:26+00:00,2026,HOU,Houston Astros,houston-astros,Jona Widmann,jonawidmann,https://www.spotrac.com/mlb/player/_/id/108548/jona-widmann,P,,,,,,2026 Signing Bonus,,,,,,,,,115000,,115000,,,,,,,,,,,false,https://www.spotrac.com/mlb/houston-astros/cash/_/year/2026,not_found_on_tax_page;not_found_on_contracts_page,
2026-07-08T14:16:26+00:00,2026,HOU,Houston Astros,houston-astros,Jose Altuve,josealtuve,https://www.spotrac.com/mlb/player/_/id/8688/jose-altuve,2B,36,14.072,,,2026 Active Roster,2026 Active Roster,Houston Astros Contracts,,,Extension,Extension,,25000000,10.25,30000000,30000000,,,2025,2025,2029,5,125000000,25000000,514888,HOU,Active,true,https://www.spotrac.com/mlb/houston-astros/cash/_/year/2026 | https://www.spotrac.com/mlb/houston-astros/contracts | https://www.spotrac.com/mlb/houston-astros/tax/_/year/2026,,
2026-07-08T14:16:26+00:00,2026,HOU,Houston Astros,houston-astros,Josh Hader,joshhader,https://www.spotrac.com/mlb/player/_/id/21236/josh-hader,RP,32,8.115,,,2026 Active Roster,2026 Active Roster,Houston Astros Contracts,,,Free Agent,Free Agent,,19000000,7.79,19000000,19000000,,,2024,2024,2028,5,95000000,19000000,623352,HOU,Active,true,https://www.spotrac.com/mlb/houston-astros/cash/_/year/2026 | https://www.spotrac.com/mlb/houston-astros/contracts | https://www.spotrac.com/mlb/houston-astros/tax/_/year/2026,,
2026-07-08T14:16:26+00:00,2026,HOU,Houston Astros,houston-astros,Kai-Wei Teng,kaiweiteng,https://www.spotrac.com/mlb/player/_/id/24696/kai-wei-teng,RP,27,1.022,,,2026 Minor,2026 Minor,,,,Pre-Arbitration,,,403872,0.17,403872,403872,,,,,,,,,678906,HOU,Injured 15-Day,true,https://www.spotrac.com/mlb/houston-astros/cash/_/year/2026 | https://www.spotrac.com/mlb/houston-astros/tax/_/year/2026,not_found_on_contracts_page,
2026-07-08T14:16:26+00:00,2026,HOU,Houston Astros,houston-astros,LaMonte Wade Jr.,lamontewade,https://www.spotrac.com/mlb/player/_/id/28148/lamonte-wade-jr,RF,32,5.163,,,2026 Active Roster,2026 Active Roster,Houston Astros Contracts,,,Free Agent,Free Agent,,522675,0.21,522675,522675,,,2026,2026,2026,1,850000,850000,664774,HOU,Active,true,https://www.spotrac.com/mlb/houston-astros/cash/_/year/2026 | https://www.spotrac.com/mlb/houston-astros/contracts | https://www.spotrac.com/mlb/houston-astros/tax/_/year/2026,,
2026-07-08T14:16:26+00:00,2026,HOU,Houston Astros,houston-astros,Lance McCullers,lancemccullers,https://www.spotrac.com/mlb/player/_/id/17540/lance-mccullers,SP,32,10.140,,,2026 Injured List,2026 Injured List,Houston Astros Contracts,,,Extension,Extension,,17000000,6.97,17000000,17000000,,,2022,2022,2026,5,85000000,17000000,621121,HOU,Injured 15-Day,true,https://www.spotrac.com/mlb/houston-astros/cash/_/year/2026 | https://www.spotrac.com/mlb/houston-astros/contracts | https://www.spotrac.com/mlb/houston-astros/tax/_/year/2026,,
2026-07-08T14:16:26+00:00,2026,HOU,Houston Astros,houston-astros,Logan VanWey,loganvanwey,https://www.spotrac.com/mlb/player/_/id/79360/logan-vanwey,RP,27,0.056,,,2026 Minor,2026 Minor,,,,Pre-Arbitration,,,45881,0.02,45881,45881,,,,,,,,,701121,HOU,Reassigned to Minors,true,https://www.spotrac.com/mlb/houston-astros/cash/_/year/2026 | https://www.spotrac.com/mlb/houston-astros/tax/_/year/2026,not_found_on_contracts_page,
2026-07-08T14:16:26+00:00,2026,HOU,Houston Astros,houston-astros,Maximilliano Villanueva,maximillianovillanueva,https://www.spotrac.com/mlb/player/_/id/105401/maximilliano-villanueva,P,18,,,,,2026 Signing Bonus,,,,,,,,,40000,,40000,,,,,,,,,,,false,https://www.spotrac.com/mlb/houston-astros/cash/_/year/2026,not_found_on_tax_page;not_found_on_contracts_page,
2026-07-08T14:16:26+00:00,2026,HOU,Houston Astros,houston-astros,Michael Burrows,michaelburrows,https://www.spotrac.com/mlb/player/_/id/27598/michael-burrows,SP,26,0.135,,,2026 Minor,2026 Minor,,,,Pre-Arbitration,,,449295,0.18,449295,449295,,,,,,,,,,,,false,https://www.spotrac.com/mlb/houston-astros/cash/_/year/2026 | https://www.spotrac.com/mlb/houston-astros/tax/_/year/2026,not_found_on_contracts_page,
2026-07-08T14:16:26+00:00,2026,HOU,Houston Astros,houston-astros,Miguel Ullola,miguelullola,https://www.spotrac.com/mlb/player/_/id/71397/miguel-ullola,RP,24,,,,2026 Minor,2026 Minor,,,,Pre-Arbitration,,,20855,0.01,20855,20855,,,,,,,,,699044,HOU,Reassigned to Minors,true,https://www.spotrac.com/mlb/houston-astros/cash/_/year/2026 | https://www.spotrac.com/mlb/houston-astros/tax/_/year/2026,not_found_on_contracts_page,
2026-07-08T14:16:26+00:00,2026,HOU,Houston Astros,houston-astros,Nate Pearson,natepearson,https://www.spotrac.com/mlb/player/_/id/23237/nate-pearson,RP,29,4.042,,,2026 Active Roster,2026 Active Roster,Houston Astros Contracts,,,Free Agent,Free Agent,,1350000,0.55,1350000,1350000,,,2026,2026,2026,1,1350000,1350000,663878,HOU,Active,true,https://www.spotrac.com/mlb/houston-astros/cash/_/year/2026 | https://www.spotrac.com/mlb/houston-astros/contracts | https://www.spotrac.com/mlb/houston-astros/tax/_/year/2026,,
2026-07-08T14:16:26+00:00,2026,HOU,Houston Astros,houston-astros,Nick Allen,nickallen,https://www.spotrac.com/mlb/player/_/id/23290/nick-allen,SS,27,2.164,,,2026 Active Roster,2026 Active Roster,Houston Astros Contracts,,,Arbitration 1 Super Two,Arbitration,,1400000,0.57,1400000,1400000,,,2026,2026,2026,1,1400000,1400000,669397,HOU,Active,true,https://www.spotrac.com/mlb/houston-astros/cash/_/year/2026 | https://www.spotrac.com/mlb/houston-astros/contracts | https://www.spotrac.com/mlb/houston-astros/tax/_/year/2026,,
2026-07-08T14:16:26+00:00,2026,HOU,Houston Astros,houston-astros,Peter Lambert,peterlambert,https://www.spotrac.com/mlb/player/_/id/17654/peter-lambert,SP,29,4.077,,,2026 Active Roster,2026 Active Roster,Houston Astros Contracts,,,Free Agent,Free Agent,,1307487,0.54,1307486,1307487,,,2026,2026,2026,1,1500000,1500000,663567,HOU,Active,true,https://www.spotrac.com/mlb/houston-astros/cash/_/year/2026 | https://www.spotrac.com/mlb/houston-astros/contracts | https://www.spotrac.com/mlb/houston-astros/tax/_/year/2026,,
2026-07-08T14:16:26+00:00,2026,HOU,Houston Astros,houston-astros,Randy Arias,randyarias,https://www.spotrac.com/mlb/player/_/id/105396/randy-arias,SS,17,,,,,2026 Signing Bonus,,,,,,,,,1400000,,1400000,,,,,,,,,,,false,https://www.spotrac.com/mlb/houston-astros/cash/_/year/2026,not_found_on_tax_page;not_found_on_contracts_page,
2026-07-08T14:16:26+00:00,2026,HOU,Houston Astros,houston-astros,Raynel Delgado,rayneldelgado,https://www.spotrac.com/mlb/player/_/id/26226/raynel-delgado,3B,26,,,,2026 Minor,2026 Minor,,,,Free Agent,,,95933,0.04,95933,95933,,,,,,,,,669384,HOU,Reassigned to Minors,true,https://www.spotrac.com/mlb/houston-astros/cash/_/year/2026 | https://www.spotrac.com/mlb/houston-astros/tax/_/year/2026,not_found_on_contracts_page,
2026-07-08T14:16:26+00:00,2026,HOU,Houston Astros,houston-astros,Roddery Munoz,rodderymunoz,https://www.spotrac.com/mlb/player/_/id/80137/roddery-munoz,RP,26,0.123,,,2026 Minor,2026 Minor,,,,Pre-Arbitration,,,62567,,62566,62567,,,,,,,,,,,,false,https://www.spotrac.com/mlb/houston-astros/cash/_/year/2026 | https://www.spotrac.com/mlb/houston-astros/tax/_/year/2026,not_found_on_contracts_page,
2026-07-08T14:16:26+00:00,2026,HOU,Houston Astros,houston-astros,Ronel Blanco,ronelblanco,https://www.spotrac.com/mlb/player/_/id/74530/ronel-blanco,SP,32,2.101,,,2026 Injured List,2026 Injured List,Houston Astros Contracts,,,Pre-Arbitration,Pre-Arbitration,,802700,,802700,802700,,,2026,2026,2026,1,802700,802700,669854,HOU,Injured 60-Day,true,https://www.spotrac.com/mlb/houston-astros/cash/_/year/2026 | https://www.spotrac.com/mlb/houston-astros/contracts | https://www.spotrac.com/mlb/houston-astros/tax/_/year/2026,,
2026-07-08T14:16:26+00:00,2026,HOU,Houston Astros,houston-astros,Ryan Weiss,ryanweiss,https://www.spotrac.com/mlb/player/_/id/26158/ryan-weiss,RP,29,,,,2026 Minor,2026 Minor,,,,Free Agent,,,2600000,,2100000,2100000,,,,,,,,,,,,false,https://www.spotrac.com/mlb/houston-astros/cash/_/year/2026 | https://www.spotrac.com/mlb/houston-astros/tax/_/year/2026,not_found_on_contracts_page,
2026-07-08T14:16:26+00:00,2026,HOU,Houston Astros,houston-astros,Sebastian Mendez,sebastianmendez,https://www.spotrac.com/mlb/player/_/id/105398/sebastian-mendez,SS,17,,,,,2026 Signing Bonus,,,,,,,,,225000,,225000,,,,,,,,,,,false,https://www.spotrac.com/mlb/houston-astros/cash/_/year/2026,not_found_on_tax_page;not_found_on_contracts_page,
2026-07-08T14:16:26+00:00,2026,HOU,Houston Astros,houston-astros,Shay Whitcomb,shaywhitcomb,https://www.spotrac.com/mlb/player/_/id/48516/shay-whitcomb,SS,27,0.085,,,2026 Minor,2026 Minor,,,,Pre-Arbitration,,,166840,0.07,166840,166840,,,,,,,,,694376,HOU,Reassigned to Minors,true,https://www.spotrac.com/mlb/houston-astros/cash/_/year/2026 | https://www.spotrac.com/mlb/houston-astros/tax/_/year/2026,not_found_on_contracts_page,
2026-07-08T14:16:26+00:00,2026,HOU,Houston Astros,houston-astros,Spencer Arrighetti,spencerarrighetti,https://www.spotrac.com/mlb/player/_/id/73440/spencer-arrighetti,SP,26,2.000,,,2026 Active Roster,2026 Active Roster,Houston Astros Contracts,,,Pre-Arbitration,Pre-Arbitration,,723525,0.30,723525,723525,,,2026,2026,2026,1,820000,820000,681293,HOU,Active,true,https://www.spotrac.com/mlb/houston-astros/cash/_/year/2026 | https://www.spotrac.com/mlb/houston-astros/contracts | https://www.spotrac.com/mlb/houston-astros/tax/_/year/2026,,
2026-07-08T14:16:26+00:00,2026,HOU,Houston Astros,houston-astros,Steven Okert,stevenokert,https://www.spotrac.com/mlb/player/_/id/18339/steven-okert,RP,34,5.089,,,2026 Active Roster,2026 Active Roster,Houston Astros Contracts,,,Arbitration 3,Arbitration,,2325000,0.95,2325000,2325000,,,2026,2026,2026,1,2325000,2325000,595345,HOU,Active,true,https://www.spotrac.com/mlb/houston-astros/cash/_/year/2026 | https://www.spotrac.com/mlb/houston-astros/contracts | https://www.spotrac.com/mlb/houston-astros/tax/_/year/2026,,
2026-07-08T14:16:26+00:00,2026,HOU,Houston Astros,houston-astros,Tatsuya Imai,tatsuyaimai,https://www.spotrac.com/mlb/player/_/id/101013/tatsuya-imai,SP,28,,,,2026 Active Roster,2026 Active Roster,Houston Astros Contracts,,,Free Agent Foreign Professional,Free Agent Foreign Professional,,18000000,7.38,18000000,16000000,2000000,,2026,2026,2028,3,54000000,18000000,837227,HOU,Active,true,https://www.spotrac.com/mlb/houston-astros/cash/_/year/2026 | https://www.spotrac.com/mlb/houston-astros/contracts | https://www.spotrac.com/mlb/houston-astros/tax/_/year/2026,,
2026-07-08T14:16:26+00:00,2026,HOU,Houston Astros,houston-astros,Taylor Trammell,taylortrammell,https://www.spotrac.com/mlb/player/_/id/19958/taylor-trammell,OF,28,2.144,,,2026 Active Roster,2026 Active Roster,Houston Astros Contracts,,,Arbitration 1 Super Two,Arbitration,,900000,0.37,900000,900000,,,2026,2026,2026,1,900000,900000,666211,HOU,Active,true,https://www.spotrac.com/mlb/houston-astros/cash/_/year/2026 | https://www.spotrac.com/mlb/houston-astros/contracts | https://www.spotrac.com/mlb/houston-astros/tax/_/year/2026,,
2026-07-08T14:16:26+00:00,2026,HOU,Houston Astros,houston-astros,Thomas Sveyda,thomassveyda,https://www.spotrac.com/mlb/player/_/id/105928/thomas-sveyda,P,19,,,,,2026 Signing Bonus,,,,,,,,,10000,,10000,,,,,,,,,,,false,https://www.spotrac.com/mlb/houston-astros/cash/_/year/2026,not_found_on_tax_page;not_found_on_contracts_page,
2026-07-08T14:16:26+00:00,2026,HOU,Houston Astros,houston-astros,Yainer Diaz,yainerdiaz,https://www.spotrac.com/mlb/player/_/id/74905/yainer-diaz,C,27,3.035,,,2026 Active Roster,2026 Active Roster,Houston Astros Contracts,,,Arbitration 1,Arbitration,,4500000,1.84,4500000,4500000,,,2026,2026,2026,1,4500000,4500000,673237,HOU,Active,true,https://www.spotrac.com/mlb/houston-astros/cash/_/year/2026 | https://www.spotrac.com/mlb/houston-astros/contracts | https://www.spotrac.com/mlb/houston-astros/tax/_/year/2026,,
2026-07-08T14:16:26+00:00,2026,HOU,Houston Astros,houston-astros,Yordan Alvarez,yordanalvarez,https://www.spotrac.com/mlb/player/_/id/20070/yordan-alvarez,DH,29,6.113,,,2026 Active Roster,2026 Active Roster,Houston Astros Contracts,,,Extension Arbitration,Extension Arbitration,,19166667,7.86,26000000,26000000,,,2023,2023,2028,6,115000000,19166667,670541,HOU,Active,true,https://www.spotrac.com/mlb/houston-astros/cash/_/year/2026 | https://www.spotrac.com/mlb/houston-astros/contracts | https://www.spotrac.com/mlb/houston-astros/tax/_/year/2026,,
2026-07-08T14:16:26+00:00,2026,HOU,Houston Astros,houston-astros,Zach Cole Jr.,zachcole,https://www.spotrac.com/mlb/player/_/id/78896/zach-cole-jr,OF,25,0.017,,,2026 Minor,2026 Minor,,,,Pre-Arbitration,,,100104,0.04,100104,100104,,,,,,,,,805904,HOU,Reassigned to Minors,true,https://www.spotrac.com/mlb/houston-astros/cash/_/year/2026 | https://www.spotrac.com/mlb/houston-astros/tax/_/year/2026,not_found_on_contracts_page,
2026-07-08T14:16:26+00:00,2026,HOU,Houston Astros,houston-astros,Zach Dezenzo,zachdezenzo,https://www.spotrac.com/mlb/player/_/id/78955/zach-dezenzo,SS,26,1.055,,,2026 Active Roster,2026 Active Roster,Houston Astros Contracts,,,Pre-Arbitration,Pre-Arbitration,,490448,0.20,490448,490448,,,2026,2026,2026,1,790700,790700,701305,HOU,Active,true,https://www.spotrac.com/mlb/houston-astros/cash/_/year/2026 | https://www.spotrac.com/mlb/houston-astros/contracts | https://www.spotrac.com/mlb/houston-astros/tax/_/year/2026,,
2026-07-08T14:16:26+00:00,2026,HOU,Houston Astros,houston-astros,Zack Greinke,zackgreinke,https://www.spotrac.com/mlb/player/_/id/407/zack-greinke,SP,42,,,,,2026 Deferred,,,,,,,,,12500000,12500000,,,,,,,,,,,,false,https://www.spotrac.com/mlb/houston-astros/cash/_/year/2026,not_found_on_tax_page;not_found_on_contracts_page,
2026-07-08T14:16:26+00:00,2026,KC,Kansas City Royals,kansas-city-royals,Adrian Lunar,adrianlunar,https://www.spotrac.com/mlb/player/_/id/105404/adrian-lunar,C,17,,,,,2026 Signing Bonus,,,,,,,,,725000,,725000,,,,,,,,,,,false,https://www.spotrac.com/mlb/kansas-city-royals/cash/_/year/2026,not_found_on_tax_page;not_found_on_contracts_page,
2026-07-08T14:16:26+00:00,2026,KC,Kansas City Royals,kansas-city-royals,Alec Marsh,alecmarsh,https://www.spotrac.com/mlb/player/_/id/30468/alec-marsh,SP,28,2.078,,,2026 Injured List,2026 Injured List,Kansas City Royals Contracts,,,Pre-Arbitration,Pre-Arbitration,,797500,,797500,797500,,,2026,2026,2026,1,797500,797500,679525,KC,Injured 60-Day,true,https://www.spotrac.com/mlb/kansas-city-royals/cash/_/year/2026 | https://www.spotrac.com/mlb/kansas-city-royals/contracts | https://www.spotrac.com/mlb/kansas-city-royals/tax/_/year/2026,,
2026-07-08T14:16:26+00:00,2026,KC,Kansas City Royals,kansas-city-royals,Alejandro Beltran,alejandrobeltran,https://www.spotrac.com/mlb/player/_/id/105532/alejandro-beltran,P,17,,,,,2026 Signing Bonus,,,,,,,,,60000,,60000,,,,,,,,,,,false,https://www.spotrac.com/mlb/kansas-city-royals/cash/_/year/2026,not_found_on_tax_page;not_found_on_contracts_page,
2026-07-08T14:16:26+00:00,2026,KC,Kansas City Royals,kansas-city-royals,Alex Lange,alexlange,https://www.spotrac.com/mlb/player/_/id/23239/alex-lange,RP,30,3.145,,,2026 Active Roster,2026 Active Roster,Kansas City Royals Contracts,,,Free Agent,Free Agent,,900000,0.37,1000000,900000,,,2026,2026,2026,1,900000,900000,656638,KC,Active,true,https://www.spotrac.com/mlb/kansas-city-royals/cash/_/year/2026 | https://www.spotrac.com/mlb/kansas-city-royals/contracts | https://www.spotrac.com/mlb/kansas-city-royals/tax/_/year/2026,,
2026-07-08T14:16:26+00:00,2026,KC,Kansas City Royals,kansas-city-royals,Angeibel Gomez,angeibelgomez,https://www.spotrac.com/mlb/player/_/id/105402/angeibel-gomez,OF,17,,,,,2026 Signing Bonus,,,,,,,,,2797500,,2797500,,,,,,,,,,,false,https://www.spotrac.com/mlb/kansas-city-royals/cash/_/year/2026,not_found_on_tax_page;not_found_on_contracts_page,
2026-07-08T14:16:26+00:00,2026,KC,Kansas City Royals,kansas-city-royals,Bailey Falter,baileyfalter,https://www.spotrac.com/mlb/player/_/id/17802/bailey-falter,RP,29,3.138,,,2026 Minor,2026 Minor,,,,Arbitration 2 Super Two,,,3600000,,3600000,3600000,,,,,,,,,,,,false,https://www.spotrac.com/mlb/kansas-city-royals/cash/_/year/2026 | https://www.spotrac.com/mlb/kansas-city-royals/tax/_/year/2026,not_found_on_contracts_page,
2026-07-08T14:16:26+00:00,2026,KC,Kansas City Royals,kansas-city-royals,Beck Way,beckway,https://www.spotrac.com/mlb/player/_/id/48485/beck-way,RP,26,,,,2026 Active Roster,2026 Active Roster,Kansas City Royals Contracts,,,Pre-Arbitration,Pre-Arbitration,,488007,0.20,488007,488007,,,2026,2026,2026,1,780000,780000,694360,KC,Active,true,https://www.spotrac.com/mlb/kansas-city-royals/cash/_/year/2026 | https://www.spotrac.com/mlb/kansas-city-royals/contracts | https://www.spotrac.com/mlb/kansas-city-royals/tax/_/year/2026,,
2026-07-08T14:16:26+00:00,2026,KC,Kansas City Royals,kansas-city-royals,Ben Kudrna,benkudrna,https://www.spotrac.com/mlb/player/_/id/73305/ben-kudrna,SP,,,,,2026 Minor,,,,,Pre-Arbitration,,,,,,,,,,,,,,,695667,KC,Reassigned to Minors,true,https://www.spotrac.com/mlb/kansas-city-royals/tax/_/year/2026,missing_all_money_fields;not_found_on_cash_page;not_found_on_contracts_page,
2026-07-08T14:16:26+00:00,2026,KC,Kansas City Royals,kansas-city-royals,Bobby Witt Jr.,bobbywitt,https://www.spotrac.com/mlb/player/_/id/30400/bobby-witt-jr,SS,26,4.000,,,2026 Active Roster,2026 Active Roster,Kansas City Royals Contracts,,,Extension Pre-Arbitration,Extension Pre-Arbitration,,26252525,10.76,13000000,13000000,,,2024,2024,2037,11,288777777,26252525,677951,KC,Active,true,https://www.spotrac.com/mlb/kansas-city-royals/cash/_/year/2026 | https://www.spotrac.com/mlb/kansas-city-royals/contracts | https://www.spotrac.com/mlb/kansas-city-royals/tax/_/year/2026,,
2026-07-08T14:16:26+00:00,2026,KC,Kansas City Royals,kansas-city-royals,Carlos Estevez,carlosestevez,https://www.spotrac.com/mlb/player/_/id/18375/carlos-estevez,RP,33,9.022,,,2026 Injured List,2026 Injured List,Kansas City Royals Contracts,,,Free Agent,Free Agent,,11100000,,10100000,10100000,,,2025,2025,2027,2,22200000,11100000,608032,KC,Injured 60-Day,true,https://www.spotrac.com/mlb/kansas-city-royals/cash/_/year/2026 | https://www.spotrac.com/mlb/kansas-city-royals/contracts | https://www.spotrac.com/mlb/kansas-city-royals/tax/_/year/2026,,
2026-07-08T14:16:26+00:00,2026,KC,Kansas City Royals,kansas-city-royals,Carter Jensen,carterjensen,https://www.spotrac.com/mlb/player/_/id/73340/carter-jensen,C,22,0.028,,,2026 Active Roster,2026 Active Roster,Kansas City Royals Contracts,,,Pre-Arbitration,Pre-Arbitration,,781150,0.32,781150,781150,,,2026,2026,2026,1,781150,781150,695600,KC,Active,true,https://www.spotrac.com/mlb/kansas-city-royals/cash/_/year/2026 | https://www.spotrac.com/mlb/kansas-city-royals/contracts | https://www.spotrac.com/mlb/kansas-city-royals/tax/_/year/2026,,
2026-07-08T14:16:26+00:00,2026,KC,Kansas City Royals,kansas-city-royals,Cole Ragans,coleragans,https://www.spotrac.com/mlb/player/_/id/19986/cole-ragans,SP,28,3.029,,,2026 Injured List,2026 Injured List,Kansas City Royals Contracts,,,Extension Pre-Arbitration,Extension Pre-Arbitration,,4416667,,4500000,4500000,,,2025,2025,2027,3,13250000,4416667,666142,KC,Injured 60-Day,true,https://www.spotrac.com/mlb/kansas-city-royals/cash/_/year/2026 | https://www.spotrac.com/mlb/kansas-city-royals/contracts | https://www.spotrac.com/mlb/kansas-city-royals/tax/_/year/2026,,
2026-07-08T14:16:26+00:00,2026,KC,Kansas City Royals,kansas-city-royals,Connor Seabold,connorseabold,https://www.spotrac.com/mlb/player/_/id/23292/connor-seabold,RP,30,1.054,,,2026 Injured List,2026 Injured List,Kansas City Royals Contracts,,,Free Agent,Free Agent,,444912,0.18,444912,444912,,,2026,2026,2026,1,800000,800000,657756,KC,Injured 15-Day,true,https://www.spotrac.com/mlb/kansas-city-royals/cash/_/year/2026 | https://www.spotrac.com/mlb/kansas-city-royals/contracts | https://www.spotrac.com/mlb/kansas-city-royals/tax/_/year/2026,,
2026-07-08T14:16:26+00:00,2026,KC,Kansas City Royals,kansas-city-royals,Daniel Lynch,daniellynch,https://www.spotrac.com/mlb/player/_/id/26057/daniel-lynch,RP,29,3.136,,,2026 Active Roster,2026 Active Roster,Kansas City Royals Contracts,,,Arbitration 1,Arbitration,,1025000,0.42,1025000,1025000,,,2026,2026,2026,1,1025000,1025000,663738,KC,Active,true,https://www.spotrac.com/mlb/kansas-city-royals/cash/_/year/2026 | https://www.spotrac.com/mlb/kansas-city-royals/contracts | https://www.spotrac.com/mlb/kansas-city-royals/tax/_/year/2026,,
2026-07-08T14:16:26+00:00,2026,KC,Kansas City Royals,kansas-city-royals,Daury Martinez,daurymartinez,https://www.spotrac.com/mlb/player/_/id/105535/daury-martinez,OF,17,,,,,2026 Signing Bonus,,,,,,,,,75000,,75000,,,,,,,,,,,false,https://www.spotrac.com/mlb/kansas-city-royals/cash/_/year/2026,not_found_on_tax_page;not_found_on_contracts_page,
2026-07-08T14:16:26+00:00,2026,KC,Kansas City Royals,kansas-city-royals,Delvin Medina,delvinmedina,https://www.spotrac.com/mlb/player/_/id/105530/delvin-medina,P,17,,,,,2026 Signing Bonus,,,,,,,,,100000,,100000,,,,,,,,,,,false,https://www.spotrac.com/mlb/kansas-city-royals/cash/_/year/2026,not_found_on_tax_page;not_found_on_contracts_page,
2026-07-08T14:16:26+00:00,2026,KC,Kansas City Royals,kansas-city-royals,Diony Brujan,dionybrujan,https://www.spotrac.com/mlb/player/_/id/105533/diony-brujan,P,17,,,,,2026 Signing Bonus,,,,,,,,,85000,,85000,,,,,,,,,,,false,https://www.spotrac.com/mlb/kansas-city-royals/cash/_/year/2026,not_found_on_tax_page;not_found_on_contracts_page,
2026-07-08T14:16:26+00:00,2026,KC,Kansas City Royals,kansas-city-royals,Eli Morgan,elimorgan,https://www.spotrac.com/mlb/player/_/id/23465/eli-morgan,RP,30,4.091,,,2026 Minor,2026 Minor,,,,Free Agent,,,197876,0.08,197876,197876,,,,,,,,,669212,KC,Reassigned to Minors,true,https://www.spotrac.com/mlb/kansas-city-royals/cash/_/year/2026 | https://www.spotrac.com/mlb/kansas-city-royals/tax/_/year/2026,not_found_on_contracts_page,
2026-07-08T14:16:26+00:00,2026,KC,Kansas City Royals,kansas-city-royals,Elias Diaz,eliasdiaz,https://www.spotrac.com/mlb/player/_/id/16575/elias-diaz,C,35,9.087,,,2026 Dead Money,2026 Dead Money,,,,,,,352935,0.14,352935,352935,,,,,,,,,553869,TEX,Active,true_other_team,https://www.spotrac.com/mlb/kansas-city-royals/cash/_/year/2026 | https://www.spotrac.com/mlb/kansas-city-royals/tax/_/year/2026,not_found_on_contracts_page,
2026-07-08T14:16:26+00:00,2026,KC,Kansas City Royals,kansas-city-royals,Eric Cerantola,ericcerantola,https://www.spotrac.com/mlb/player/_/id/73401/eric-cerantola,RP,26,,,,2026 Dead Money,2026 Dead Money,,,,,,,33368,0.01,33368,33368,,,,,,,,,672021,SF,Reassigned to Minors,true_other_team,https://www.spotrac.com/mlb/kansas-city-royals/cash/_/year/2026 | https://www.spotrac.com/mlb/kansas-city-royals/tax/_/year/2026,not_found_on_contracts_page,
2026-07-08T14:16:26+00:00,2026,KC,Kansas City Royals,kansas-city-royals,Ernesto Mejia,ernestomejia,https://www.spotrac.com/mlb/player/_/id/105536/ernesto-mejia,P,17,,,,,2026 Signing Bonus,,,,,,,,,120000,,120000,,,,,,,,,,,false,https://www.spotrac.com/mlb/kansas-city-royals/cash/_/year/2026,not_found_on_tax_page;not_found_on_contracts_page,
2026-07-08T14:16:26+00:00,2026,KC,Kansas City Royals,kansas-city-royals,Frankeurys Marte,frankeurysmarte,https://www.spotrac.com/mlb/player/_/id/105529/frankeurys-marte,P,17,,,,,2026 Signing Bonus,,,,,,,,,180000,,180000,,,,,,,,,,,false,https://www.spotrac.com/mlb/kansas-city-royals/cash/_/year/2026,not_found_on_tax_page;not_found_on_contracts_page,
2026-07-08T14:16:26+00:00,2026,KC,Kansas City Royals,kansas-city-royals,Garvell Pinales,garvellpinales,https://www.spotrac.com/mlb/player/_/id/105531/garvell-pinales,P,17,,,,,2026 Signing Bonus,,,,,,,,,50000,,50000,,,,,,,,,,,false,https://www.spotrac.com/mlb/kansas-city-royals/cash/_/year/2026,not_found_on_tax_page;not_found_on_contracts_page,
2026-07-08T14:16:26+00:00,2026,KC,Kansas City Royals,kansas-city-royals,Isaac Collins,isaaccollins,https://www.spotrac.com/mlb/player/_/id/31226/isaac-collins,LF,28,1.022,,,2026 Active Roster,2026 Active Roster,Kansas City Royals Contracts,,,Pre-Arbitration,Pre-Arbitration,,799750,0.33,799750,799750,,,2026,2026,2026,1,799750,799750,686555,KC,Active,true,https://www.spotrac.com/mlb/kansas-city-royals/cash/_/year/2026 | https://www.spotrac.com/mlb/kansas-city-royals/contracts | https://www.spotrac.com/mlb/kansas-city-royals/tax/_/year/2026,,
2026-07-08T14:16:26+00:00,2026,KC,Kansas City Royals,kansas-city-royals,Jac Caglianone,jaccaglianone,https://www.spotrac.com/mlb/player/_/id/94543/jac-caglianone,RF,23,0.118,,,2026 Active Roster,2026 Active Roster,Kansas City Royals Contracts,,,Pre-Arbitration,Pre-Arbitration,,784000,0.32,784000,784000,,,2026,2026,2026,1,784000,784000,695506,KC,Active,true,https://www.spotrac.com/mlb/kansas-city-royals/cash/_/year/2026 | https://www.spotrac.com/mlb/kansas-city-royals/contracts | https://www.spotrac.com/mlb/kansas-city-royals/tax/_/year/2026,,
2026-07-08T14:16:26+00:00,2026,KC,Kansas City Royals,kansas-city-royals,Jaider Suarez,jaidersuarez,https://www.spotrac.com/mlb/player/_/id/105403/jaider-suarez,SS,17,,,,,2026 Signing Bonus,,,,,,,,,1700000,,1700000,,,,,,,,,,,false,https://www.spotrac.com/mlb/kansas-city-royals/cash/_/year/2026,not_found_on_tax_page;not_found_on_contracts_page,
2026-07-08T14:16:26+00:00,2026,KC,Kansas City Royals,kansas-city-royals,James McArthur,jamesmcarthur,https://www.spotrac.com/mlb/player/_/id/26413/james-mcarthur,SP,29,2.150,,,2026 Injured List,2026 Injured List,Kansas City Royals Contracts,,,Arbitration 1 Super Two,Arbitration,,810000,,810000,810000,,,2026,2026,2026,1,810000,810000,663704,KC,Injured 60-Day,true,https://www.spotrac.com/mlb/kansas-city-royals/cash/_/year/2026 | https://www.spotrac.com/mlb/kansas-city-royals/contracts | https://www.spotrac.com/mlb/kansas-city-royals/tax/_/year/2026,,
2026-07-08T14:16:26+00:00,2026,KC,Kansas City Royals,kansas-city-royals,Janiel Hernandez,janielhernandez,https://www.spotrac.com/mlb/player/_/id/105534/janiel-hernandez,P,18,,,,,2026 Signing Bonus,,,,,,,,,15000,,15000,,,,,,,,,,,false,https://www.spotrac.com/mlb/kansas-city-royals/cash/_/year/2026,not_found_on_tax_page;not_found_on_contracts_page,
2026-07-08T14:16:26+00:00,2026,KC,Kansas City Royals,kansas-city-royals,John Rave,johnrave,https://www.spotrac.com/mlb/player/_/id/30541/john-rave,CF,28,0.102,,,2026 Minor,2026 Minor,,,,Pre-Arbitration,,,75078,0.03,75078,75078,,,,,,,,,670231,KC,Reassigned to Minors,true,https://www.spotrac.com/mlb/kansas-city-royals/cash/_/year/2026 | https://www.spotrac.com/mlb/kansas-city-royals/tax/_/year/2026,not_found_on_contracts_page,
2026-07-08T14:16:26+00:00,2026,KC,Kansas City Royals,kansas-city-royals,John Schreiber,johnschreiber,https://www.spotrac.com/mlb/player/_/id/32742/john-schreiber,RP,32,5.027,,,2026 Active Roster,2026 Active Roster,Kansas City Royals Contracts,,,Arbitration 3,Arbitration,,3715000,1.52,3715000,3715000,,,2026,2026,2026,1,3715000,3715000,670167,KC,Active,true,https://www.spotrac.com/mlb/kansas-city-royals/cash/_/year/2026 | https://www.spotrac.com/mlb/kansas-city-royals/contracts | https://www.spotrac.com/mlb/kansas-city-royals/tax/_/year/2026,,
2026-07-08T14:16:26+00:00,2026,KC,Kansas City Royals,kansas-city-royals,Jonathan India,jonathanindia,https://www.spotrac.com/mlb/player/_/id/26028/jonathan-india,2B,29,5.000,,,2026 Injured List,2026 Injured List,Kansas City Royals Contracts,,,Arbitration 3,Arbitration,,8000000,,8000000,8000000,,,2026,2026,2026,1,8000000,8000000,663697,KC,Injured 60-Day,true,https://www.spotrac.com/mlb/kansas-city-royals/cash/_/year/2026 | https://www.spotrac.com/mlb/kansas-city-royals/contracts | https://www.spotrac.com/mlb/kansas-city-royals/tax/_/year/2026,,
2026-07-08T14:16:26+00:00,2026,KC,Kansas City Royals,kansas-city-royals,Josh Rojas,joshrojas,https://www.spotrac.com/mlb/player/_/id/32776/josh-rojas,SS,32,5.104,,,2026 Active Roster,2026 Active Roster,Kansas City Royals Contracts,,,Free Agent,Free Agent,,459045,0.19,459045,459045,,,2026,2026,2026,1,850000,850000,668942,KC,Active,true,https://www.spotrac.com/mlb/kansas-city-royals/cash/_/year/2026 | https://www.spotrac.com/mlb/kansas-city-royals/contracts | https://www.spotrac.com/mlb/kansas-city-royals/tax/_/year/2026,,
2026-07-08T14:16:26+00:00,2026,KC,Kansas City Royals,kansas-city-royals,José Cuas,josecuas,https://www.spotrac.com/mlb/player/_/id/77934/jos%C3%A9-cuas,RP,32,2.019,,,2026 Active Roster,2026 Active Roster,Kansas City Royals Contracts,,,Free Agent,Free Agent,,390870,0.16,390870,390870,,,2026,2026,2026,1,850000,850000,621016,KC,Active,true,https://www.spotrac.com/mlb/kansas-city-royals/cash/_/year/2026 | https://www.spotrac.com/mlb/kansas-city-royals/contracts | https://www.spotrac.com/mlb/kansas-city-royals/tax/_/year/2026,,
2026-07-08T14:16:26+00:00,2026,KC,Kansas City Royals,kansas-city-royals,Kameron Misner,kameronmisner,https://www.spotrac.com/mlb/player/_/id/30433/kameron-misner,CF,28,0.117,,,2026 Active Roster,2026 Active Roster,Kansas City Royals Contracts,,,Pre-Arbitration,Pre-Arbitration,,454639,0.19,454639,454639,,,2026,2026,2026,1,780000,780000,670224,KC,Active,true,https://www.spotrac.com/mlb/kansas-city-royals/cash/_/year/2026 | https://www.spotrac.com/mlb/kansas-city-royals/contracts | https://www.spotrac.com/mlb/kansas-city-royals/tax/_/year/2026,,
2026-07-08T14:16:26+00:00,2026,KC,Kansas City Royals,kansas-city-royals,Kris Bubic,krisbubic,https://www.spotrac.com/mlb/player/_/id/26063/kris-bubic,SP,28,5.135,,,2026 Injured List,2026 Injured List,Kansas City Royals Contracts,,,Arbitration 4,Arbitration,,6150000,,6150000,6150000,,,2026,2026,2026,1,6150000,6150000,663460,KC,Injured 60-Day,true,https://www.spotrac.com/mlb/kansas-city-royals/cash/_/year/2026 | https://www.spotrac.com/mlb/kansas-city-royals/contracts | https://www.spotrac.com/mlb/kansas-city-royals/tax/_/year/2026,,
2026-07-08T14:16:26+00:00,2026,KC,Kansas City Royals,kansas-city-royals,Kyle Isbel,kyleisbel,https://www.spotrac.com/mlb/player/_/id/26123/kyle-isbel,CF,29,4.043,,,2026 Injured List,2026 Injured List,Kansas City Royals Contracts,,,Arbitration 2,Arbitration,,2700000,1.11,2700000,2700000,,,2026,2026,2026,1,2700000,2700000,664728,KC,Injured 10-Day,true,https://www.spotrac.com/mlb/kansas-city-royals/cash/_/year/2026 | https://www.spotrac.com/mlb/kansas-city-royals/contracts | https://www.spotrac.com/mlb/kansas-city-royals/tax/_/year/2026,,
2026-07-08T14:16:26+00:00,2026,KC,Kansas City Royals,kansas-city-royals,Lane Thomas,lanethomas,https://www.spotrac.com/mlb/player/_/id/28172/lane-thomas,CF,30,6.014,,,2026 Active Roster,2026 Active Roster,Kansas City Royals Contracts,,,Free Agent,Free Agent,,5250000,2.15,5300000,5250000,,,2026,2026,2026,1,5250000,5250000,657041,KC,Active,true,https://www.spotrac.com/mlb/kansas-city-royals/cash/_/year/2026 | https://www.spotrac.com/mlb/kansas-city-royals/contracts | https://www.spotrac.com/mlb/kansas-city-royals/tax/_/year/2026,,
2026-07-08T14:16:26+00:00,2026,KC,Kansas City Royals,kansas-city-royals,Leandro Briceno,leandrobriceno,https://www.spotrac.com/mlb/player/_/id/105406/leandro-briceno,SS,17,,,,,2026 Signing Bonus,,,,,,,,,650000,,650000,,,,,,,,,,,false,https://www.spotrac.com/mlb/kansas-city-royals/cash/_/year/2026,not_found_on_tax_page;not_found_on_contracts_page,
2026-07-08T14:16:26+00:00,2026,KC,Kansas City Royals,kansas-city-royals,Lucas Erceg,lucaserceg,https://www.spotrac.com/mlb/player/_/id/19992/lucas-erceg,RP,31,2.136,,,2026 Active Roster,2026 Active Roster,Kansas City Royals Contracts,,,Pre-Arbitration,Pre-Arbitration,,803500,0.33,803500,803500,,,2026,2026,2026,1,803500,803500,668674,KC,Active,true,https://www.spotrac.com/mlb/kansas-city-royals/cash/_/year/2026 | https://www.spotrac.com/mlb/kansas-city-royals/contracts | https://www.spotrac.com/mlb/kansas-city-royals/tax/_/year/2026,,
2026-07-08T14:16:26+00:00,2026,KC,Kansas City Royals,kansas-city-royals,Luinder Avila,luinderavila,https://www.spotrac.com/mlb/player/_/id/87047/luinder-avila,SP,24,0.033,,,2026 Active Roster,2026 Active Roster,Kansas City Royals Contracts,,,Pre-Arbitration,Pre-Arbitration,,659018,0.27,659018,659018,,,2026,2026,2026,1,780000,780000,679883,KC,Active,true,https://www.spotrac.com/mlb/kansas-city-royals/cash/_/year/2026 | https://www.spotrac.com/mlb/kansas-city-royals/contracts | https://www.spotrac.com/mlb/kansas-city-royals/tax/_/year/2026,,
2026-07-08T14:16:26+00:00,2026,KC,Kansas City Royals,kansas-city-royals,Luis Garces,luisgarces,https://www.spotrac.com/mlb/player/_/id/105408/luis-garces,P,17,,,,,2026 Signing Bonus,,,,,,,,,200000,,200000,,,,,,,,,,,false,https://www.spotrac.com/mlb/kansas-city-royals/cash/_/year/2026,not_found_on_tax_page;not_found_on_contracts_page,
2026-07-08T14:16:26+00:00,2026,KC,Kansas City Royals,kansas-city-royals,Luke Maile,lukemaile,https://www.spotrac.com/mlb/player/_/id/18160/luke-maile,C,35,8.086,,,2026 Active Roster,2026 Active Roster,Kansas City Royals Contracts,,,Free Agent,Free Agent,,395415,0.16,395415,395415,,,2026,2026,2026,1,850000,850000,571912,KC,Active,true,https://www.spotrac.com/mlb/kansas-city-royals/cash/_/year/2026 | https://www.spotrac.com/mlb/kansas-city-royals/contracts | https://www.spotrac.com/mlb/kansas-city-royals/tax/_/year/2026,,
2026-07-08T14:16:26+00:00,2026,KC,Kansas City Royals,kansas-city-royals,Maicoll Rondon,maicollrondon,https://www.spotrac.com/mlb/player/_/id/105405/maicoll-rondon,SS,17,,,,,2026 Signing Bonus,,,,,,,,,700000,,700000,,,,,,,,,,,false,https://www.spotrac.com/mlb/kansas-city-royals/cash/_/year/2026,not_found_on_tax_page;not_found_on_contracts_page,
2026-07-08T14:16:26+00:00,2026,KC,Kansas City Royals,kansas-city-royals,Maikel Garcia,maikelgarcia,https://www.spotrac.com/mlb/player/_/id/74974/maikel-garcia,3B,26,2.168,,,2026 Injured List,2026 Injured List,Kansas City Royals Contracts,,,Extension Arbitration,Extension Arbitration,,11500000,4.71,5300000,4000000,1300000,,2026,2026,2031,5,57500000,11500000,672580,KC,Injured 10-Day,true,https://www.spotrac.com/mlb/kansas-city-royals/cash/_/year/2026 | https://www.spotrac.com/mlb/kansas-city-royals/contracts | https://www.spotrac.com/mlb/kansas-city-royals/tax/_/year/2026,,
2026-07-08T14:16:26+00:00,2026,KC,Kansas City Royals,kansas-city-royals,Marcos Hernandez,marcoshernandez,https://www.spotrac.com/mlb/player/_/id/105528/marcos-hernandez,C,17,,,,,2026 Signing Bonus,,,,,,,,,60000,,60000,,,,,,,,,,,false,https://www.spotrac.com/mlb/kansas-city-royals/cash/_/year/2026,not_found_on_tax_page;not_found_on_contracts_page,
2026-07-08T14:16:26+00:00,2026,KC,Kansas City Royals,kansas-city-royals,Mason Black,masonblack,https://www.spotrac.com/mlb/player/_/id/73347/mason-black,RP,26,0.051,,,2026 Minor,2026 Minor,,,,Pre-Arbitration,,,162669,0.07,162669,162669,,,,,,,,,696131,KC,Reassigned to Minors,true,https://www.spotrac.com/mlb/kansas-city-royals/cash/_/year/2026 | https://www.spotrac.com/mlb/kansas-city-royals/tax/_/year/2026,not_found_on_contracts_page,
2026-07-08T14:16:26+00:00,2026,KC,Kansas City Royals,kansas-city-royals,Matt Strahm,mattstrahm,https://www.spotrac.com/mlb/player/_/id/18379/matt-strahm,RP,34,9.064,,,2026 Active Roster,2026 Active Roster,Kansas City Royals Contracts,,,Extension,Extension,,7500000,3.07,7500000,7500000,,,2025,2025,2026,1,7500000,7500000,621381,KC,Active,true,https://www.spotrac.com/mlb/kansas-city-royals/cash/_/year/2026 | https://www.spotrac.com/mlb/kansas-city-royals/contracts | https://www.spotrac.com/mlb/kansas-city-royals/tax/_/year/2026,,
2026-07-08T14:16:26+00:00,2026,KC,Kansas City Royals,kansas-city-royals,Matthew Lugo,matthewlugo,https://www.spotrac.com/mlb/player/_/id/30467/matthew-lugo,OF,,0.066,,,2026 Minor,,,,,Pre-Arbitration,,,,,,,,,,,,,,,683090,KC,Reassigned to Minors,true,https://www.spotrac.com/mlb/kansas-city-royals/tax/_/year/2026,missing_all_money_fields;not_found_on_cash_page;not_found_on_contracts_page,
2026-07-08T14:16:26+00:00,2026,KC,Kansas City Royals,kansas-city-royals,Max De La Cruz,maxdelacruz,https://www.spotrac.com/mlb/player/_/id/105527/max-de-la-cruz,OF,17,,,,,2026 Signing Bonus,,,,,,,,,90000,,90000,,,,,,,,,,,false,https://www.spotrac.com/mlb/kansas-city-royals/cash/_/year/2026,not_found_on_tax_page;not_found_on_contracts_page,
2026-07-08T14:16:26+00:00,2026,KC,Kansas City Royals,kansas-city-royals,Michael Massey,michaelmassey,https://www.spotrac.com/mlb/player/_/id/30509/michael-massey,2B,28,3.068,,,2026 Active Roster,2026 Active Roster,Kansas City Royals Contracts,,,Arbitration 1,Arbitration,,1570000,0.64,1570000,1570000,,,2026,2026,2026,1,1570000,1570000,686681,KC,Active,true,https://www.spotrac.com/mlb/kansas-city-royals/cash/_/year/2026 | https://www.spotrac.com/mlb/kansas-city-royals/contracts | https://www.spotrac.com/mlb/kansas-city-royals/tax/_/year/2026,,
2026-07-08T14:16:26+00:00,2026,KC,Kansas City Royals,kansas-city-royals,Michael Wacha,michaelwacha,https://www.spotrac.com/mlb/player/_/id/13219/michael-wacha,SP,35,12.062,,,2026 Active Roster,2026 Active Roster,Kansas City Royals Contracts,,,Extension,Extension,,17000000,6.97,18000000,18000000,,,2025,2025,2028,3,51000000,17000000,608379,KC,Active,true,https://www.spotrac.com/mlb/kansas-city-royals/cash/_/year/2026 | https://www.spotrac.com/mlb/kansas-city-royals/contracts | https://www.spotrac.com/mlb/kansas-city-royals/tax/_/year/2026,,
2026-07-08T14:16:26+00:00,2026,KC,Kansas City Royals,kansas-city-royals,Mitch Spence,mitchspence,https://www.spotrac.com/mlb/player/_/id/31270/mitch-spence,RP,28,1.124,,,2026 Minor,2026 Minor,,,,Pre-Arbitration,,,50052,0.02,50052,50052,,,,,,,,,687765,KC,Reassigned to Minors,true,https://www.spotrac.com/mlb/kansas-city-royals/cash/_/year/2026 | https://www.spotrac.com/mlb/kansas-city-royals/tax/_/year/2026,not_found_on_contracts_page,
2026-07-08T14:16:26+00:00,2026,KC,Kansas City Royals,kansas-city-royals,Nick Loftin,nickloftin,https://www.spotrac.com/mlb/player/_/id/48388/nick-loftin,SS,27,1.081,,,2026 Active Roster,2026 Active Roster,Kansas City Royals Contracts,,,Pre-Arbitration,Pre-Arbitration,,727811,0.30,727811,727811,,,2026,2026,2026,1,786750,786750,679845,KC,Active,true,https://www.spotrac.com/mlb/kansas-city-royals/cash/_/year/2026 | https://www.spotrac.com/mlb/kansas-city-royals/contracts | https://www.spotrac.com/mlb/kansas-city-royals/tax/_/year/2026,,
2026-07-08T14:16:26+00:00,2026,KC,Kansas City Royals,kansas-city-royals,Nick Mears,nickmears,https://www.spotrac.com/mlb/player/_/id/48772/nick-mears,RP,29,4.022,,,2026 Injured List,2026 Injured List,Kansas City Royals Contracts,,,Arbitration 2,Arbitration,,1900000,0.78,1900000,1900000,,,2026,2026,2026,1,1900000,1900000,683232,KC,Injured 15-Day,true,https://www.spotrac.com/mlb/kansas-city-royals/cash/_/year/2026 | https://www.spotrac.com/mlb/kansas-city-royals/contracts | https://www.spotrac.com/mlb/kansas-city-royals/tax/_/year/2026,,
2026-07-08T14:16:26+00:00,2026,KC,Kansas City Royals,kansas-city-royals,Noah Cameron,noahcameron,https://www.spotrac.com/mlb/player/_/id/73464/noah-cameron,SP,26,0.137,,,2026 Active Roster,2026 Active Roster,Kansas City Royals Contracts,,,Pre-Arbitration,Pre-Arbitration,,802000,0.33,802000,802000,,,2026,2026,2026,1,802000,802000,702070,KC,Active,true,https://www.spotrac.com/mlb/kansas-city-royals/cash/_/year/2026 | https://www.spotrac.com/mlb/kansas-city-royals/contracts | https://www.spotrac.com/mlb/kansas-city-royals/tax/_/year/2026,,
2026-07-08T14:16:26+00:00,2026,KC,Kansas City Royals,kansas-city-royals,Randal Grichuk,randalgrichuk,https://www.spotrac.com/mlb/player/_/id/15765/randal-grichuk,RF,34,,,,,2026 Dead Money,,,,,,,,,3000000,3000000,,,,,,,,,545341,CHW,Active,true_other_team,https://www.spotrac.com/mlb/kansas-city-royals/cash/_/year/2026,not_found_on_tax_page;not_found_on_contracts_page,
2026-07-08T14:16:26+00:00,2026,KC,Kansas City Royals,kansas-city-royals,Randy Dobnak,randydobnak,https://www.spotrac.com/mlb/player/_/id/32741/randy-dobnak,RP,31,3.059,,,2026 Active Roster,2026 Active Roster,Kansas City Royals Contracts,,,Free Agent,Free Agent,,367048,0.15,367048,367048,,,2026,2026,2026,1,780000,780000,677976,KC,Active,true,https://www.spotrac.com/mlb/kansas-city-royals/cash/_/year/2026 | https://www.spotrac.com/mlb/kansas-city-royals/contracts | https://www.spotrac.com/mlb/kansas-city-royals/tax/_/year/2026,,
2026-07-08T14:16:26+00:00,2026,KC,Kansas City Royals,kansas-city-royals,Renso Tenas,rensotenas,https://www.spotrac.com/mlb/player/_/id/105407/renso-tenas,SS,17,,,,,2026 Signing Bonus,,,,,,,,,350000,,350000,,,,,,,,,,,false,https://www.spotrac.com/mlb/kansas-city-royals/cash/_/year/2026,not_found_on_tax_page;not_found_on_contracts_page,
2026-07-08T14:16:26+00:00,2026,KC,Kansas City Royals,kansas-city-royals,Ryan Bergert,ryanbergert,https://www.spotrac.com/mlb/player/_/id/73452/ryan-bergert,SP,,0.113,,,2026 Minor,,,,,Pre-Arbitration,,,,,,,,,,,,,,,686701,KC,Reassigned to Minors,true,https://www.spotrac.com/mlb/kansas-city-royals/tax/_/year/2026,missing_all_money_fields;not_found_on_cash_page;not_found_on_contracts_page,
2026-07-08T14:16:26+00:00,2026,KC,Kansas City Royals,kansas-city-royals,Salvador Perez,salvadorperez,https://www.spotrac.com/mlb/player/_/id/8524/salvador-perez,C,36,14.050,,,2026 Active Roster,2026 Active Roster,Kansas City Royals Contracts,,,Extension,Extension,,12500000,5.12,6500000,6500000,,,2026,2026,2027,2,25000000,12500000,521692,KC,Active,true,https://www.spotrac.com/mlb/kansas-city-royals/cash/_/year/2026 | https://www.spotrac.com/mlb/kansas-city-royals/contracts | https://www.spotrac.com/mlb/kansas-city-royals/tax/_/year/2026,,
2026-07-08T14:16:26+00:00,2026,KC,Kansas City Royals,kansas-city-royals,Seth Lugo,sethlugo,https://www.spotrac.com/mlb/player/_/id/18402/seth-lugo,SP,36,9.082,,,2026 Active Roster,2026 Active Roster,Kansas City Royals Contracts,,,Extension,Extension,,23000000,9.43,23000000,20000000,3000000,,2026,2026,2028,2,46000000,23000000,607625,KC,Active,true,https://www.spotrac.com/mlb/kansas-city-royals/cash/_/year/2026 | https://www.spotrac.com/mlb/kansas-city-royals/contracts | https://www.spotrac.com/mlb/kansas-city-royals/tax/_/year/2026,,
2026-07-08T14:16:26+00:00,2026,KC,Kansas City Royals,kansas-city-royals,Starling Marte,starlingmarte,https://www.spotrac.com/mlb/player/_/id/11078/starling-marte,OF,37,12.162,,,2026 Active Roster,2026 Active Roster,Kansas City Royals Contracts,,,Free Agent,Free Agent,,1000000,0.41,1675000,1000000,,,2026,2026,2026,1,1000000,1000000,516782,KC,Active,true,https://www.spotrac.com/mlb/kansas-city-royals/cash/_/year/2026 | https://www.spotrac.com/mlb/kansas-city-royals/contracts | https://www.spotrac.com/mlb/kansas-city-royals/tax/_/year/2026,,
2026-07-08T14:16:26+00:00,2026,KC,Kansas City Royals,kansas-city-royals,Stephen Kolek,stephenkolek,https://www.spotrac.com/mlb/player/_/id/27326/stephen-kolek,SP,29,1.099,,,2026 Personal Leave,2026 Personal Leave,Kansas City Royals Contracts,,,Pre-Arbitration,Pre-Arbitration,,784770,,784770,784770,,,2026,2026,2026,1,793250,793250,663568,KC,Family Medical Emergency,true,https://www.spotrac.com/mlb/kansas-city-royals/cash/_/year/2026 | https://www.spotrac.com/mlb/kansas-city-royals/contracts | https://www.spotrac.com/mlb/kansas-city-royals/tax/_/year/2026,,
2026-07-08T14:16:26+00:00,2026,KC,Kansas City Royals,kansas-city-royals,Steven Cruz,stevencruz,https://www.spotrac.com/mlb/player/_/id/85966/steven-cruz,RP,27,1.057,,,2026 Active Roster,2026 Active Roster,Kansas City Royals Contracts,,,Pre-Arbitration,Pre-Arbitration,,625650,0.26,625650,625650,,,2026,2026,2026,1,780000,780000,674444,KC,Active,true,https://www.spotrac.com/mlb/kansas-city-royals/cash/_/year/2026 | https://www.spotrac.com/mlb/kansas-city-royals/contracts | https://www.spotrac.com/mlb/kansas-city-royals/tax/_/year/2026,,
2026-07-08T14:16:26+00:00,2026,KC,Kansas City Royals,kansas-city-royals,Steven Zobac,stevenzobac,https://www.spotrac.com/mlb/player/_/id/78708/steven-zobac,SP,,,,,2026 Minor,,,,,Pre-Arbitration,,,,,,,,,,,,,,,686632,KC,Reassigned to Minors,true,https://www.spotrac.com/mlb/kansas-city-royals/tax/_/year/2026,missing_all_money_fields;not_found_on_cash_page;not_found_on_contracts_page,
2026-07-08T14:16:26+00:00,2026,KC,Kansas City Royals,kansas-city-royals,Tomas Rivas,tomasrivas,https://www.spotrac.com/mlb/player/_/id/105537/tomas-rivas,OF,16,,,,,2026 Signing Bonus,,,,,,,,,70000,,70000,,,,,,,,,,,false,https://www.spotrac.com/mlb/kansas-city-royals/cash/_/year/2026,not_found_on_tax_page;not_found_on_contracts_page,
2026-07-08T14:16:26+00:00,2026,KC,Kansas City Royals,kansas-city-royals,Tyler Tolbert,tylertolbert,https://www.spotrac.com/mlb/player/_/id/31363/tyler-tolbert,SS,28,0.144,,,2026 Active Roster,2026 Active Roster,Kansas City Royals Contracts,,,Pre-Arbitration,Pre-Arbitration,,644798,0.26,644798,644798,,,2026,2026,2026,1,783000,783000,686475,KC,Active,true,https://www.spotrac.com/mlb/kansas-city-royals/cash/_/year/2026 | https://www.spotrac.com/mlb/kansas-city-royals/contracts | https://www.spotrac.com/mlb/kansas-city-royals/tax/_/year/2026,,
2026-07-08T14:16:26+00:00,2026,KC,Kansas City Royals,kansas-city-royals,Vinnie Pasquantino,vinniepasquantino,https://www.spotrac.com/mlb/player/_/id/31274/vinnie-pasquantino,1B,28,3.101,,,2026 Injured List,2026 Injured List,Kansas City Royals Contracts,,,Extension Arbitration,Extension Arbitration,,5550000,2.27,4200000,4200000,,,2026,2026,2027,2,11100000,5550000,686469,KC,Injured 10-Day,true,https://www.spotrac.com/mlb/kansas-city-royals/cash/_/year/2026 | https://www.spotrac.com/mlb/kansas-city-royals/contracts | https://www.spotrac.com/mlb/kansas-city-royals/tax/_/year/2026,,
2026-07-08T14:16:26+00:00,2026,LAA,Los Angeles Angels,los-angeles-angels,Adam Frazier,adamfrazier,https://www.spotrac.com/mlb/player/_/id/20301/adam-frazier,2B,34,9.075,,,2026 Injured List,2026 Injured List,Los Angeles Angels Contracts,,,Free Agent,Free Agent,,1750000,0.72,1750000,1750000,,,2026,2026,2026,1,1750000,1750000,624428,LAA,Injured 10-Day,true,https://www.spotrac.com/mlb/los-angeles-angels/cash/_/year/2026 | https://www.spotrac.com/mlb/los-angeles-angels/contracts | https://www.spotrac.com/mlb/los-angeles-angels/tax/_/year/2026,,
2026-07-08T14:16:26+00:00,2026,LAA,Los Angeles Angels,los-angeles-angels,Alek Manoah,alekmanoah,https://www.spotrac.com/mlb/player/_/id/30409/alek-manoah,SP,28,4.063,,,2026 Minor,2026 Minor,,,,Free Agent,,,1950000,,1950000,1950000,,,,,,,,,,,,false,https://www.spotrac.com/mlb/los-angeles-angels/cash/_/year/2026 | https://www.spotrac.com/mlb/los-angeles-angels/tax/_/year/2026,not_found_on_contracts_page,
2026-07-08T14:16:26+00:00,2026,LAA,Los Angeles Angels,los-angeles-angels,Alexander Garcia,alexandergarcia,https://www.spotrac.com/mlb/player/_/id/105865/alexander-garcia,P,17,,,,,2026 Signing Bonus,,,,,,,,,250000,,250000,,,,,,,,,,,false,https://www.spotrac.com/mlb/los-angeles-angels/cash/_/year/2026,not_found_on_tax_page;not_found_on_contracts_page,
2026-07-08T14:16:26+00:00,2026,LAA,Los Angeles Angels,los-angeles-angels,Anderson Encarnacion,andersonencarnacion,https://www.spotrac.com/mlb/player/_/id/105864/anderson-encarnacion,P,17,,,,,2026 Signing Bonus,,,,,,,,,300000,,300000,,,,,,,,,,,false,https://www.spotrac.com/mlb/los-angeles-angels/cash/_/year/2026,not_found_on_tax_page;not_found_on_contracts_page,
2026-07-08T14:16:26+00:00,2026,LAA,Los Angeles Angels,los-angeles-angels,Anderson Rodriguez,andersonrodriguez,https://www.spotrac.com/mlb/player/_/id/105411/anderson-rodriguez,OF,17,,,,,2026 Signing Bonus,,,,,,,,,625000,,625000,,,,,,,,,,,false,https://www.spotrac.com/mlb/los-angeles-angels/cash/_/year/2026,not_found_on_tax_page;not_found_on_contracts_page,
2026-07-08T14:16:26+00:00,2026,LAA,Los Angeles Angels,los-angeles-angels,Anthony Rendon,anthonyrendon,https://www.spotrac.com/mlb/player/_/id/11447/anthony-rendon,3B,29,12.130,,,2026 Injured List,,Los Angeles Angels Contracts,,,Free Agent,Free Agent,,35571429,,,,,,2020,2020,2026,7,245000000,35000000,543685,LAA,Injured 60-Day,true,https://www.spotrac.com/mlb/los-angeles-angels/contracts | https://www.spotrac.com/mlb/los-angeles-angels/tax/_/year/2026,not_found_on_cash_page,
2026-07-08T14:16:26+00:00,2026,LAA,Los Angeles Angels,los-angeles-angels,Ben Joyce,benjoyce,https://www.spotrac.com/mlb/player/_/id/78677/ben-joyce,RP,25,2.075,,,2026 Injured List,2026 Injured List,Los Angeles Angels Contracts,,,Pre-Arbitration,Pre-Arbitration,,810000,,810000,810000,,,2026,2026,2026,1,810000,810000,690829,LAA,Injured 60-Day,true,https://www.spotrac.com/mlb/los-angeles-angels/cash/_/year/2026 | https://www.spotrac.com/mlb/los-angeles-angels/contracts | https://www.spotrac.com/mlb/los-angeles-angels/tax/_/year/2026,,
2026-07-08T14:16:26+00:00,2026,LAA,Los Angeles Angels,los-angeles-angels,Brent Suter,brentsuter,https://www.spotrac.com/mlb/player/_/id/20985/brent-suter,RP,36,8.161,,,2026 Active Roster,2026 Active Roster,Los Angeles Angels Contracts,,,Free Agent,Free Agent,,1250000,0.51,1250000,1250000,,,2026,2026,2026,1,1250000,1250000,608718,LAA,Active,true,https://www.spotrac.com/mlb/los-angeles-angels/cash/_/year/2026 | https://www.spotrac.com/mlb/los-angeles-angels/contracts | https://www.spotrac.com/mlb/los-angeles-angels/tax/_/year/2026,,
2026-07-08T14:16:26+00:00,2026,LAA,Los Angeles Angels,los-angeles-angels,Brett Kerry,brettkerry,https://www.spotrac.com/mlb/player/_/id/73403/brett-kerry,RP,27,,,,2026 Minor,2026 Minor,,,,Pre-Arbitration,,,12513,0.01,12513,12513,,,,,,,,,695049,LAA,Reassigned to Minors,true,https://www.spotrac.com/mlb/los-angeles-angels/cash/_/year/2026 | https://www.spotrac.com/mlb/los-angeles-angels/tax/_/year/2026,not_found_on_contracts_page,
2026-07-08T14:16:26+00:00,2026,LAA,Los Angeles Angels,los-angeles-angels,Bryce Teodosio,bryceteodosio,https://www.spotrac.com/mlb/player/_/id/85722/bryce-teodosio,OF,27,0.081,,,2026 Minor,2026 Minor,,,,Pre-Arbitration,,,223925,0.09,223925,223925,,,,,,,,,669326,LAA,Reassigned to Minors,true,https://www.spotrac.com/mlb/los-angeles-angels/cash/_/year/2026 | https://www.spotrac.com/mlb/los-angeles-angels/tax/_/year/2026,not_found_on_contracts_page,
2026-07-08T14:16:26+00:00,2026,LAA,Los Angeles Angels,los-angeles-angels,Caden Dana,cadendana,https://www.spotrac.com/mlb/player/_/id/78682/caden-dana,SP,,0.060,,,2026 Minor,,,,,Pre-Arbitration,,,,,,,,,,,,,,,702674,LAA,Reassigned to Minors,true,https://www.spotrac.com/mlb/los-angeles-angels/tax/_/year/2026,missing_all_money_fields;not_found_on_cash_page;not_found_on_contracts_page,
2026-07-08T14:16:26+00:00,2026,LAA,Los Angeles Angels,los-angeles-angels,Carlos Castillo,carloscastillo,https://www.spotrac.com/mlb/player/_/id/105410/carlos-castillo,OF,17,,,,,2026 Signing Bonus,,,,,,,,,1000000,,1000000,,,,,,,,,,,false,https://www.spotrac.com/mlb/los-angeles-angels/cash/_/year/2026,not_found_on_tax_page;not_found_on_contracts_page,
2026-07-08T14:16:26+00:00,2026,LAA,Los Angeles Angels,los-angeles-angels,Chase Silseth,chasesilseth,https://www.spotrac.com/mlb/player/_/id/77835/chase-silseth,RP,26,1.105,,,2026 Active Roster,2026 Active Roster,Los Angeles Angels Contracts,,,Pre-Arbitration,Pre-Arbitration,,800000,0.33,800000,800000,,,2026,2026,2026,1,800000,800000,681217,LAA,Active,true,https://www.spotrac.com/mlb/los-angeles-angels/cash/_/year/2026 | https://www.spotrac.com/mlb/los-angeles-angels/contracts | https://www.spotrac.com/mlb/los-angeles-angels/tax/_/year/2026,,
2026-07-08T14:16:26+00:00,2026,LAA,Los Angeles Angels,los-angeles-angels,Christian Moore,christianmoore,https://www.spotrac.com/mlb/player/_/id/94545/christian-moore,2B,23,0.096,,,2026 Minor,2026 Minor,,,,Pre-Arbitration,,,37539,0.02,37539,37539,,,,,,,,,695681,LAA,Reassigned to Minors,true,https://www.spotrac.com/mlb/los-angeles-angels/cash/_/year/2026 | https://www.spotrac.com/mlb/los-angeles-angels/tax/_/year/2026,not_found_on_contracts_page,
2026-07-08T14:16:26+00:00,2026,LAA,Los Angeles Angels,los-angeles-angels,David Manzueta,davidmanzueta,https://www.spotrac.com/mlb/player/_/id/105809/david-manzueta,SS,17,,,,,2026 Signing Bonus,,,,,,,,,230000,,230000,,,,,,,,,,,false,https://www.spotrac.com/mlb/los-angeles-angels/cash/_/year/2026,not_found_on_tax_page;not_found_on_contracts_page,
2026-07-08T14:16:26+00:00,2026,LAA,Los Angeles Angels,los-angeles-angels,Denzer Guzman,denzerguzman,https://www.spotrac.com/mlb/player/_/id/71228/denzer-guzman,SS,22,0.016,,,2026 Active Roster,2026 Active Roster,Los Angeles Angels Contracts,,,Pre-Arbitration,Pre-Arbitration,,462981,0.19,462981,462981,,,2026,2026,2026,1,780000,780000,694203,LAA,Active,true,https://www.spotrac.com/mlb/los-angeles-angels/cash/_/year/2026 | https://www.spotrac.com/mlb/los-angeles-angels/contracts | https://www.spotrac.com/mlb/los-angeles-angels/tax/_/year/2026,,
2026-07-08T14:16:26+00:00,2026,LAA,Los Angeles Angels,los-angeles-angels,Donnie Walton,donniewalton,https://www.spotrac.com/mlb/player/_/id/20767/donnie-walton,SS,32,1.048,,,2026 Active Roster,2026 Active Roster,Los Angeles Angels Contracts,,,Free Agent,Free Agent,,533888,0.22,533888,533888,,,2026,2026,2026,1,780000,780000,,,,false,https://www.spotrac.com/mlb/los-angeles-angels/cash/_/year/2026 | https://www.spotrac.com/mlb/los-angeles-angels/contracts | https://www.spotrac.com/mlb/los-angeles-angels/tax/_/year/2026,,
2026-07-08T14:16:26+00:00,2026,LAA,Los Angeles Angels,los-angeles-angels,Drew Pomeranz,drewpomeranz,https://www.spotrac.com/mlb/player/_/id/8709/drew-pomeranz,RP,37,12.008,,,2026 Dead Money,2026 Dead Money,,,,,,,4000000,1.64,4000000,4000000,,,,,,,,,519141,CHC,Active,true_other_team,https://www.spotrac.com/mlb/los-angeles-angels/cash/_/year/2026 | https://www.spotrac.com/mlb/los-angeles-angels/tax/_/year/2026,not_found_on_contracts_page,
2026-07-08T14:16:26+00:00,2026,LAA,Los Angeles Angels,los-angeles-angels,George Klassen,georgeklassen,https://www.spotrac.com/mlb/player/_/id/84937/george-klassen,SP,24,,,,2026 Minor,2026 Minor,,,,Pre-Arbitration,,,29197,0.01,29197,29197,,,,,,,,,691946,LAA,Reassigned to Minors,true,https://www.spotrac.com/mlb/los-angeles-angels/cash/_/year/2026 | https://www.spotrac.com/mlb/los-angeles-angels/tax/_/year/2026,not_found_on_contracts_page,
2026-07-08T14:16:26+00:00,2026,LAA,Los Angeles Angels,los-angeles-angels,Grayson Rodriguez,graysonrodriguez,https://www.spotrac.com/mlb/player/_/id/26034/grayson-rodriguez,SP,26,2.129,,,2026 Injured List,2026 Injured List,Los Angeles Angels Contracts,,,Pre-Arbitration,Pre-Arbitration,,810000,0.33,810000,810000,,,2026,2026,2026,1,810000,810000,680570,LAA,Injured 15-Day,true,https://www.spotrac.com/mlb/los-angeles-angels/cash/_/year/2026 | https://www.spotrac.com/mlb/los-angeles-angels/contracts | https://www.spotrac.com/mlb/los-angeles-angels/tax/_/year/2026,,
2026-07-08T14:16:26+00:00,2026,LAA,Los Angeles Angels,los-angeles-angels,Gustavo Campero,gustavocampero,https://www.spotrac.com/mlb/player/_/id/95578/gustavo-campero,OF,28,0.158,,,2026 Injured List,2026 Injured List,Los Angeles Angels Contracts,,,Pre-Arbitration,Pre-Arbitration,,471323,0.19,471323,471323,,,2026,2026,2026,1,780000,780000,672569,LAA,Injured 10-Day,true,https://www.spotrac.com/mlb/los-angeles-angels/cash/_/year/2026 | https://www.spotrac.com/mlb/los-angeles-angels/contracts | https://www.spotrac.com/mlb/los-angeles-angels/tax/_/year/2026,,
2026-07-08T14:16:26+00:00,2026,LAA,Los Angeles Angels,los-angeles-angels,Hollis Watson,holliswatson,https://www.spotrac.com/mlb/player/_/id/105416/hollis-watson,P,21,,,,,2026 Signing Bonus,,,,,,,,,25000,,25000,,,,,,,,,,,false,https://www.spotrac.com/mlb/los-angeles-angels/cash/_/year/2026,not_found_on_tax_page;not_found_on_contracts_page,
2026-07-08T14:16:26+00:00,2026,LAA,Los Angeles Angels,los-angeles-angels,Jack Kochanowicz,jackkochanowicz,https://www.spotrac.com/mlb/player/_/id/30491/jack-kochanowicz,SP,25,1.012,,,2026 Injured List,2026 Injured List,Los Angeles Angels Contracts,,,Pre-Arbitration,Pre-Arbitration,,800000,,800000,800000,,,2026,2026,2026,1,800000,800000,686799,LAA,Injured 60-Day,true,https://www.spotrac.com/mlb/los-angeles-angels/cash/_/year/2026 | https://www.spotrac.com/mlb/los-angeles-angels/contracts | https://www.spotrac.com/mlb/los-angeles-angels/tax/_/year/2026,,
2026-07-08T14:16:26+00:00,2026,LAA,Los Angeles Angels,los-angeles-angels,Jayvien Sandridge,jayviensandridge,https://www.spotrac.com/mlb/player/_/id/26747/jayvien-sandridge,RP,27,0.005,,,2026 Dead Money,2026 Dead Money,,,,,,,2733,0.00,2733,2733,,,,,,,,,,,,false,https://www.spotrac.com/mlb/los-angeles-angels/cash/_/year/2026 | https://www.spotrac.com/mlb/los-angeles-angels/tax/_/year/2026,not_found_on_contracts_page,
2026-07-08T14:16:26+00:00,2026,LAA,Los Angeles Angels,los-angeles-angels,Jeimer Candelario,jeimercandelario,https://www.spotrac.com/mlb/player/_/id/18370/jeimer-candelario,3B,32,7.133,,,2026 Minor,2026 Minor,,,,Free Agent,,,71290,,780000,71290,,,,,,,,,,,,false,https://www.spotrac.com/mlb/los-angeles-angels/cash/_/year/2026 | https://www.spotrac.com/mlb/los-angeles-angels/tax/_/year/2026,not_found_on_contracts_page,
2026-07-08T14:16:26+00:00,2026,LAA,Los Angeles Angels,los-angeles-angels,Jeyson Horton,jeysonhorton,https://www.spotrac.com/mlb/player/_/id/105409/jeyson-horton,SS,17,,,,,2026 Signing Bonus,,,,,,,,,2000000,,2000000,,,,,,,,,,,false,https://www.spotrac.com/mlb/los-angeles-angels/cash/_/year/2026,not_found_on_tax_page;not_found_on_contracts_page,
2026-07-08T14:16:26+00:00,2026,LAA,Los Angeles Angels,los-angeles-angels,Jo Adell,joadell,https://www.spotrac.com/mlb/player/_/id/23219/jo-adell,RF,27,4.085,,,2026 Active Roster,2026 Active Roster,Los Angeles Angels Contracts,,,Arbitration 2,Arbitration,,5200000,2.13,5200000,5200000,,,2026,2026,2026,1,5200000,5200000,666176,LAA,Active,true,https://www.spotrac.com/mlb/los-angeles-angels/cash/_/year/2026 | https://www.spotrac.com/mlb/los-angeles-angels/contracts | https://www.spotrac.com/mlb/los-angeles-angels/tax/_/year/2026,,
2026-07-08T14:16:26+00:00,2026,LAA,Los Angeles Angels,los-angeles-angels,Joey Lucchesi,joeylucchesi,https://www.spotrac.com/mlb/player/_/id/20009/joey-lucchesi,RP,33,5.047,,,2026 Minor,2026 Minor,,,,Free Agent,,,24063,,24063,24063,,,,,,,,,,,,false,https://www.spotrac.com/mlb/los-angeles-angels/cash/_/year/2026 | https://www.spotrac.com/mlb/los-angeles-angels/tax/_/year/2026,not_found_on_contracts_page,
2026-07-08T14:16:26+00:00,2026,LAA,Los Angeles Angels,los-angeles-angels,Jordan Romano,jordanromano,https://www.spotrac.com/mlb/player/_/id/28249/jordan-romano,RP,33,6.051,,,2026 Retained,2026 Retained,,,,Retained,,,2000000,,2000000,2000000,,,,,,,,,605447,COL,Active,true_other_team,https://www.spotrac.com/mlb/los-angeles-angels/cash/_/year/2026 | https://www.spotrac.com/mlb/los-angeles-angels/tax/_/year/2026,not_found_on_contracts_page,
2026-07-08T14:16:26+00:00,2026,LAA,Los Angeles Angels,los-angeles-angels,Jorge Soler,jorgesoler,https://www.spotrac.com/mlb/player/_/id/10723/jorge-soler,RF,34,10.143,,,2026 Active Roster,2026 Active Roster,Los Angeles Angels Contracts,,,Free Agent,Free Agent,,12131035,4.97,13000000,13000000,,,2024,2024,2026,3,42000000,14000000,624585,LAA,Active,true,https://www.spotrac.com/mlb/los-angeles-angels/cash/_/year/2026 | https://www.spotrac.com/mlb/los-angeles-angels/contracts | https://www.spotrac.com/mlb/los-angeles-angels/tax/_/year/2026,,
2026-07-08T14:16:26+00:00,2026,LAA,Los Angeles Angels,los-angeles-angels,Jose Fermin,josefermin,https://www.spotrac.com/mlb/player/_/id/98299/jose-fermin,RP,24,0.117,,,2026 Active Roster,2026 Active Roster,Los Angeles Angels Contracts,,,Pre-Arbitration,Pre-Arbitration,,588111,0.24,588111,588111,,,2026,2026,2026,1,780000,780000,820862,LAA,Active,true,https://www.spotrac.com/mlb/los-angeles-angels/cash/_/year/2026 | https://www.spotrac.com/mlb/los-angeles-angels/contracts | https://www.spotrac.com/mlb/los-angeles-angels/tax/_/year/2026,,
2026-07-08T14:16:26+00:00,2026,LAA,Los Angeles Angels,los-angeles-angels,Jose Siri,josesiri,https://www.spotrac.com/mlb/player/_/id/24573/jose-siri,CF,30,4.015,,,2026 Active Roster,2026 Active Roster,Los Angeles Angels Contracts,,,Free Agent,Free Agent,,1146524,0.47,1146524,1146524,,,2026,2026,2026,1,1600000,1600000,642350,LAA,Active,true,https://www.spotrac.com/mlb/los-angeles-angels/cash/_/year/2026 | https://www.spotrac.com/mlb/los-angeles-angels/contracts | https://www.spotrac.com/mlb/los-angeles-angels/tax/_/year/2026,,
2026-07-08T14:16:26+00:00,2026,LAA,Los Angeles Angels,los-angeles-angels,Jose Soriano,josesoriano,https://www.spotrac.com/mlb/player/_/id/18828/jose-soriano,SP,27,3.121,,,2026 Active Roster,2026 Active Roster,Los Angeles Angels Contracts,,,Arbitration 1,Arbitration,,2900000,1.19,2900000,2900000,,,2026,2026,2026,1,2900000,2900000,667755,LAA,Active,true,https://www.spotrac.com/mlb/los-angeles-angels/cash/_/year/2026 | https://www.spotrac.com/mlb/los-angeles-angels/contracts | https://www.spotrac.com/mlb/los-angeles-angels/tax/_/year/2026,,
2026-07-08T14:16:26+00:00,2026,LAA,Los Angeles Angels,los-angeles-angels,Josh Lowe,joshlowe,https://www.spotrac.com/mlb/player/_/id/20152/josh-lowe,LF,28,3.093,,,2026 Active Roster,2026 Active Roster,Los Angeles Angels Contracts,,,Arbitration 1,Arbitration,,2600000,1.07,2600000,2600000,,,2026,2026,2026,1,2600000,2600000,666139,LAA,Active,true,https://www.spotrac.com/mlb/los-angeles-angels/cash/_/year/2026 | https://www.spotrac.com/mlb/los-angeles-angels/contracts | https://www.spotrac.com/mlb/los-angeles-angels/tax/_/year/2026,,
2026-07-08T14:16:26+00:00,2026,LAA,Los Angeles Angels,los-angeles-angels,Juan Cespedes,juancespedes,https://www.spotrac.com/mlb/player/_/id/105415/juan-cespedes,SS,17,,,,,2026 Signing Bonus,,,,,,,,,250000,,250000,,,,,,,,,,,false,https://www.spotrac.com/mlb/los-angeles-angels/cash/_/year/2026,not_found_on_tax_page;not_found_on_contracts_page,
2026-07-08T14:16:26+00:00,2026,LAA,Los Angeles Angels,los-angeles-angels,Kendri Fana,kendrifana,https://www.spotrac.com/mlb/player/_/id/105412/kendri-fana,P,17,,,,,2026 Signing Bonus,,,,,,,,,530000,,530000,,,,,,,,,,,false,https://www.spotrac.com/mlb/los-angeles-angels/cash/_/year/2026,not_found_on_tax_page;not_found_on_contracts_page,
2026-07-08T14:16:26+00:00,2026,LAA,Los Angeles Angels,los-angeles-angels,Kirby Yates,kirbyyates,https://www.spotrac.com/mlb/player/_/id/15678/kirby-yates,RP,39,11.021,,,2026 Active Roster,2026 Active Roster,Los Angeles Angels Contracts,,,Free Agent,Free Agent,,5000000,2.05,5000000,5000000,,,2026,2026,2026,1,5000000,5000000,489446,LAA,Active,true,https://www.spotrac.com/mlb/los-angeles-angels/cash/_/year/2026 | https://www.spotrac.com/mlb/los-angeles-angels/contracts | https://www.spotrac.com/mlb/los-angeles-angels/tax/_/year/2026,,
2026-07-08T14:16:26+00:00,2026,LAA,Los Angeles Angels,los-angeles-angels,Kyren Paris,kyrenparis,https://www.spotrac.com/mlb/player/_/id/30453/kyren-paris,SS,,0.124,,,2026 Minor,,,,,Pre-Arbitration,,,,,,,,,,,,,,,677347,LAA,Reassigned to Minors,true,https://www.spotrac.com/mlb/los-angeles-angels/tax/_/year/2026,missing_all_money_fields;not_found_on_cash_page;not_found_on_contracts_page,
2026-07-08T14:16:26+00:00,2026,LAA,Los Angeles Angels,los-angeles-angels,Logan O'Hoppe,loganohoppe,https://www.spotrac.com/mlb/player/_/id/26395/logan-ohoppe,C,26,3.008,,,2026 Active Roster,2026 Active Roster,Los Angeles Angels Contracts,,,Arbitration 1,Arbitration,,2625000,1.08,2625000,2625000,,,2026,2026,2026,1,2625000,2625000,681351,LAA,Active,true,https://www.spotrac.com/mlb/los-angeles-angels/cash/_/year/2026 | https://www.spotrac.com/mlb/los-angeles-angels/contracts | https://www.spotrac.com/mlb/los-angeles-angels/tax/_/year/2026,,
2026-07-08T14:16:26+00:00,2026,LAA,Los Angeles Angels,los-angeles-angels,Logan Porter,loganporter,https://www.spotrac.com/mlb/player/_/id/26820/logan-porter,C,30,0.021,,,2026 Minor,2026 Minor,,,,Pre-Arbitration,,,33368,0.01,33368,33368,,,,,,,,,682515,LAA,Reassigned to Minors,true,https://www.spotrac.com/mlb/los-angeles-angels/cash/_/year/2026 | https://www.spotrac.com/mlb/los-angeles-angels/tax/_/year/2026,not_found_on_contracts_page,
2026-07-08T14:16:26+00:00,2026,LAA,Los Angeles Angels,los-angeles-angels,Mike Trout,miketrout,https://www.spotrac.com/mlb/player/_/id/8553/mike-trout,CF,34,14.070,,,2026 Injured List,2026 Injured List,Los Angeles Angels Contracts,,,Extension,Extension,,35541667,14.57,35450000,35450000,,,2019,2019,2030,12,426500000,35541667,545361,LAA,Injured 10-Day,true,https://www.spotrac.com/mlb/los-angeles-angels/cash/_/year/2026 | https://www.spotrac.com/mlb/los-angeles-angels/contracts | https://www.spotrac.com/mlb/los-angeles-angels/tax/_/year/2026,,
2026-07-08T14:16:26+00:00,2026,LAA,Los Angeles Angels,los-angeles-angels,Mitch Farris,mitchfarris,https://www.spotrac.com/mlb/player/_/id/85171/mitch-farris,RP,25,0.028,,,2026 Active Roster,2026 Active Roster,Los Angeles Angels Contracts,,,Pre-Arbitration,Pre-Arbitration,,663189,0.27,663189,663189,,,2026,2026,2026,1,780000,780000,815083,LAA,Active,true,https://www.spotrac.com/mlb/los-angeles-angels/cash/_/year/2026 | https://www.spotrac.com/mlb/los-angeles-angels/contracts | https://www.spotrac.com/mlb/los-angeles-angels/tax/_/year/2026,,
2026-07-08T14:16:26+00:00,2026,LAA,Los Angeles Angels,los-angeles-angels,Nick Madrigal,nickmadrigal,https://www.spotrac.com/mlb/player/_/id/26027/nick-madrigal,2B,29,5.087,,,2026 Dead Money,2026 Dead Money,,,,,,,108446,0.04,108446,108446,,,,,,,,,,,,false,https://www.spotrac.com/mlb/los-angeles-angels/cash/_/year/2026 | https://www.spotrac.com/mlb/los-angeles-angels/tax/_/year/2026,not_found_on_contracts_page,
2026-07-08T14:16:26+00:00,2026,LAA,Los Angeles Angels,los-angeles-angels,Nick Sandlin,nicksandlin,https://www.spotrac.com/mlb/player/_/id/26091/nick-sandlin,RP,29,4.157,,,2026 Retained,2026 Retained,,,,Retained,,,176462,,176462,176462,,,,,,,,,,,,false,https://www.spotrac.com/mlb/los-angeles-angels/cash/_/year/2026 | https://www.spotrac.com/mlb/los-angeles-angels/tax/_/year/2026,not_found_on_contracts_page,
2026-07-08T14:16:26+00:00,2026,LAA,Los Angeles Angels,los-angeles-angels,Nolan Schanuel,nolanschanuel,https://www.spotrac.com/mlb/player/_/id/84780/nolan-schanuel,1B,24,2.045,,,2026 Active Roster,2026 Active Roster,Los Angeles Angels Contracts,,,Pre-Arbitration,Pre-Arbitration,,810000,0.33,810000,810000,,,2026,2026,2026,1,810000,810000,694384,LAA,Active,true,https://www.spotrac.com/mlb/los-angeles-angels/cash/_/year/2026 | https://www.spotrac.com/mlb/los-angeles-angels/contracts | https://www.spotrac.com/mlb/los-angeles-angels/tax/_/year/2026,,
2026-07-08T14:16:26+00:00,2026,LAA,Los Angeles Angels,los-angeles-angels,Omar Martinez,omarmartinez,https://www.spotrac.com/mlb/player/_/id/87916/omar-martinez,C,24,,,,2026 Minor,2026 Minor,,,,Free Agent,,,25026,,25026,25026,,,,,,,,,,,,false,https://www.spotrac.com/mlb/los-angeles-angels/cash/_/year/2026 | https://www.spotrac.com/mlb/los-angeles-angels/tax/_/year/2026,not_found_on_contracts_page,
2026-07-08T14:16:26+00:00,2026,LAA,Los Angeles Angels,los-angeles-angels,Oswald Peraza,oswaldperaza,https://www.spotrac.com/mlb/player/_/id/20715/oswald-peraza,2B,26,2.014,,,2026 Active Roster,2026 Active Roster,Los Angeles Angels Contracts,,,Pre-Arbitration,Pre-Arbitration,,810000,0.33,810000,810000,,,2026,2026,2026,1,810000,810000,672724,LAA,Active,true,https://www.spotrac.com/mlb/los-angeles-angels/cash/_/year/2026 | https://www.spotrac.com/mlb/los-angeles-angels/contracts | https://www.spotrac.com/mlb/los-angeles-angels/tax/_/year/2026,,
2026-07-08T14:16:26+00:00,2026,LAA,Los Angeles Angels,los-angeles-angels,Reid Detmers,reiddetmers,https://www.spotrac.com/mlb/player/_/id/48365/reid-detmers,SP,26,3.159,,,2026 Active Roster,2026 Active Roster,Los Angeles Angels Contracts,,,Arbitration 2,Arbitration,,2625000,1.08,2625000,2625000,,,2026,2026,2026,1,2625000,2625000,672282,LAA,Active,true,https://www.spotrac.com/mlb/los-angeles-angels/cash/_/year/2026 | https://www.spotrac.com/mlb/los-angeles-angels/contracts | https://www.spotrac.com/mlb/los-angeles-angels/tax/_/year/2026,,
2026-07-08T14:16:26+00:00,2026,LAA,Los Angeles Angels,los-angeles-angels,Robert Stephenson,robertstephenson,https://www.spotrac.com/mlb/player/_/id/14095/robert-stephenson,RP,33,8.049,,,2026 Injured List,2026 Injured List,Los Angeles Angels Contracts,,,Free Agent,Free Agent,,11000000,,11000000,11000000,,,2024,2024,2027,3,33000000,11000000,596112,LAA,Injured 60-Day,true,https://www.spotrac.com/mlb/los-angeles-angels/cash/_/year/2026 | https://www.spotrac.com/mlb/los-angeles-angels/contracts | https://www.spotrac.com/mlb/los-angeles-angels/tax/_/year/2026,,
2026-07-08T14:16:26+00:00,2026,LAA,Los Angeles Angels,los-angeles-angels,Ryan Johnson,ryanjohnson,https://www.spotrac.com/mlb/player/_/id/94617/ryan-johnson,SP,23,0.043,,,2026 Active Roster,2026 Active Roster,Los Angeles Angels Contracts,,,Pre-Arbitration,Pre-Arbitration,,667550,0.27,667550,667550,,,2026,2026,2026,1,790000,790000,696270,LAA,Active,true,https://www.spotrac.com/mlb/los-angeles-angels/cash/_/year/2026 | https://www.spotrac.com/mlb/los-angeles-angels/contracts | https://www.spotrac.com/mlb/los-angeles-angels/tax/_/year/2026,,
2026-07-08T14:16:26+00:00,2026,LAA,Los Angeles Angels,los-angeles-angels,Ryan Zeferjahn,ryanzeferjahn,https://www.spotrac.com/mlb/player/_/id/30506/ryan-zeferjahn,RP,28,1.038,,,2026 Active Roster,2026 Active Roster,Los Angeles Angels Contracts,,,Pre-Arbitration,Pre-Arbitration,,780000,0.32,780000,780000,,,2026,2026,2026,1,780000,780000,666171,LAA,Active,true,https://www.spotrac.com/mlb/los-angeles-angels/cash/_/year/2026 | https://www.spotrac.com/mlb/los-angeles-angels/contracts | https://www.spotrac.com/mlb/los-angeles-angels/tax/_/year/2026,,
2026-07-08T14:16:26+00:00,2026,LAA,Los Angeles Angels,los-angeles-angels,Sam Bachman,sambachman,https://www.spotrac.com/mlb/player/_/id/73271/sam-bachman,RP,26,1.149,,,2026 Active Roster,2026 Active Roster,Los Angeles Angels Contracts,,,Pre-Arbitration,Pre-Arbitration,,800000,0.33,800000,800000,,,2026,2026,2026,1,800000,800000,696147,LAA,Active,true,https://www.spotrac.com/mlb/los-angeles-angels/cash/_/year/2026 | https://www.spotrac.com/mlb/los-angeles-angels/contracts | https://www.spotrac.com/mlb/los-angeles-angels/tax/_/year/2026,,
2026-07-08T14:16:26+00:00,2026,LAA,Los Angeles Angels,los-angeles-angels,Samuel Aldegheri,samuelaldegheri,https://www.spotrac.com/mlb/player/_/id/86420/samuel-aldegheri,SP,24,0.047,,,2026 Minor,2026 Minor,,,,Pre-Arbitration,,,150156,0.06,150156,150156,,,,,,,,,,,,false,https://www.spotrac.com/mlb/los-angeles-angels/cash/_/year/2026 | https://www.spotrac.com/mlb/los-angeles-angels/tax/_/year/2026,not_found_on_contracts_page,
2026-07-08T14:16:26+00:00,2026,LAA,Los Angeles Angels,los-angeles-angels,Samy Natera Jr.,samynatera,https://www.spotrac.com/mlb/player/_/id/79118/samy-natera-jr,RP,26,,,,2026 Active Roster,2026 Active Roster,Los Angeles Angels Contracts,,,Pre-Arbitration,Pre-Arbitration,,475494,0.19,475494,475494,,,2026,2026,2026,1,780000,780000,696519,LAA,Active,true,https://www.spotrac.com/mlb/los-angeles-angels/cash/_/year/2026 | https://www.spotrac.com/mlb/los-angeles-angels/contracts | https://www.spotrac.com/mlb/los-angeles-angels/tax/_/year/2026,,
2026-07-08T14:16:26+00:00,2026,LAA,Los Angeles Angels,los-angeles-angels,Sebastian Rivero,sebastianrivero,https://www.spotrac.com/mlb/player/_/id/48747/sebastian-rivero,C,27,0.162,,,2026 Injured List,2026 Injured List,Los Angeles Angels Contracts,,,Free Agent,Free Agent,,642334,0.26,642334,642334,,,2026,2026,2026,1,780000,780000,665861,LAA,Injured 10-Day,true,https://www.spotrac.com/mlb/los-angeles-angels/cash/_/year/2026 | https://www.spotrac.com/mlb/los-angeles-angels/contracts | https://www.spotrac.com/mlb/los-angeles-angels/tax/_/year/2026,,
2026-07-08T14:16:26+00:00,2026,LAA,Los Angeles Angels,los-angeles-angels,Shaun Anderson,shaunanderson,https://www.spotrac.com/mlb/player/_/id/20675/shaun-anderson,RP,31,2.085,,,2026 Minor,2026 Minor,,,,Free Agent,,,128340,,128340,128340,,,,,,,,,,,,false,https://www.spotrac.com/mlb/los-angeles-angels/cash/_/year/2026 | https://www.spotrac.com/mlb/los-angeles-angels/tax/_/year/2026,not_found_on_contracts_page,
2026-07-08T14:16:26+00:00,2026,LAA,Los Angeles Angels,los-angeles-angels,Steuri Amancio,steuriamancio,https://www.spotrac.com/mlb/player/_/id/105798/steuri-amancio,P,17,,,,,2026 Signing Bonus,,,,,,,,,50000,,50000,,,,,,,,,,,false,https://www.spotrac.com/mlb/los-angeles-angels/cash/_/year/2026,not_found_on_tax_page;not_found_on_contracts_page,
2026-07-08T14:16:26+00:00,2026,LAA,Los Angeles Angels,los-angeles-angels,Tayler Saucedo,taylersaucedo,https://www.spotrac.com/mlb/player/_/id/73095/tayler-saucedo,RP,33,3.146,,,2026 Active Roster,2026 Active Roster,Los Angeles Angels Contracts,,,Free Agent,Free Agent,,502712,0.21,502712,502712,,,2026,2026,2026,1,1000000,1000000,642048,LAA,Active,true,https://www.spotrac.com/mlb/los-angeles-angels/cash/_/year/2026 | https://www.spotrac.com/mlb/los-angeles-angels/contracts | https://www.spotrac.com/mlb/los-angeles-angels/tax/_/year/2026,,
2026-07-08T14:16:26+00:00,2026,LAA,Los Angeles Angels,los-angeles-angels,Travis d'Arnaud,travisdarnaud,https://www.spotrac.com/mlb/player/_/id/11720/travis-darnaud,C,37,12.044,,,2026 Injured List,2026 Injured List,Los Angeles Angels Contracts,,,Free Agent,Free Agent,,6000000,,6000000,6000000,,,2025,2025,2026,2,12000000,6000000,518595,LAA,Injured 60-Day,true,https://www.spotrac.com/mlb/los-angeles-angels/cash/_/year/2026 | https://www.spotrac.com/mlb/los-angeles-angels/contracts | https://www.spotrac.com/mlb/los-angeles-angels/tax/_/year/2026,,
2026-07-08T14:16:26+00:00,2026,LAA,Los Angeles Angels,los-angeles-angels,Trey Mancini,treymancini,https://www.spotrac.com/mlb/player/_/id/21070/trey-mancini,OF,34,6.141,,,2026 Dead Money,2026 Dead Money,,,,,,,48132,0.02,48132,48132,,,,,,,,,,,,false,https://www.spotrac.com/mlb/los-angeles-angels/cash/_/year/2026 | https://www.spotrac.com/mlb/los-angeles-angels/tax/_/year/2026,not_found_on_contracts_page,
2026-07-08T14:16:26+00:00,2026,LAA,Los Angeles Angels,los-angeles-angels,Tyler Heineman,tylerheineman,https://www.spotrac.com/mlb/player/_/id/14165/tyler-heineman,C,35,3.066,,,2026 Active Roster,2026 Active Roster,,,,Arbitration 1,,,675036,0.28,675036,675036,,,,,,,,,623168,LAA,Active,true,https://www.spotrac.com/mlb/los-angeles-angels/cash/_/year/2026 | https://www.spotrac.com/mlb/los-angeles-angels/tax/_/year/2026,not_found_on_contracts_page,
2026-07-08T14:16:26+00:00,2026,LAA,Los Angeles Angels,los-angeles-angels,Vaughn Grissom,vaughngrissom,https://www.spotrac.com/mlb/player/_/id/31292/vaughn-grissom,2B,25,1.086,,,2026 Active Roster,2026 Active Roster,Los Angeles Angels Contracts,,,Pre-Arbitration,Pre-Arbitration,,800000,0.33,800000,800000,,,2026,2026,2026,1,800000,800000,687093,LAA,Active,true,https://www.spotrac.com/mlb/los-angeles-angels/cash/_/year/2026 | https://www.spotrac.com/mlb/los-angeles-angels/contracts | https://www.spotrac.com/mlb/los-angeles-angels/tax/_/year/2026,,
2026-07-08T14:16:26+00:00,2026,LAA,Los Angeles Angels,los-angeles-angels,Victor Mederos,victormederos,https://www.spotrac.com/mlb/player/_/id/78760/victor-mederos,RP,25,0.101,,,2026 Dead Money,2026 Dead Money,,,,,,,14735,0.01,14735,14735,,,,,,,,,682989,ATL,Reassigned to Minors,true_other_team,https://www.spotrac.com/mlb/los-angeles-angels/cash/_/year/2026 | https://www.spotrac.com/mlb/los-angeles-angels/tax/_/year/2026,not_found_on_contracts_page,
2026-07-08T14:16:26+00:00,2026,LAA,Los Angeles Angels,los-angeles-angels,Wade Meckler,wademeckler,https://www.spotrac.com/mlb/player/_/id/78838/wade-meckler,OF,26,0.024,,,2026 Active Roster,2026 Active Roster,Los Angeles Angels Contracts,,,Pre-Arbitration,Pre-Arbitration,,533888,0.22,533888,533888,,,2026,2026,2026,1,780000,780000,685133,LAA,Active,true,https://www.spotrac.com/mlb/los-angeles-angels/cash/_/year/2026 | https://www.spotrac.com/mlb/los-angeles-angels/contracts | https://www.spotrac.com/mlb/los-angeles-angels/tax/_/year/2026,,
2026-07-08T14:16:26+00:00,2026,LAA,Los Angeles Angels,los-angeles-angels,Walbert Urena,walberturena,https://www.spotrac.com/mlb/player/_/id/87787/walbert-urena,SP,22,,,,2026 Active Roster,2026 Active Roster,Los Angeles Angels Contracts,,,Pre-Arbitration,Pre-Arbitration,,780000,0.32,780000,780000,,,2026,2026,2026,1,780000,780000,700712,LAA,Active,true,https://www.spotrac.com/mlb/los-angeles-angels/cash/_/year/2026 | https://www.spotrac.com/mlb/los-angeles-angels/contracts | https://www.spotrac.com/mlb/los-angeles-angels/tax/_/year/2026,,
2026-07-08T14:16:26+00:00,2026,LAA,Los Angeles Angels,los-angeles-angels,Yoan Moncada,yoanmoncada,https://www.spotrac.com/mlb/player/_/id/16234/yoan-moncada,3B,31,8.106,,,2026 Injured List,2026 Injured List,Los Angeles Angels Contracts,,,Free Agent,Free Agent,,4000000,,4000000,4000000,,,2026,2026,2026,1,4000000,4000000,660162,LAA,Injured 60-Day,true,https://www.spotrac.com/mlb/los-angeles-angels/cash/_/year/2026 | https://www.spotrac.com/mlb/los-angeles-angels/contracts | https://www.spotrac.com/mlb/los-angeles-angels/tax/_/year/2026,,
2026-07-08T14:16:26+00:00,2026,LAA,Los Angeles Angels,los-angeles-angels,Yonathan Aro,yonathanaro,https://www.spotrac.com/mlb/player/_/id/105413/yonathan-aro,C,17,,,,,2026 Signing Bonus,,,,,,,,,450000,,450000,,,,,,,,,,,false,https://www.spotrac.com/mlb/los-angeles-angels/cash/_/year/2026,not_found_on_tax_page;not_found_on_contracts_page,
2026-07-08T14:16:26+00:00,2026,LAA,Los Angeles Angels,los-angeles-angels,Yusei Kikuchi,yuseikikuchi,https://www.spotrac.com/mlb/player/_/id/28282/yusei-kikuchi,SP,35,7.000,,,2026 Injured List,2026 Injured List,Los Angeles Angels Contracts,,,Free Agent,Free Agent,,21225000,,21225000,21225000,,,2025,2025,2027,3,63675000,21225000,579328,LAA,Injured 60-Day,true,https://www.spotrac.com/mlb/los-angeles-angels/cash/_/year/2026 | https://www.spotrac.com/mlb/los-angeles-angels/contracts | https://www.spotrac.com/mlb/los-angeles-angels/tax/_/year/2026,,
2026-07-08T14:16:26+00:00,2026,LAA,Los Angeles Angels,los-angeles-angels,Zach Neto,zachneto,https://www.spotrac.com/mlb/player/_/id/78016/zach-neto,SS,25,2.170,,,2026 Active Roster,2026 Active Roster,Los Angeles Angels Contracts,,,Arbitration 1 Super Two,Arbitration,,4150000,1.70,4150000,4150000,,,2026,2026,2026,1,4150000,4150000,687263,LAA,Active,true,https://www.spotrac.com/mlb/los-angeles-angels/cash/_/year/2026 | https://www.spotrac.com/mlb/los-angeles-angels/contracts | https://www.spotrac.com/mlb/los-angeles-angels/tax/_/year/2026,,
2026-07-08T14:16:26+00:00,2026,LAD,Los Angeles Dodgers,los-angeles-dodgers,Aaron Guzman,aaronguzman,https://www.spotrac.com/mlb/player/_/id/105805/aaron-guzman,C,17,,,,,2026 Signing Bonus,,,,,,,,,50000,,50000,,,,,,,,,,,false,https://www.spotrac.com/mlb/los-angeles-dodgers/cash/_/year/2026,not_found_on_tax_page;not_found_on_contracts_page,
2026-07-08T14:16:26+00:00,2026,LAD,Los Angeles Dodgers,los-angeles-dodgers,Adrian Del Cid,adriandelcid,https://www.spotrac.com/mlb/player/_/id/105774/adrian-del-cid,SS,17,,,,,2026 Signing Bonus,,,,,,,,,150000,,150000,,,,,,,,,,,false,https://www.spotrac.com/mlb/los-angeles-dodgers/cash/_/year/2026,not_found_on_tax_page;not_found_on_contracts_page,
2026-07-08T14:16:26+00:00,2026,LAD,Los Angeles Dodgers,los-angeles-dodgers,Alek Thomas,alekthomas,https://www.spotrac.com/mlb/player/_/id/26086/alek-thomas,CF,26,3.103,,,2026 Minor,2026 Minor,,,,Arbitration 1,,,1448310,0.59,1448310,1448310,,,,,,,,,677950,LAD,Reassigned to Minors,true,https://www.spotrac.com/mlb/los-angeles-dodgers/cash/_/year/2026 | https://www.spotrac.com/mlb/los-angeles-dodgers/tax/_/year/2026,not_found_on_contracts_page,
2026-07-08T14:16:26+00:00,2026,LAD,Los Angeles Dodgers,los-angeles-dodgers,Alex Call,alexcall,https://www.spotrac.com/mlb/player/_/id/20117/alex-call,LF,31,2.161,,,2026 Active Roster,2026 Active Roster,Los Angeles Dodgers Contracts,,,Arbitration 1 Super Two,Arbitration,,1600000,0.66,1600000,1600000,,,2026,2026,2026,1,1600000,1600000,669743,LAD,Active,true,https://www.spotrac.com/mlb/los-angeles-dodgers/cash/_/year/2026 | https://www.spotrac.com/mlb/los-angeles-dodgers/contracts | https://www.spotrac.com/mlb/los-angeles-dodgers/tax/_/year/2026,,
2026-07-08T14:16:26+00:00,2026,LAD,Los Angeles Dodgers,los-angeles-dodgers,Alex Freeland,alexfreeland,https://www.spotrac.com/mlb/player/_/id/78701/alex-freeland,2B,24,0.038,,,2026 Active Roster,2026 Active Roster,,,,Pre-Arbitration,,,715464,0.29,715464,715464,,,,,,,,,690976,LAD,Active,true,https://www.spotrac.com/mlb/los-angeles-dodgers/cash/_/year/2026 | https://www.spotrac.com/mlb/los-angeles-dodgers/tax/_/year/2026,not_found_on_contracts_page,
2026-07-08T14:16:26+00:00,2026,LAD,Los Angeles Dodgers,los-angeles-dodgers,Alex Vesia,alexvesia,https://www.spotrac.com/mlb/player/_/id/26719/alex-vesia,RP,30,5.078,,,2026 Active Roster,2026 Active Roster,,,,Arbitration 2,,,3500000,1.43,3550000,3550000,,,,,,,,,681911,LAD,Active,true,https://www.spotrac.com/mlb/los-angeles-dodgers/cash/_/year/2026 | https://www.spotrac.com/mlb/los-angeles-dodgers/tax/_/year/2026,not_found_on_contracts_page,
2026-07-08T14:16:26+00:00,2026,LAD,Los Angeles Dodgers,los-angeles-dodgers,Andy Pages,andypages,https://www.spotrac.com/mlb/player/_/id/47305/andy-pages,CF,25,1.155,,,2026 Active Roster,2026 Active Roster,Los Angeles Dodgers Contracts,,,Pre-Arbitration,Pre-Arbitration,,800000,0.33,800000,800000,,,2026,2026,2026,1,800000,800000,681624,LAD,Active,true,https://www.spotrac.com/mlb/los-angeles-dodgers/cash/_/year/2026 | https://www.spotrac.com/mlb/los-angeles-dodgers/contracts | https://www.spotrac.com/mlb/los-angeles-dodgers/tax/_/year/2026,,
2026-07-08T14:16:26+00:00,2026,LAD,Los Angeles Dodgers,los-angeles-dodgers,Ariel Reynoso,arielreynoso,https://www.spotrac.com/mlb/player/_/id/105419/ariel-reynoso,SS,17,,,,,2026 Signing Bonus,,,,,,,,,600000,,600000,,,,,,,,,,,false,https://www.spotrac.com/mlb/los-angeles-dodgers/cash/_/year/2026,not_found_on_tax_page;not_found_on_contracts_page,
2026-07-08T14:16:26+00:00,2026,LAD,Los Angeles Dodgers,los-angeles-dodgers,Ben Casparius,bencasparius,https://www.spotrac.com/mlb/player/_/id/73424/ben-casparius,RP,27,1.016,,,2026 Injured List,2026 Injured List,Los Angeles Dodgers Contracts,,,Pre-Arbitration,Pre-Arbitration,,800000,,800000,800000,,,2026,2026,2026,1,800000,800000,676508,LAD,Injured 60-Day,true,https://www.spotrac.com/mlb/los-angeles-dodgers/cash/_/year/2026 | https://www.spotrac.com/mlb/los-angeles-dodgers/contracts | https://www.spotrac.com/mlb/los-angeles-dodgers/tax/_/year/2026,,
2026-07-08T14:16:26+00:00,2026,LAD,Los Angeles Dodgers,los-angeles-dodgers,Blake Snell,blakesnell,https://www.spotrac.com/mlb/player/_/id/18356/blake-snell,SP,33,9.072,,,2026 Injured List,2026 Injured List,Los Angeles Dodgers Contracts,,,Free Agent,Free Agent,,31306185,,12800000,12800000,,,2025,2025,2030,5,182000000,36400000,605483,LAD,Injured 60-Day,true,https://www.spotrac.com/mlb/los-angeles-dodgers/cash/_/year/2026 | https://www.spotrac.com/mlb/los-angeles-dodgers/contracts | https://www.spotrac.com/mlb/los-angeles-dodgers/tax/_/year/2026,,
2026-07-08T14:16:26+00:00,2026,LAD,Los Angeles Dodgers,los-angeles-dodgers,Blake Treinen,blaketreinen,https://www.spotrac.com/mlb/player/_/id/16022/blake-treinen,RP,38,11.065,,,2026 Injured List,2026 Injured List,Los Angeles Dodgers Contracts,,,Free Agent,Free Agent,,11000000,4.51,11000000,11000000,,,2025,2025,2026,2,22000000,11000000,595014,LAD,Injured 15-Day,true,https://www.spotrac.com/mlb/los-angeles-dodgers/cash/_/year/2026 | https://www.spotrac.com/mlb/los-angeles-dodgers/contracts | https://www.spotrac.com/mlb/los-angeles-dodgers/tax/_/year/2026,,
2026-07-08T14:16:26+00:00,2026,LAD,Los Angeles Dodgers,los-angeles-dodgers,Bobby Miller,bobbymiller,https://www.spotrac.com/mlb/player/_/id/48385/bobby-miller,RP,27,1.119,,,2026 Injured List,2026 Injured List,Los Angeles Dodgers Contracts,,,Pre-Arbitration,Pre-Arbitration,,800000,,800000,800000,,,2026,2026,2026,1,800000,800000,676272,LAD,Injured 60-Day,true,https://www.spotrac.com/mlb/los-angeles-dodgers/cash/_/year/2026 | https://www.spotrac.com/mlb/los-angeles-dodgers/contracts | https://www.spotrac.com/mlb/los-angeles-dodgers/tax/_/year/2026,,
2026-07-08T14:16:26+00:00,2026,LAD,Los Angeles Dodgers,los-angeles-dodgers,Brock Stewart,brockstewart,https://www.spotrac.com/mlb/player/_/id/20532/brock-stewart,RP,34,4.093,,,2026 Active Roster,2026 Active Roster,Los Angeles Dodgers Contracts,,,Arbitration 2,Arbitration,,1300000,0.53,1300000,1300000,,,2026,2026,2026,1,1300000,1300000,592779,LAD,Active,true,https://www.spotrac.com/mlb/los-angeles-dodgers/cash/_/year/2026 | https://www.spotrac.com/mlb/los-angeles-dodgers/contracts | https://www.spotrac.com/mlb/los-angeles-dodgers/tax/_/year/2026,,
2026-07-08T14:16:26+00:00,2026,LAD,Los Angeles Dodgers,los-angeles-dodgers,Brusdar Graterol,brusdargraterol,https://www.spotrac.com/mlb/player/_/id/29145/brusdar-graterol,RP,27,5.167,,,2026 Injured List,2026 Injured List,Los Angeles Dodgers Contracts,,,Arbitration 4,Arbitration,,2800000,,2800000,2800000,,,2026,2026,2026,1,2800000,2800000,660813,LAD,Injured 60-Day,true,https://www.spotrac.com/mlb/los-angeles-dodgers/cash/_/year/2026 | https://www.spotrac.com/mlb/los-angeles-dodgers/contracts | https://www.spotrac.com/mlb/los-angeles-dodgers/tax/_/year/2026,,
2026-07-08T14:16:26+00:00,2026,LAD,Los Angeles Dodgers,los-angeles-dodgers,Carlos Duran,carlosduran,https://www.spotrac.com/mlb/player/_/id/74919/carlos-duran,RP,,,,,2026 Minor,,,,,Free Agent,,,,,,,,,,,,,,,679922,LAD,Reassigned to Minors,true,https://www.spotrac.com/mlb/los-angeles-dodgers/tax/_/year/2026,missing_all_money_fields;not_found_on_cash_page;not_found_on_contracts_page,
2026-07-08T14:16:26+00:00,2026,LAD,Los Angeles Dodgers,los-angeles-dodgers,Charlie Barnes,charliebarnes,https://www.spotrac.com/mlb/player/_/id/23317/charlie-barnes,RP,30,0.037,,,2026 Minor,2026 Minor,,,,Free Agent,,,12513,0.01,12513,12513,,,,,,,,,656212,LAD,Reassigned to Minors,true,https://www.spotrac.com/mlb/los-angeles-dodgers/cash/_/year/2026 | https://www.spotrac.com/mlb/los-angeles-dodgers/tax/_/year/2026,not_found_on_contracts_page,
2026-07-08T14:16:26+00:00,2026,LAD,Los Angeles Dodgers,los-angeles-dodgers,Chayce McDermott,chaycemcdermott,https://www.spotrac.com/mlb/player/_/id/73592/chayce-mcdermott,RP,27,0.056,,,2026 Minor,2026 Minor,,,,Pre-Arbitration,,,12513,0.01,12513,12513,,,,,,,,,694646,LAD,Reassigned to Minors,true,https://www.spotrac.com/mlb/los-angeles-dodgers/cash/_/year/2026 | https://www.spotrac.com/mlb/los-angeles-dodgers/tax/_/year/2026,not_found_on_contracts_page,
2026-07-08T14:16:26+00:00,2026,LAD,Los Angeles Dodgers,los-angeles-dodgers,Chuckie Robinson,chuckierobinson,https://www.spotrac.com/mlb/player/_/id/74768/chuckie-robinson,C,31,0.152,,,2026 Minor,2026 Minor,,,,Free Agent,,,95933,,95933,95933,,,,,,,,,,,,false,https://www.spotrac.com/mlb/los-angeles-dodgers/cash/_/year/2026 | https://www.spotrac.com/mlb/los-angeles-dodgers/tax/_/year/2026,not_found_on_contracts_page,
2026-07-08T14:16:26+00:00,2026,LAD,Los Angeles Dodgers,los-angeles-dodgers,Dalton Rushing,daltonrushing,https://www.spotrac.com/mlb/player/_/id/78614/dalton-rushing,C,25,0.138,,,2026 Active Roster,2026 Active Roster,Los Angeles Dodgers Contracts,,,Pre-Arbitration,Pre-Arbitration,,790000,0.32,790000,790000,,,2026,2026,2026,1,790000,790000,687221,LAD,Active,true,https://www.spotrac.com/mlb/los-angeles-dodgers/cash/_/year/2026 | https://www.spotrac.com/mlb/los-angeles-dodgers/contracts | https://www.spotrac.com/mlb/los-angeles-dodgers/tax/_/year/2026,,
2026-07-08T14:16:26+00:00,2026,LAD,Los Angeles Dodgers,los-angeles-dodgers,Diego Paez,diegopaez,https://www.spotrac.com/mlb/player/_/id/105806/diego-paez,P,17,,,,,2026 Signing Bonus,,,,,,,,,145000,,145000,,,,,,,,,,,false,https://www.spotrac.com/mlb/los-angeles-dodgers/cash/_/year/2026,not_found_on_tax_page;not_found_on_contracts_page,
2026-07-08T14:16:26+00:00,2026,LAD,Los Angeles Dodgers,los-angeles-dodgers,Edgardo Henriquez,edgardohenriquez,https://www.spotrac.com/mlb/player/_/id/87816/edgardo-henriquez,RP,24,0.164,,,2026 Active Roster,2026 Active Roster,Los Angeles Dodgers Contracts,,,Pre-Arbitration,Pre-Arbitration,,790000,0.32,790000,790000,,,2026,2026,2026,1,790000,790000,683618,LAD,Active,true,https://www.spotrac.com/mlb/los-angeles-dodgers/cash/_/year/2026 | https://www.spotrac.com/mlb/los-angeles-dodgers/contracts | https://www.spotrac.com/mlb/los-angeles-dodgers/tax/_/year/2026,,
2026-07-08T14:16:26+00:00,2026,LAD,Los Angeles Dodgers,los-angeles-dodgers,Edwin Diaz,edwindiaz,https://www.spotrac.com/mlb/player/_/id/19906/edwin-diaz,RP,32,9.121,,,2026 Injured List,2026 Injured List,Los Angeles Dodgers Contracts,,,Free Agent,Free Agent,,21120000,,18500000,9500000,9000000,,2026,2026,2029,3,69000000,23000000,621242,LAD,Injured 60-Day,true,https://www.spotrac.com/mlb/los-angeles-dodgers/cash/_/year/2026 | https://www.spotrac.com/mlb/los-angeles-dodgers/contracts | https://www.spotrac.com/mlb/los-angeles-dodgers/tax/_/year/2026,,
2026-07-08T14:16:26+00:00,2026,LAD,Los Angeles Dodgers,los-angeles-dodgers,Eliezer Alfonzo,eliezeralfonzo,https://www.spotrac.com/mlb/player/_/id/86995/eliezer-alfonzo,C,26,,,,2026 Active Roster,2026 Active Roster,Los Angeles Dodgers Contracts,,,Pre-Arbitration,Pre-Arbitration,,354535,0.15,354535,354535,,,2026,2026,2026,1,780000,780000,672613,LAD,Active,true,https://www.spotrac.com/mlb/los-angeles-dodgers/cash/_/year/2026 | https://www.spotrac.com/mlb/los-angeles-dodgers/contracts | https://www.spotrac.com/mlb/los-angeles-dodgers/tax/_/year/2026,,
2026-07-08T14:16:26+00:00,2026,LAD,Los Angeles Dodgers,los-angeles-dodgers,Emmet Sheehan,emmetsheehan,https://www.spotrac.com/mlb/player/_/id/73454/emmet-sheehan,SP,26,2.080,,,2026 Active Roster,2026 Active Roster,Los Angeles Dodgers Contracts,,,Pre-Arbitration,Pre-Arbitration,,810000,0.33,810000,810000,,,2026,2026,2026,1,810000,810000,686218,LAD,Active,true,https://www.spotrac.com/mlb/los-angeles-dodgers/cash/_/year/2026 | https://www.spotrac.com/mlb/los-angeles-dodgers/contracts | https://www.spotrac.com/mlb/los-angeles-dodgers/tax/_/year/2026,,
2026-07-08T14:16:26+00:00,2026,LAD,Los Angeles Dodgers,los-angeles-dodgers,Enrique Hernandez,enriquehernandez,https://www.spotrac.com/mlb/player/_/id/15789/enrique-hernandez,OF,34,11.054,,,2026 Injured List,2026 Injured List,Los Angeles Dodgers Contracts,,,Free Agent,Free Agent,,4500000,1.84,4500000,4500000,,,2026,2026,2026,1,4500000,4500000,571771,LAD,Injured 10-Day,true,https://www.spotrac.com/mlb/los-angeles-dodgers/cash/_/year/2026 | https://www.spotrac.com/mlb/los-angeles-dodgers/contracts | https://www.spotrac.com/mlb/los-angeles-dodgers/tax/_/year/2026,,
2026-07-08T14:16:26+00:00,2026,LAD,Los Angeles Dodgers,los-angeles-dodgers,Eric Lauer,ericlauer,https://www.spotrac.com/mlb/player/_/id/19985/eric-lauer,SP,31,5.091,,,2026 Active Roster,2026 Active Roster,Los Angeles Dodgers Contracts,,,Arbitration 3,Arbitration,,3152886,1.29,3152886,3152886,,,2026,2026,2026,1,4400000,4400000,641778,LAD,Active,true,https://www.spotrac.com/mlb/los-angeles-dodgers/cash/_/year/2026 | https://www.spotrac.com/mlb/los-angeles-dodgers/contracts | https://www.spotrac.com/mlb/los-angeles-dodgers/tax/_/year/2026,,
2026-07-08T14:16:26+00:00,2026,LAD,Los Angeles Dodgers,los-angeles-dodgers,Evan Phillips,evanphillips,https://www.spotrac.com/mlb/player/_/id/27195/evan-phillips,RP,31,5.136,,,2026 Active Roster,2026 Active Roster,Los Angeles Dodgers Contracts,,,Free Agent,Free Agent,,6500000,2.66,6500000,6500000,,,2026,2026,2026,1,6500000,6500000,623465,LAD,Active,true,https://www.spotrac.com/mlb/los-angeles-dodgers/cash/_/year/2026 | https://www.spotrac.com/mlb/los-angeles-dodgers/contracts | https://www.spotrac.com/mlb/los-angeles-dodgers/tax/_/year/2026,,
2026-07-08T14:16:26+00:00,2026,LAD,Los Angeles Dodgers,los-angeles-dodgers,Ezequiel Melburne,ezequielmelburne,https://www.spotrac.com/mlb/player/_/id/105418/ezequiel-melburne,SS,17,,,,,2026 Signing Bonus,,,,,,,,,750000,,750000,,,,,,,,,,,false,https://www.spotrac.com/mlb/los-angeles-dodgers/cash/_/year/2026,not_found_on_tax_page;not_found_on_contracts_page,
2026-07-08T14:16:26+00:00,2026,LAD,Los Angeles Dodgers,los-angeles-dodgers,Fran-Jean Haseth,franjeanhaseth,https://www.spotrac.com/mlb/player/_/id/105849/fran-jean-haseth,OF,17,,,,,2026 Signing Bonus,,,,,,,,,180000,,180000,,,,,,,,,,,false,https://www.spotrac.com/mlb/los-angeles-dodgers/cash/_/year/2026,not_found_on_tax_page;not_found_on_contracts_page,
2026-07-08T14:16:26+00:00,2026,LAD,Los Angeles Dodgers,los-angeles-dodgers,Freddie Freeman,freddiefreeman,https://www.spotrac.com/mlb/player/_/id/7359/freddie-freeman,1B,36,15.033,,,2026 Active Roster,2026 Active Roster,Los Angeles Dodgers Contracts,,,Free Agent,Free Agent,,27000000,11.07,15000000,15000000,,,2022,2022,2027,6,162000000,27000000,518692,LAD,Active,true,https://www.spotrac.com/mlb/los-angeles-dodgers/cash/_/year/2026 | https://www.spotrac.com/mlb/los-angeles-dodgers/contracts | https://www.spotrac.com/mlb/los-angeles-dodgers/tax/_/year/2026,,
2026-07-08T14:16:26+00:00,2026,LAD,Los Angeles Dodgers,los-angeles-dodgers,Gavin Stone,gavinstone,https://www.spotrac.com/mlb/player/_/id/48515/gavin-stone,SP,27,2.034,,,2026 Injured List,2026 Injured List,Los Angeles Dodgers Contracts,,,Pre-Arbitration,Pre-Arbitration,,810000,,810000,810000,,,2026,2026,2026,1,810000,810000,694813,LAD,Injured 60-Day,true,https://www.spotrac.com/mlb/los-angeles-dodgers/cash/_/year/2026 | https://www.spotrac.com/mlb/los-angeles-dodgers/contracts | https://www.spotrac.com/mlb/los-angeles-dodgers/tax/_/year/2026,,
2026-07-08T14:16:26+00:00,2026,LAD,Los Angeles Dodgers,los-angeles-dodgers,Grant Holman,grantholman,https://www.spotrac.com/mlb/player/_/id/73450/grant-holman,RP,26,1.031,,,2026 Dead Money,2026 Dead Money,,,,,,,10253,0.00,10253,10253,,,,,,,,,680880,PHI,Reassigned to Minors,true_other_team,https://www.spotrac.com/mlb/los-angeles-dodgers/cash/_/year/2026 | https://www.spotrac.com/mlb/los-angeles-dodgers/tax/_/year/2026,not_found_on_contracts_page,
2026-07-08T14:16:26+00:00,2026,LAD,Los Angeles Dodgers,los-angeles-dodgers,Haram Hernandez,haramhernandez,https://www.spotrac.com/mlb/player/_/id/105850/haram-hernandez,C,17,,,,,2026 Signing Bonus,,,,,,,,,200000,,200000,,,,,,,,,,,false,https://www.spotrac.com/mlb/los-angeles-dodgers/cash/_/year/2026,not_found_on_tax_page;not_found_on_contracts_page,
2026-07-08T14:16:26+00:00,2026,LAD,Los Angeles Dodgers,los-angeles-dodgers,Helvin Mendoza,helvinmendoza,https://www.spotrac.com/mlb/player/_/id/105916/helvin-mendoza,OF,17,,,,,2026 Signing Bonus,,,,,,,,,175000,,175000,,,,,,,,,,,false,https://www.spotrac.com/mlb/los-angeles-dodgers/cash/_/year/2026,not_found_on_tax_page;not_found_on_contracts_page,
2026-07-08T14:16:26+00:00,2026,LAD,Los Angeles Dodgers,los-angeles-dodgers,Hyeseong Kim,hyeseongkim,https://www.spotrac.com/mlb/player/_/id/96119/hyeseong-kim,2B,27,0.149,,,2026 Minor,2026 Minor,,,,Free Agent Foreign Professional,,,4166667,1.71,3750000,3750000,,,,,,,,,808975,LAD,Reassigned to Minors,true,https://www.spotrac.com/mlb/los-angeles-dodgers/cash/_/year/2026 | https://www.spotrac.com/mlb/los-angeles-dodgers/tax/_/year/2026,not_found_on_contracts_page,
2026-07-08T14:16:26+00:00,2026,LAD,Los Angeles Dodgers,los-angeles-dodgers,Jack Dreyer,jackdreyer,https://www.spotrac.com/mlb/player/_/id/85726/jack-dreyer,RP,27,1.000,,,2026 Active Roster,2026 Active Roster,Los Angeles Dodgers Contracts,,,Pre-Arbitration,Pre-Arbitration,,810000,0.33,810000,810000,,,2026,2026,2026,1,810000,810000,676263,LAD,Active,true,https://www.spotrac.com/mlb/los-angeles-dodgers/cash/_/year/2026 | https://www.spotrac.com/mlb/los-angeles-dodgers/contracts | https://www.spotrac.com/mlb/los-angeles-dodgers/tax/_/year/2026,,
2026-07-08T14:16:26+00:00,2026,LAD,Los Angeles Dodgers,los-angeles-dodgers,Jack Suwinski,jacksuwinski,https://www.spotrac.com/mlb/player/_/id/20793/jack-suwinski,CF,27,2.170,,,2026 Minor,2026 Minor,,,,Arbitration 1 Super Two,,,1250000,,1250000,1250000,,,,,,,,,,,,false,https://www.spotrac.com/mlb/los-angeles-dodgers/cash/_/year/2026 | https://www.spotrac.com/mlb/los-angeles-dodgers/tax/_/year/2026,not_found_on_contracts_page,
2026-07-08T14:16:26+00:00,2026,LAD,Los Angeles Dodgers,los-angeles-dodgers,Jake Cousins,jakecousins,https://www.spotrac.com/mlb/player/_/id/73123/jake-cousins,RP,31,3.091,,,2026 Injured List,2026 Injured List,Los Angeles Dodgers Contracts,,,Free Agent,Free Agent,,950000,,950000,950000,,,2026,2026,2026,1,950000,950000,664776,LAD,Injured 60-Day,true,https://www.spotrac.com/mlb/los-angeles-dodgers/cash/_/year/2026 | https://www.spotrac.com/mlb/los-angeles-dodgers/contracts | https://www.spotrac.com/mlb/los-angeles-dodgers/tax/_/year/2026,,
2026-07-08T14:16:26+00:00,2026,LAD,Los Angeles Dodgers,los-angeles-dodgers,Jake Eder,jakeeder,https://www.spotrac.com/mlb/player/_/id/48460/jake-eder,RP,27,0.042,,,2026 Dead Money,2026 Dead Money,,,,,,,66736,0.03,66736,66736,,,,,,,,,,,,false,https://www.spotrac.com/mlb/los-angeles-dodgers/cash/_/year/2026 | https://www.spotrac.com/mlb/los-angeles-dodgers/tax/_/year/2026,not_found_on_contracts_page,
2026-07-08T14:16:26+00:00,2026,LAD,Los Angeles Dodgers,los-angeles-dodgers,Jonathan Hernandez,jonathanhernandez,https://www.spotrac.com/mlb/player/_/id/24566/jonathan-hernandez,RP,29,4.096,,,2026 Minor,2026 Minor,,,,Free Agent,,,195435,,195435,195435,,,,,,,,,,,,false,https://www.spotrac.com/mlb/los-angeles-dodgers/cash/_/year/2026 | https://www.spotrac.com/mlb/los-angeles-dodgers/tax/_/year/2026,not_found_on_contracts_page,
2026-07-08T14:16:26+00:00,2026,LAD,Los Angeles Dodgers,los-angeles-dodgers,Jose Requena,joserequena,https://www.spotrac.com/mlb/player/_/id/105423/jose-requena,OF,17,,,,,2026 Signing Bonus,,,,,,,,,375000,,375000,,,,,,,,,,,false,https://www.spotrac.com/mlb/los-angeles-dodgers/cash/_/year/2026,not_found_on_tax_page;not_found_on_contracts_page,
2026-07-08T14:16:26+00:00,2026,LAD,Los Angeles Dodgers,los-angeles-dodgers,Jose Victorino,josevictorino,https://www.spotrac.com/mlb/player/_/id/105420/jose-victorino,SS,17,,,,,2026 Signing Bonus,,,,,,,,,550000,,550000,,,,,,,,,,,false,https://www.spotrac.com/mlb/los-angeles-dodgers/cash/_/year/2026,not_found_on_tax_page;not_found_on_contracts_page,
2026-07-08T14:16:26+00:00,2026,LAD,Los Angeles Dodgers,los-angeles-dodgers,Justin Turner,justinturner,https://www.spotrac.com/mlb/player/_/id/8649/justin-turner,3B,41,,,,,2026 Deferred,,,,,,,,,2000000,2000000,,,,,,,,,,,,false,https://www.spotrac.com/mlb/los-angeles-dodgers/cash/_/year/2026,not_found_on_tax_page;not_found_on_contracts_page,
2026-07-08T14:16:26+00:00,2026,LAD,Los Angeles Dodgers,los-angeles-dodgers,Justin Wrobleski,justinwrobleski,https://www.spotrac.com/mlb/player/_/id/79545/justin-wrobleski,SP,25,0.150,,,2026 Active Roster,2026 Active Roster,Los Angeles Dodgers Contracts,,,Pre-Arbitration,Pre-Arbitration,,790000,0.32,790000,790000,,,2026,2026,2026,1,790000,790000,680736,LAD,Active,true,https://www.spotrac.com/mlb/los-angeles-dodgers/cash/_/year/2026 | https://www.spotrac.com/mlb/los-angeles-dodgers/contracts | https://www.spotrac.com/mlb/los-angeles-dodgers/tax/_/year/2026,,
2026-07-08T14:16:26+00:00,2026,LAD,Los Angeles Dodgers,los-angeles-dodgers,Kenry Alvear,kenryalvear,https://www.spotrac.com/mlb/player/_/id/105848/kenry-alvear,P,18,,,,,2026 Signing Bonus,,,,,,,,,10000,,10000,,,,,,,,,,,false,https://www.spotrac.com/mlb/los-angeles-dodgers/cash/_/year/2026,not_found_on_tax_page;not_found_on_contracts_page,
2026-07-08T14:16:26+00:00,2026,LAD,Los Angeles Dodgers,los-angeles-dodgers,Kyle Hurt,kylehurt,https://www.spotrac.com/mlb/player/_/id/48490/kyle-hurt,RP,28,1.099,,,2026 Active Roster,2026 Active Roster,Los Angeles Dodgers Contracts,,,Pre-Arbitration,Pre-Arbitration,,732295,0.30,732295,732295,,,2026,2026,2026,1,820000,820000,669165,LAD,Active,true,https://www.spotrac.com/mlb/los-angeles-dodgers/cash/_/year/2026 | https://www.spotrac.com/mlb/los-angeles-dodgers/contracts | https://www.spotrac.com/mlb/los-angeles-dodgers/tax/_/year/2026,,
2026-07-08T14:16:26+00:00,2026,LAD,Los Angeles Dodgers,los-angeles-dodgers,Kyle Tucker,kyletucker,https://www.spotrac.com/mlb/player/_/id/17620/kyle-tucker,RF,29,6.079,,,2026 Active Roster,2026 Active Roster,Los Angeles Dodgers Contracts,,,Free Agent,Free Agent,,57195000,23.44,55000000,1000000,54000000,,2026,2026,2029,4,240000000,60000000,663656,LAD,Active,true,https://www.spotrac.com/mlb/los-angeles-dodgers/cash/_/year/2026 | https://www.spotrac.com/mlb/los-angeles-dodgers/contracts | https://www.spotrac.com/mlb/los-angeles-dodgers/tax/_/year/2026,,
2026-07-08T14:16:26+00:00,2026,LAD,Los Angeles Dodgers,los-angeles-dodgers,Landon Knack,landonknack,https://www.spotrac.com/mlb/player/_/id/48416/landon-knack,SP,28,0.119,,,2026 Injured List,2026 Injured List,Los Angeles Dodgers Contracts,,,Pre-Arbitration,Pre-Arbitration,,790000,,790000,790000,,,2026,2026,2026,1,790000,790000,689017,LAD,Injured 60-Day,true,https://www.spotrac.com/mlb/los-angeles-dodgers/cash/_/year/2026 | https://www.spotrac.com/mlb/los-angeles-dodgers/contracts | https://www.spotrac.com/mlb/los-angeles-dodgers/tax/_/year/2026,,
2026-07-08T14:16:26+00:00,2026,LAD,Los Angeles Dodgers,los-angeles-dodgers,Luis Ricart,luisricart,https://www.spotrac.com/mlb/player/_/id/105699/luis-ricart,P,18,,,,,2026 Signing Bonus,,,,,,,,,50000,,50000,,,,,,,,,,,false,https://www.spotrac.com/mlb/los-angeles-dodgers/cash/_/year/2026,not_found_on_tax_page;not_found_on_contracts_page,
2026-07-08T14:16:26+00:00,2026,LAD,Los Angeles Dodgers,los-angeles-dodgers,Max Muncy,maxmuncy,https://www.spotrac.com/mlb/player/_/id/16719/max-muncy,1B,35,9.027,,,2026 Active Roster,2026 Active Roster,Los Angeles Dodgers Contracts,,,Extension,Extension,,10000000,4.10,10000000,10000000,,,2024,2024,2026,2,24000000,12000000,571970,LAD,Active,true,https://www.spotrac.com/mlb/los-angeles-dodgers/cash/_/year/2026 | https://www.spotrac.com/mlb/los-angeles-dodgers/contracts | https://www.spotrac.com/mlb/los-angeles-dodgers/tax/_/year/2026,,
2026-07-08T14:16:26+00:00,2026,LAD,Los Angeles Dodgers,los-angeles-dodgers,Miguel Herrera,miguelherrera,https://www.spotrac.com/mlb/player/_/id/105422/miguel-herrera,P,17,,,,,2026 Signing Bonus,,,,,,,,,300000,,300000,,,,,,,,,,,false,https://www.spotrac.com/mlb/los-angeles-dodgers/cash/_/year/2026,not_found_on_tax_page;not_found_on_contracts_page,
2026-07-08T14:16:26+00:00,2026,LAD,Los Angeles Dodgers,los-angeles-dodgers,Miguel Rojas,miguelrojas,https://www.spotrac.com/mlb/player/_/id/14228/miguel-rojas,SS,37,11.043,,,2026 Active Roster,2026 Active Roster,Los Angeles Dodgers Contracts,,,Free Agent,Free Agent,,5500000,2.25,5500000,5500000,,,2026,2026,2026,1,5500000,5500000,500743,LAD,Active,true,https://www.spotrac.com/mlb/los-angeles-dodgers/cash/_/year/2026 | https://www.spotrac.com/mlb/los-angeles-dodgers/contracts | https://www.spotrac.com/mlb/los-angeles-dodgers/tax/_/year/2026,,
2026-07-08T14:16:26+00:00,2026,LAD,Los Angeles Dodgers,los-angeles-dodgers,Mookie Betts,mookiebetts,https://www.spotrac.com/mlb/player/_/id/15744/mookie-betts,SS,33,11.070,,,2026 Active Roster,2026 Active Roster,Los Angeles Dodgers Contracts,,,Extension,Extension,,30416667,12.47,20000000,15000000,5000000,,2021,2021,2032,12,365000000,30416667,605141,LAD,Active,true,https://www.spotrac.com/mlb/los-angeles-dodgers/cash/_/year/2026 | https://www.spotrac.com/mlb/los-angeles-dodgers/contracts | https://www.spotrac.com/mlb/los-angeles-dodgers/tax/_/year/2026,,
2026-07-08T14:16:26+00:00,2026,LAD,Los Angeles Dodgers,los-angeles-dodgers,Nick Frasso,nickfrasso,https://www.spotrac.com/mlb/player/_/id/48462/nick-frasso,SP,,0.002,,,2026 Minor,,,,,Pre-Arbitration,,,,,,,,,,,,,,,693308,LAD,Reassigned to Minors,true,https://www.spotrac.com/mlb/los-angeles-dodgers/tax/_/year/2026,missing_all_money_fields;not_found_on_cash_page;not_found_on_contracts_page,
2026-07-08T14:16:26+00:00,2026,LAD,Los Angeles Dodgers,los-angeles-dodgers,Oliver Chapman,oliverchapman,https://www.spotrac.com/mlb/player/_/id/105700/oliver-chapman,C,17,,,,,2026 Signing Bonus,,,,,,,,,60000,,60000,,,,,,,,,,,false,https://www.spotrac.com/mlb/los-angeles-dodgers/cash/_/year/2026,not_found_on_tax_page;not_found_on_contracts_page,
2026-07-08T14:16:26+00:00,2026,LAD,Los Angeles Dodgers,los-angeles-dodgers,Paul Gervase,paulgervase,https://www.spotrac.com/mlb/player/_/id/78941/paul-gervase,RP,26,0.021,,,2026 Minor,2026 Minor,,,,Pre-Arbitration,,,83420,0.03,83420,83420,,,,,,,,,801434,LAD,Reassigned to Minors,true,https://www.spotrac.com/mlb/los-angeles-dodgers/cash/_/year/2026 | https://www.spotrac.com/mlb/los-angeles-dodgers/tax/_/year/2026,not_found_on_contracts_page,
2026-07-08T14:16:26+00:00,2026,LAD,Los Angeles Dodgers,los-angeles-dodgers,Ricardo Pulles,ricardopulles,https://www.spotrac.com/mlb/player/_/id/105613/ricardo-pulles,C,17,,,,,2026 Signing Bonus,,,,,,,,,60000,,60000,,,,,,,,,,,false,https://www.spotrac.com/mlb/los-angeles-dodgers/cash/_/year/2026,not_found_on_tax_page;not_found_on_contracts_page,
2026-07-08T14:16:26+00:00,2026,LAD,Los Angeles Dodgers,los-angeles-dodgers,River Ryan,riverryan,https://www.spotrac.com/mlb/player/_/id/73732/river-ryan,SP,,1.070,,,2026 Minor,,,,,Pre-Arbitration,,,,,,,,,,,,,,,689981,LAD,Reassigned to Minors,true,https://www.spotrac.com/mlb/los-angeles-dodgers/tax/_/year/2026,missing_all_money_fields;not_found_on_cash_page;not_found_on_contracts_page,
2026-07-08T14:16:26+00:00,2026,LAD,Los Angeles Dodgers,los-angeles-dodgers,Robert Saucedo Jr.,robertsaucedo,https://www.spotrac.com/mlb/player/_/id/105755/robert-saucedo-jr,C,17,,,,,2026 Signing Bonus,,,,,,,,,250000,,250000,,,,,,,,,,,false,https://www.spotrac.com/mlb/los-angeles-dodgers/cash/_/year/2026,not_found_on_tax_page;not_found_on_contracts_page,
2026-07-08T14:16:26+00:00,2026,LAD,Los Angeles Dodgers,los-angeles-dodgers,Roki Sasaki,rokisasaki,https://www.spotrac.com/mlb/player/_/id/82038/roki-sasaki,SP,24,1.000,,,2026 Active Roster,2026 Active Roster,Los Angeles Dodgers Contracts,,,Pre-Arbitration,Pre-Arbitration,,800000,0.33,800000,800000,,,2026,2026,2026,1,800000,800000,808963,LAD,Active,true,https://www.spotrac.com/mlb/los-angeles-dodgers/cash/_/year/2026 | https://www.spotrac.com/mlb/los-angeles-dodgers/contracts | https://www.spotrac.com/mlb/los-angeles-dodgers/tax/_/year/2026,,
2026-07-08T14:16:26+00:00,2026,LAD,Los Angeles Dodgers,los-angeles-dodgers,Ronan Kopp,ronankopp,https://www.spotrac.com/mlb/player/_/id/74072/ronan-kopp,RP,,,,,2026 Minor,,,,,Pre-Arbitration,,,,,,,,,,,,,,,691947,LAD,Reassigned to Minors,true,https://www.spotrac.com/mlb/los-angeles-dodgers/tax/_/year/2026,missing_all_money_fields;not_found_on_cash_page;not_found_on_contracts_page,
2026-07-08T14:16:26+00:00,2026,LAD,Los Angeles Dodgers,los-angeles-dodgers,Rubel Arias,rubelarias,https://www.spotrac.com/mlb/player/_/id/105417/rubel-arias,OF,17,,,,,2026 Signing Bonus,,,,,,,,,1000000,,1000000,,,,,,,,,,,false,https://www.spotrac.com/mlb/los-angeles-dodgers/cash/_/year/2026,not_found_on_tax_page;not_found_on_contracts_page,
2026-07-08T14:16:26+00:00,2026,LAD,Los Angeles Dodgers,los-angeles-dodgers,Ryan Ward,ryanward,https://www.spotrac.com/mlb/player/_/id/31198/ryan-ward,LF,28,,,,2026 Minor,2026 Minor,,,,Pre-Arbitration,,,141814,0.06,141814,141814,,,,,,,,,669899,LAD,Reassigned to Minors,true,https://www.spotrac.com/mlb/los-angeles-dodgers/cash/_/year/2026 | https://www.spotrac.com/mlb/los-angeles-dodgers/tax/_/year/2026,not_found_on_contracts_page,
2026-07-08T14:16:26+00:00,2026,LAD,Los Angeles Dodgers,los-angeles-dodgers,Santiago Espinal,santiagoespinal,https://www.spotrac.com/mlb/player/_/id/20752/santiago-espinal,3B,31,5.149,,,2026 Minor,2026 Minor,,,,Free Agent,,,2446527,,2446527,2446527,,,,,,,,,,,,false,https://www.spotrac.com/mlb/los-angeles-dodgers/cash/_/year/2026 | https://www.spotrac.com/mlb/los-angeles-dodgers/tax/_/year/2026,not_found_on_contracts_page,
2026-07-08T14:16:26+00:00,2026,LAD,Los Angeles Dodgers,los-angeles-dodgers,Shohei Ohtani,shoheiohtani,https://www.spotrac.com/mlb/player/_/id/24661/shohei-ohtani,SP/DH,31,8.000,,,2026 Active Roster,2026 Active Roster,Los Angeles Dodgers Contracts,,,Free Agent,Free Agent,,46081476,18.89,2000000,2000000,,,2024,2024,2033,10,700000000,70000000,660271,LAD,Active,true,https://www.spotrac.com/mlb/los-angeles-dodgers/cash/_/year/2026 | https://www.spotrac.com/mlb/los-angeles-dodgers/contracts | https://www.spotrac.com/mlb/los-angeles-dodgers/tax/_/year/2026,,
2026-07-08T14:16:26+00:00,2026,LAD,Los Angeles Dodgers,los-angeles-dodgers,Tanner Scott,tannerscott,https://www.spotrac.com/mlb/player/_/id/24484/tanner-scott,RP,31,7.059,,,2026 Active Roster,2026 Active Roster,Los Angeles Dodgers Contracts,,,Free Agent,Free Agent,,16128000,6.61,5750000,5750000,,,2025,2025,2028,4,72000000,18000000,656945,LAD,Active,true,https://www.spotrac.com/mlb/los-angeles-dodgers/cash/_/year/2026 | https://www.spotrac.com/mlb/los-angeles-dodgers/contracts | https://www.spotrac.com/mlb/los-angeles-dodgers/tax/_/year/2026,,
2026-07-08T14:16:26+00:00,2026,LAD,Los Angeles Dodgers,los-angeles-dodgers,Teoscar Hernandez,teoscarhernandez,https://www.spotrac.com/mlb/player/_/id/20969/teoscar-hernandez,LF,33,8.097,,,2026 Active Roster,2026 Active Roster,Los Angeles Dodgers Contracts,,,Free Agent,Free Agent,,19940444,8.17,4000000,4000000,,,2025,2025,2028,3,66000000,22000000,606192,LAD,Active,true,https://www.spotrac.com/mlb/los-angeles-dodgers/cash/_/year/2026 | https://www.spotrac.com/mlb/los-angeles-dodgers/contracts | https://www.spotrac.com/mlb/los-angeles-dodgers/tax/_/year/2026,,
2026-07-08T14:16:26+00:00,2026,LAD,Los Angeles Dodgers,los-angeles-dodgers,Tom Apfelbaum,tomapfelbaum,https://www.spotrac.com/mlb/player/_/id/105421/tom-apfelbaum,P,17,,,,,2026 Signing Bonus,,,,,,,,,197500,,197500,,,,,,,,,,,false,https://www.spotrac.com/mlb/los-angeles-dodgers/cash/_/year/2026,not_found_on_tax_page;not_found_on_contracts_page,
2026-07-08T14:16:26+00:00,2026,LAD,Los Angeles Dodgers,los-angeles-dodgers,Tommy Edman,tommyedman,https://www.spotrac.com/mlb/player/_/id/20097/tommy-edman,CF,31,6.114,,,2026 Active Roster,2026 Active Roster,Los Angeles Dodgers Contracts,,,Extension,Extension,,13049190,5.35,6000000,6000000,,,2025,2025,2030,5,74000000,14800000,669242,LAD,Active,true,https://www.spotrac.com/mlb/los-angeles-dodgers/cash/_/year/2026 | https://www.spotrac.com/mlb/los-angeles-dodgers/contracts | https://www.spotrac.com/mlb/los-angeles-dodgers/tax/_/year/2026,,
2026-07-08T14:16:26+00:00,2026,LAD,Los Angeles Dodgers,los-angeles-dodgers,Tyler Glasnow,tylerglasnow,https://www.spotrac.com/mlb/player/_/id/18345/tyler-glasnow,SP,32,8.158,,,2026 Injured List,2026 Injured List,Los Angeles Dodgers Contracts,,,Extension,Extension,,27312500,,30000000,30000000,,,2024,2024,2028,5,136562500,27312500,607192,LAD,Injured 60-Day,true,https://www.spotrac.com/mlb/los-angeles-dodgers/cash/_/year/2026 | https://www.spotrac.com/mlb/los-angeles-dodgers/contracts | https://www.spotrac.com/mlb/los-angeles-dodgers/tax/_/year/2026,,
2026-07-08T14:16:26+00:00,2026,LAD,Los Angeles Dodgers,los-angeles-dodgers,Victor Tovar,victortovar,https://www.spotrac.com/mlb/player/_/id/105697/victor-tovar,P,17,,,,,2026 Signing Bonus,,,,,,,,,100000,,100000,,,,,,,,,,,false,https://www.spotrac.com/mlb/los-angeles-dodgers/cash/_/year/2026,not_found_on_tax_page;not_found_on_contracts_page,
2026-07-08T14:16:26+00:00,2026,LAD,Los Angeles Dodgers,los-angeles-dodgers,Will Klein,willklein,https://www.spotrac.com/mlb/player/_/id/48491/will-klein,RP,26,0.081,,,2026 Active Roster,2026 Active Roster,Los Angeles Dodgers Contracts,,,Pre-Arbitration,Pre-Arbitration,,790000,0.32,790000,790000,,,2026,2026,2026,1,790000,790000,694361,LAD,Active,true,https://www.spotrac.com/mlb/los-angeles-dodgers/cash/_/year/2026 | https://www.spotrac.com/mlb/los-angeles-dodgers/contracts | https://www.spotrac.com/mlb/los-angeles-dodgers/tax/_/year/2026,,
2026-07-08T14:16:26+00:00,2026,LAD,Los Angeles Dodgers,los-angeles-dodgers,Will Smith,willsmith,https://www.spotrac.com/mlb/player/_/id/20133/will-smith,C,31,6.090,,,2026 Injured List,2026 Injured List,Los Angeles Dodgers Contracts,,,Extension Arbitration,Extension Arbitration,,12241285,5.02,8000000,8000000,,,2024,2024,2033,10,140000000,14000000,669257,LAD,Injured 10-Day,true,https://www.spotrac.com/mlb/los-angeles-dodgers/cash/_/year/2026 | https://www.spotrac.com/mlb/los-angeles-dodgers/contracts | https://www.spotrac.com/mlb/los-angeles-dodgers/tax/_/year/2026,,
2026-07-08T14:16:26+00:00,2026,LAD,Los Angeles Dodgers,los-angeles-dodgers,Willy Bergolla,willybergolla,https://www.spotrac.com/mlb/player/_/id/105780/willy-bergolla,SS,17,,,,,2026 Signing Bonus,,,,,,,,,20000,,20000,,,,,,,,,,,false,https://www.spotrac.com/mlb/los-angeles-dodgers/cash/_/year/2026,not_found_on_tax_page;not_found_on_contracts_page,
2026-07-08T14:16:26+00:00,2026,LAD,Los Angeles Dodgers,los-angeles-dodgers,Wyatt Mills,wyattmills,https://www.spotrac.com/mlb/player/_/id/23302/wyatt-mills,RP,31,1.134,,,2026 Minor,2026 Minor,,,,Pre-Arbitration,,,41710,0.02,41710,41710,,,,,,,,,670090,LAD,Reassigned to Minors,true,https://www.spotrac.com/mlb/los-angeles-dodgers/cash/_/year/2026 | https://www.spotrac.com/mlb/los-angeles-dodgers/tax/_/year/2026,not_found_on_contracts_page,
2026-07-08T14:16:26+00:00,2026,LAD,Los Angeles Dodgers,los-angeles-dodgers,Yoshinobu Yamamoto,yoshinobuyamamoto,https://www.spotrac.com/mlb/player/_/id/82039/yoshinobu-yamamoto,SP,27,2.000,,,2026 Active Roster,2026 Active Roster,Los Angeles Dodgers Contracts,,,Free Agent Foreign Professional,Free Agent Foreign Professional,,27083333,11.10,12000000,12000000,,,2024,2024,2035,12,325000000,27083333,808967,LAD,Active,true,https://www.spotrac.com/mlb/los-angeles-dodgers/cash/_/year/2026 | https://www.spotrac.com/mlb/los-angeles-dodgers/contracts | https://www.spotrac.com/mlb/los-angeles-dodgers/tax/_/year/2026,,
2026-07-08T14:16:26+00:00,2026,MIA,Miami Marlins,miami-marlins,Adam Mazur,adammazur,https://www.spotrac.com/mlb/player/_/id/78620/adam-mazur,SP,25,0.067,,,2026 Injured List,2026 Injured List,Miami Marlins Contracts,,,Pre-Arbitration,Pre-Arbitration,,786000,,786000,786000,,,2026,2026,2026,1,786000,786000,800049,MIA,Injured 60-Day,true,https://www.spotrac.com/mlb/miami-marlins/cash/_/year/2026 | https://www.spotrac.com/mlb/miami-marlins/contracts | https://www.spotrac.com/mlb/miami-marlins/tax/_/year/2026,,
2026-07-08T14:16:26+00:00,2026,MIA,Miami Marlins,miami-marlins,Agustin Ramirez,agustinramirez,https://www.spotrac.com/mlb/player/_/id/27473/agustin-ramirez,C,24,0.161,,,2026 Minor,2026 Minor,,,,Pre-Arbitration,,,173635,0.07,173635,173635,,,,,,,,,682663,MIA,Reassigned to Minors,true,https://www.spotrac.com/mlb/miami-marlins/cash/_/year/2026 | https://www.spotrac.com/mlb/miami-marlins/tax/_/year/2026,not_found_on_contracts_page,
2026-07-08T14:16:26+00:00,2026,MIA,Miami Marlins,miami-marlins,Andrew Nardi,andrewnardi,https://www.spotrac.com/mlb/player/_/id/74727/andrew-nardi,RP,27,3.053,,,2026 Injured List,2026 Injured List,Miami Marlins Contracts,,,Arbitration 1,Arbitration,,800000,,800000,800000,,,2026,2026,2026,1,800000,800000,677053,MIA,Injured 60-Day,true,https://www.spotrac.com/mlb/miami-marlins/cash/_/year/2026 | https://www.spotrac.com/mlb/miami-marlins/contracts | https://www.spotrac.com/mlb/miami-marlins/tax/_/year/2026,,
2026-07-08T14:16:26+00:00,2026,MIA,Miami Marlins,miami-marlins,Anthony Bender,anthonybender,https://www.spotrac.com/mlb/player/_/id/20851/anthony-bender,RP,31,4.153,,,2026 Injured List,2026 Injured List,Miami Marlins Contracts,,,Arbitration 3 Super Two,Arbitration,,2810000,1.15,2810000,2810000,,,2026,2026,2026,1,2810000,2810000,669622,MIA,Injured 15-Day,true,https://www.spotrac.com/mlb/miami-marlins/cash/_/year/2026 | https://www.spotrac.com/mlb/miami-marlins/contracts | https://www.spotrac.com/mlb/miami-marlins/tax/_/year/2026,,
2026-07-08T14:16:26+00:00,2026,MIA,Miami Marlins,miami-marlins,Austin Slater,austinslater,https://www.spotrac.com/mlb/player/_/id/22792/austin-slater,LF,33,7.147,,,2026 Retained,2026 Retained,,,,Retained,,,350000,,350000,350000,,,,,,,,,,,,false,https://www.spotrac.com/mlb/miami-marlins/cash/_/year/2026 | https://www.spotrac.com/mlb/miami-marlins/tax/_/year/2026,not_found_on_contracts_page,
2026-07-08T14:16:26+00:00,2026,MIA,Miami Marlins,miami-marlins,Avisaíl García,avisailgarcia,https://www.spotrac.com/mlb/player/_/id/11605/avisa%C3%ADl-garc%C3%ADa,RF,35,,,,,2026 Dead Money,,,,,,,,,5000000,5000000,,,,,,,,,,,,false,https://www.spotrac.com/mlb/miami-marlins/cash/_/year/2026,not_found_on_tax_page;not_found_on_contracts_page,
2026-07-08T14:16:26+00:00,2026,MIA,Miami Marlins,miami-marlins,Bernardo Doc,bernardodoc,https://www.spotrac.com/mlb/player/_/id/105434/bernardo-doc,SS,17,,,,,2026 Signing Bonus,,,,,,,,,30000,,30000,,,,,,,,,,,false,https://www.spotrac.com/mlb/miami-marlins/cash/_/year/2026,not_found_on_tax_page;not_found_on_contracts_page,
2026-07-08T14:16:26+00:00,2026,MIA,Miami Marlins,miami-marlins,Bradley Blalock,bradleyblalock,https://www.spotrac.com/mlb/player/_/id/74797/bradley-blalock,SP,,0.134,,,2026 Minor,,,,,Pre-Arbitration,,,,,,,,,,,,,,,687134,MIA,Reassigned to Minors,true,https://www.spotrac.com/mlb/miami-marlins/tax/_/year/2026,missing_all_money_fields;not_found_on_cash_page;not_found_on_contracts_page,
2026-07-08T14:16:26+00:00,2026,MIA,Miami Marlins,miami-marlins,Braxton Garrett,braxtongarrett,https://www.spotrac.com/mlb/player/_/id/20799/braxton-garrett,SP,28,3.168,,,2026 Minor,2026 Minor,,,,Arbitration 2 Super Two,,,1530000,0.63,1530000,1530000,,,,,,,,,666129,MIA,Reassigned to Minors,true,https://www.spotrac.com/mlb/miami-marlins/cash/_/year/2026 | https://www.spotrac.com/mlb/miami-marlins/tax/_/year/2026,not_found_on_contracts_page,
2026-07-08T14:16:26+00:00,2026,MIA,Miami Marlins,miami-marlins,Brian Navarreto,briannavarreto,https://www.spotrac.com/mlb/player/_/id/48755/brian-navarreto,C,31,0.061,,,2026 Active Roster,2026 Active Roster,Miami Marlins Contracts,,,Free Agent,Free Agent,,408758,0.17,408758,408758,,,2026,2026,2026,1,780000,780000,640459,MIA,Active,true,https://www.spotrac.com/mlb/miami-marlins/cash/_/year/2026 | https://www.spotrac.com/mlb/miami-marlins/contracts | https://www.spotrac.com/mlb/miami-marlins/tax/_/year/2026,,
2026-07-08T14:16:26+00:00,2026,MIA,Miami Marlins,miami-marlins,Cade Gibson,cadegibson,https://www.spotrac.com/mlb/player/_/id/78873/cade-gibson,RP,28,0.135,,,2026 Active Roster,2026 Active Roster,Miami Marlins Contracts,,,Pre-Arbitration,Pre-Arbitration,,558914,0.23,558914,558914,,,2026,2026,2026,1,780000,780000,806188,MIA,Active,true,https://www.spotrac.com/mlb/miami-marlins/cash/_/year/2026 | https://www.spotrac.com/mlb/miami-marlins/contracts | https://www.spotrac.com/mlb/miami-marlins/tax/_/year/2026,,
2026-07-08T14:16:26+00:00,2026,MIA,Miami Marlins,miami-marlins,Calvin Faucher,calvinfaucher,https://www.spotrac.com/mlb/player/_/id/23499/calvin-faucher,RP,30,2.156,,,2026 Active Roster,2026 Active Roster,Miami Marlins Contracts,,,Arbitration 1 Super Two,Arbitration,,1800000,0.74,1800000,1800000,,,2026,2026,2026,1,1800000,1800000,676534,MIA,Active,true,https://www.spotrac.com/mlb/miami-marlins/cash/_/year/2026 | https://www.spotrac.com/mlb/miami-marlins/contracts | https://www.spotrac.com/mlb/miami-marlins/tax/_/year/2026,,
2026-07-08T14:16:26+00:00,2026,MIA,Miami Marlins,miami-marlins,Carlos De Los Santos,carlosdelossantos,https://www.spotrac.com/mlb/player/_/id/105427/carlos-de-los-santos,OF,17,,,,,2026 Signing Bonus,,,,,,,,,475000,,475000,,,,,,,,,,,false,https://www.spotrac.com/mlb/miami-marlins/cash/_/year/2026,not_found_on_tax_page;not_found_on_contracts_page,
2026-07-08T14:16:26+00:00,2026,MIA,Miami Marlins,miami-marlins,Chris Paddack,chrispaddack,https://www.spotrac.com/mlb/player/_/id/28169/chris-paddack,SP,30,7.000,,,2026 Retained,2026 Retained,,,,Retained,,,4000000,,4000000,4000000,,,,,,,,,,,,false,https://www.spotrac.com/mlb/miami-marlins/cash/_/year/2026 | https://www.spotrac.com/mlb/miami-marlins/tax/_/year/2026,not_found_on_contracts_page,
2026-07-08T14:16:26+00:00,2026,MIA,Miami Marlins,miami-marlins,Christopher Morel,christophermorel,https://www.spotrac.com/mlb/player/_/id/48839/christopher-morel,1B,27,3.117,,,2026 Minor,2026 Minor,,,,Free Agent,,,2000000,,2000000,2000000,,,,,,,,,,,,false,https://www.spotrac.com/mlb/miami-marlins/cash/_/year/2026 | https://www.spotrac.com/mlb/miami-marlins/tax/_/year/2026,not_found_on_contracts_page,
2026-07-08T14:16:26+00:00,2026,MIA,Miami Marlins,miami-marlins,Connor Norby,connornorby,https://www.spotrac.com/mlb/player/_/id/73303/connor-norby,1B,26,1.057,,,2026 Minor,2026 Minor,,,,Pre-Arbitration,,,394878,0.16,394878,394878,,,,,,,,,681393,MIA,Reassigned to Minors,true,https://www.spotrac.com/mlb/miami-marlins/cash/_/year/2026 | https://www.spotrac.com/mlb/miami-marlins/tax/_/year/2026,not_found_on_contracts_page,
2026-07-08T14:16:26+00:00,2026,MIA,Miami Marlins,miami-marlins,Daniel Pire,danielpire,https://www.spotrac.com/mlb/player/_/id/105543/daniel-pire,C,17,,,,,2026 Signing Bonus,,,,,,,,,215000,,215000,,,,,,,,,,,false,https://www.spotrac.com/mlb/miami-marlins/cash/_/year/2026,not_found_on_tax_page;not_found_on_contracts_page,
2026-07-08T14:16:26+00:00,2026,MIA,Miami Marlins,miami-marlins,Daxton Fulton,daxtonfulton,https://www.spotrac.com/mlb/player/_/id/48396/daxton-fulton,RP,24,,,,2026 Minor,2026 Minor,,,,Pre-Arbitration,,,37539,0.02,37539,37539,,,,,,,,,,,,false,https://www.spotrac.com/mlb/miami-marlins/cash/_/year/2026 | https://www.spotrac.com/mlb/miami-marlins/tax/_/year/2026,not_found_on_contracts_page,
2026-07-08T14:16:26+00:00,2026,MIA,Miami Marlins,miami-marlins,Deyvison De Los Santos,deyvisondelossantos,https://www.spotrac.com/mlb/player/_/id/74984/deyvison-de-los-santos,3B,23,,,,2026 Minor,2026 Minor,,,,Pre-Arbitration,,,65775,0.03,65775,65775,,,,,,,,,691277,MIA,Reassigned to Minors,true,https://www.spotrac.com/mlb/miami-marlins/cash/_/year/2026 | https://www.spotrac.com/mlb/miami-marlins/tax/_/year/2026,not_found_on_contracts_page,
2026-07-08T14:16:26+00:00,2026,MIA,Miami Marlins,miami-marlins,Eliecer Mendoza,eliecermendoza,https://www.spotrac.com/mlb/player/_/id/105541/eliecer-mendoza,C,17,,,,,2026 Signing Bonus,,,,,,,,,10000,,10000,,,,,,,,,,,false,https://www.spotrac.com/mlb/miami-marlins/cash/_/year/2026,not_found_on_tax_page;not_found_on_contracts_page,
2026-07-08T14:16:26+00:00,2026,MIA,Miami Marlins,miami-marlins,Eliezer Peralta,eliezerperalta,https://www.spotrac.com/mlb/player/_/id/105431/eliezer-peralta,P,17,,,,,2026 Signing Bonus,,,,,,,,,275000,,275000,,,,,,,,,,,false,https://www.spotrac.com/mlb/miami-marlins/cash/_/year/2026,not_found_on_tax_page;not_found_on_contracts_page,
2026-07-08T14:16:26+00:00,2026,MIA,Miami Marlins,miami-marlins,Enyer Antonio,enyerantonio,https://www.spotrac.com/mlb/player/_/id/105432/enyer-antonio,SS,17,,,,,2026 Signing Bonus,,,,,,,,,450000,,450000,,,,,,,,,,,false,https://www.spotrac.com/mlb/miami-marlins/cash/_/year/2026,not_found_on_tax_page;not_found_on_contracts_page,
2026-07-08T14:16:26+00:00,2026,MIA,Miami Marlins,miami-marlins,Esteury Ruiz,esteuryruiz,https://www.spotrac.com/mlb/player/_/id/74649/esteury-ruiz,CF,27,2.064,,,2026 Active Roster,2026 Active Roster,Miami Marlins Contracts,,,Pre-Arbitration,Pre-Arbitration,,791500,0.32,791500,791500,,,2026,2026,2026,1,791500,791500,665923,MIA,Active,true,https://www.spotrac.com/mlb/miami-marlins/cash/_/year/2026 | https://www.spotrac.com/mlb/miami-marlins/contracts | https://www.spotrac.com/mlb/miami-marlins/tax/_/year/2026,,
2026-07-08T14:16:26+00:00,2026,MIA,Miami Marlins,miami-marlins,Eury Pérez,euryperez,https://www.spotrac.com/mlb/player/_/id/74922/eury-p%C3%A9rez,SP,23,2.113,,,2026 Active Roster,2026 Active Roster,Miami Marlins Contracts,,,Pre-Arbitration,Pre-Arbitration,,799500,0.33,799500,799500,,,2026,2026,2026,1,799500,799500,691587,MIA,Active,true,https://www.spotrac.com/mlb/miami-marlins/cash/_/year/2026 | https://www.spotrac.com/mlb/miami-marlins/contracts | https://www.spotrac.com/mlb/miami-marlins/tax/_/year/2026,,
2026-07-08T14:16:26+00:00,2026,MIA,Miami Marlins,miami-marlins,Evan Da Souza,evandasouza,https://www.spotrac.com/mlb/player/_/id/105433/evan-da-souza,P,16,,,,,2026 Signing Bonus,,,,,,,,,250000,,250000,,,,,,,,,,,false,https://www.spotrac.com/mlb/miami-marlins/cash/_/year/2026,not_found_on_tax_page;not_found_on_contracts_page,
2026-07-08T14:16:26+00:00,2026,MIA,Miami Marlins,miami-marlins,Ezequiel Jaime,ezequieljaime,https://www.spotrac.com/mlb/player/_/id/105429/ezequiel-jaime,OF,17,,,,,2026 Signing Bonus,,,,,,,,,235000,,235000,,,,,,,,,,,false,https://www.spotrac.com/mlb/miami-marlins/cash/_/year/2026,not_found_on_tax_page;not_found_on_contracts_page,
2026-07-08T14:16:26+00:00,2026,MIA,Miami Marlins,miami-marlins,Francisco Del Campo,franciscodelcampo,https://www.spotrac.com/mlb/player/_/id/105426/francisco-del-campo,C,17,,,,,2026 Signing Bonus,,,,,,,,,400000,,400000,,,,,,,,,,,false,https://www.spotrac.com/mlb/miami-marlins/cash/_/year/2026,not_found_on_tax_page;not_found_on_contracts_page,
2026-07-08T14:16:26+00:00,2026,MIA,Miami Marlins,miami-marlins,Garrett Acton,garrettacton,https://www.spotrac.com/mlb/player/_/id/83070/garrett-acton,RP,28,0.031,,,2026 Dead Money,2026 Dead Money,,,,,,,6150,0.00,6150,6150,,,,,,,,,670183,MIN,Injured 60-Day,true_other_team,https://www.spotrac.com/mlb/miami-marlins/cash/_/year/2026 | https://www.spotrac.com/mlb/miami-marlins/tax/_/year/2026,not_found_on_contracts_page,
2026-07-08T14:16:26+00:00,2026,MIA,Miami Marlins,miami-marlins,Giancarlo Stanton,giancarlostanton,https://www.spotrac.com/mlb/player/_/id/6864/giancarlo-stanton,DH,36,15.118,,,2026 Retained,2026 Retained,,,,Retained,,,3000000,,10000000,10000000,,,,,,,,,519317,NYY,Injured 10-Day,true_other_team,https://www.spotrac.com/mlb/miami-marlins/cash/_/year/2026 | https://www.spotrac.com/mlb/miami-marlins/tax/_/year/2026,not_found_on_contracts_page,
2026-07-08T14:16:26+00:00,2026,MIA,Miami Marlins,miami-marlins,Graham Pauley,grahampauley,https://www.spotrac.com/mlb/player/_/id/78972/graham-pauley,3B,25,1.005,,,2026 Minor,2026 Minor,,,,Pre-Arbitration,,,236152,0.10,236152,236152,,,,,,,,,688363,MIA,Reassigned to Minors,true,https://www.spotrac.com/mlb/miami-marlins/cash/_/year/2026 | https://www.spotrac.com/mlb/miami-marlins/tax/_/year/2026,not_found_on_contracts_page,
2026-07-08T14:16:26+00:00,2026,MIA,Miami Marlins,miami-marlins,Griffin Conine,griffinconine,https://www.spotrac.com/mlb/player/_/id/26075/griffin-conine,LF,28,1.035,,,2026 Active Roster,2026 Active Roster,Miami Marlins Contracts,,,Pre-Arbitration,Pre-Arbitration,,786000,0.32,786000,786000,,,2026,2026,2026,1,786000,786000,665052,MIA,Active,true,https://www.spotrac.com/mlb/miami-marlins/cash/_/year/2026 | https://www.spotrac.com/mlb/miami-marlins/contracts | https://www.spotrac.com/mlb/miami-marlins/tax/_/year/2026,,
2026-07-08T14:16:26+00:00,2026,MIA,Miami Marlins,miami-marlins,Heriberto Hernandez,heribertohernandez,https://www.spotrac.com/mlb/player/_/id/74954/heriberto-hernandez,OF,26,0.122,,,2026 Active Roster,2026 Active Roster,Miami Marlins Contracts,,,Pre-Arbitration,Pre-Arbitration,,745878,0.31,745878,745878,,,2026,2026,2026,1,788000,788000,681715,MIA,Active,true,https://www.spotrac.com/mlb/miami-marlins/cash/_/year/2026 | https://www.spotrac.com/mlb/miami-marlins/contracts | https://www.spotrac.com/mlb/miami-marlins/tax/_/year/2026,,
2026-07-08T14:16:26+00:00,2026,MIA,Miami Marlins,miami-marlins,Jakob Marsee,jakobmarsee,https://www.spotrac.com/mlb/player/_/id/78762/jakob-marsee,CF,25,0.059,,,2026 Active Roster,2026 Active Roster,Miami Marlins Contracts,,,Pre-Arbitration,Pre-Arbitration,,786000,0.32,786000,786000,,,2026,2026,2026,1,786000,786000,805300,MIA,Active,true,https://www.spotrac.com/mlb/miami-marlins/cash/_/year/2026 | https://www.spotrac.com/mlb/miami-marlins/contracts | https://www.spotrac.com/mlb/miami-marlins/tax/_/year/2026,,
2026-07-08T14:16:26+00:00,2026,MIA,Miami Marlins,miami-marlins,Janson Junk,jansonjunk,https://www.spotrac.com/mlb/player/_/id/74386/janson-junk,SP,30,1.045,,,2026 Injured List,2026 Injured List,Miami Marlins Contracts,,,Pre-Arbitration,Pre-Arbitration,,798000,0.33,798000,798000,,,2026,2026,2026,1,798000,798000,676083,MIA,Injured 15-Day,true,https://www.spotrac.com/mlb/miami-marlins/cash/_/year/2026 | https://www.spotrac.com/mlb/miami-marlins/contracts | https://www.spotrac.com/mlb/miami-marlins/tax/_/year/2026,,
2026-07-08T14:16:26+00:00,2026,MIA,Miami Marlins,miami-marlins,Jared Serna,jaredserna,https://www.spotrac.com/mlb/player/_/id/87922/jared-serna,2B,,,,,2026 Minor,,,,,Pre-Arbitration,,,,,,,,,,,,,,,691858,MIA,Reassigned to Minors,true,https://www.spotrac.com/mlb/miami-marlins/tax/_/year/2026,missing_all_money_fields;not_found_on_cash_page;not_found_on_contracts_page,
2026-07-08T14:16:26+00:00,2026,MIA,Miami Marlins,miami-marlins,Javier Sanoja,javiersanoja,https://www.spotrac.com/mlb/player/_/id/87833/javier-sanoja,SS,23,1.023,,,2026 Active Roster,2026 Active Roster,Miami Marlins Contracts,,,Pre-Arbitration,Pre-Arbitration,,791500,0.32,791500,791500,,,2026,2026,2026,1,791500,791500,691594,MIA,Active,true,https://www.spotrac.com/mlb/miami-marlins/cash/_/year/2026 | https://www.spotrac.com/mlb/miami-marlins/contracts | https://www.spotrac.com/mlb/miami-marlins/tax/_/year/2026,,
2026-07-08T14:16:26+00:00,2026,MIA,Miami Marlins,miami-marlins,Joe Mack,joemack,https://www.spotrac.com/mlb/player/_/id/73293/joe-mack,C,23,,,,2026 Active Roster,2026 Active Roster,Miami Marlins Contracts,,,Pre-Arbitration,Pre-Arbitration,,608966,0.25,608966,608966,,,2026,2026,2026,1,780000,780000,691788,MIA,Active,true,https://www.spotrac.com/mlb/miami-marlins/cash/_/year/2026 | https://www.spotrac.com/mlb/miami-marlins/contracts | https://www.spotrac.com/mlb/miami-marlins/tax/_/year/2026,,
2026-07-08T14:16:26+00:00,2026,MIA,Miami Marlins,miami-marlins,John King,johnking,https://www.spotrac.com/mlb/player/_/id/23527/john-king,RP,31,4.148,,,2026 Active Roster,2026 Active Roster,Miami Marlins Contracts,,,Free Agent,Free Agent,,1500000,0.61,1500000,1500000,,,2026,2026,2026,1,1500000,1500000,667463,MIA,Active,true,https://www.spotrac.com/mlb/miami-marlins/cash/_/year/2026 | https://www.spotrac.com/mlb/miami-marlins/contracts | https://www.spotrac.com/mlb/miami-marlins/tax/_/year/2026,,
2026-07-08T14:16:26+00:00,2026,MIA,Miami Marlins,miami-marlins,Jordani Peguero,jordanipeguero,https://www.spotrac.com/mlb/player/_/id/105542/jordani-peguero,INF,17,,,,,2026 Signing Bonus,,,,,,,,,200000,,200000,,,,,,,,,,,false,https://www.spotrac.com/mlb/miami-marlins/cash/_/year/2026,not_found_on_tax_page;not_found_on_contracts_page,
2026-07-08T14:16:26+00:00,2026,MIA,Miami Marlins,miami-marlins,Jose Camacho,josecamacho,https://www.spotrac.com/mlb/player/_/id/105538/jose-camacho,OF,17,,,,,2026 Signing Bonus,,,,,,,,,80000,,80000,,,,,,,,,,,false,https://www.spotrac.com/mlb/miami-marlins/cash/_/year/2026,not_found_on_tax_page;not_found_on_contracts_page,
2026-07-08T14:16:26+00:00,2026,MIA,Miami Marlins,miami-marlins,Jose Rosal,joserosal,https://www.spotrac.com/mlb/player/_/id/105546/jose-rosal,P,17,,,,,2026 Signing Bonus,,,,,,,,,50000,,50000,,,,,,,,,,,false,https://www.spotrac.com/mlb/miami-marlins/cash/_/year/2026,not_found_on_tax_page;not_found_on_contracts_page,
2026-07-08T14:16:26+00:00,2026,MIA,Miami Marlins,miami-marlins,Josh Ekness,joshekness,https://www.spotrac.com/mlb/player/_/id/85097/josh-ekness,RP,24,,,,2026 Injured List,2026 Injured List,Miami Marlins Contracts,,,Pre-Arbitration,Pre-Arbitration,,554743,,554743,554743,,,2026,2026,2026,1,780000,780000,694795,MIA,Injured 60-Day,true,https://www.spotrac.com/mlb/miami-marlins/cash/_/year/2026 | https://www.spotrac.com/mlb/miami-marlins/contracts | https://www.spotrac.com/mlb/miami-marlins/tax/_/year/2026,,
2026-07-08T14:16:26+00:00,2026,MIA,Miami Marlins,miami-marlins,Josh White,joshwhite,https://www.spotrac.com/mlb/player/_/id/78729/josh-white,RP,25,,,,2026 Minor,2026 Minor,,,,Pre-Arbitration,,,8342,0.00,8342,8342,,,,,,,,,687985,MIA,Reassigned to Minors,true,https://www.spotrac.com/mlb/miami-marlins/cash/_/year/2026 | https://www.spotrac.com/mlb/miami-marlins/tax/_/year/2026,not_found_on_contracts_page,
2026-07-08T14:16:26+00:00,2026,MIA,Miami Marlins,miami-marlins,Justin Batista,justinbatista,https://www.spotrac.com/mlb/player/_/id/105435/justin-batista,P,17,,,,,2026 Signing Bonus,,,,,,,,,100000,,100000,,,,,,,,,,,false,https://www.spotrac.com/mlb/miami-marlins/cash/_/year/2026,not_found_on_tax_page;not_found_on_contracts_page,
2026-07-08T14:16:26+00:00,2026,MIA,Miami Marlins,miami-marlins,Kyle Stowers,kylestowers,https://www.spotrac.com/mlb/player/_/id/30469/kyle-stowers,RF,28,2.012,,,2026 Active Roster,2026 Active Roster,Miami Marlins Contracts,,,Pre-Arbitration,Pre-Arbitration,,804200,0.33,804200,804200,,,2026,2026,2026,1,804200,804200,669065,MIA,Active,true,https://www.spotrac.com/mlb/miami-marlins/cash/_/year/2026 | https://www.spotrac.com/mlb/miami-marlins/contracts | https://www.spotrac.com/mlb/miami-marlins/tax/_/year/2026,,
2026-07-08T14:16:26+00:00,2026,MIA,Miami Marlins,miami-marlins,Lake Bachar,lakebachar,https://www.spotrac.com/mlb/player/_/id/20017/lake-bachar,RP,31,1.021,,,2026 Active Roster,2026 Active Roster,Miami Marlins Contracts,,,Pre-Arbitration,Pre-Arbitration,,791500,0.32,791500,791500,,,2026,2026,2026,1,791500,791500,669199,MIA,Active,true,https://www.spotrac.com/mlb/miami-marlins/cash/_/year/2026 | https://www.spotrac.com/mlb/miami-marlins/contracts | https://www.spotrac.com/mlb/miami-marlins/tax/_/year/2026,,
2026-07-08T14:16:26+00:00,2026,MIA,Miami Marlins,miami-marlins,Leonardo Jimenez,leonardojimenez,https://www.spotrac.com/mlb/player/_/id/23870/leonardo-jimenez,SS,25,0.124,,,2026 Active Roster,2026 Active Roster,Miami Marlins Contracts,,,Pre-Arbitration,Pre-Arbitration,,754973,0.31,754973,754973,,,2026,2026,2026,1,780000,780000,,,,false,https://www.spotrac.com/mlb/miami-marlins/cash/_/year/2026 | https://www.spotrac.com/mlb/miami-marlins/contracts | https://www.spotrac.com/mlb/miami-marlins/tax/_/year/2026,,
2026-07-08T14:16:26+00:00,2026,MIA,Miami Marlins,miami-marlins,Liam Hicks,liamhicks,https://www.spotrac.com/mlb/player/_/id/73519/liam-hicks,C,27,1.000,,,2026 Active Roster,2026 Active Roster,Miami Marlins Contracts,,,Pre-Arbitration,Pre-Arbitration,,790000,0.32,790000,790000,,,2026,2026,2026,1,790000,790000,689414,MIA,Active,true,https://www.spotrac.com/mlb/miami-marlins/cash/_/year/2026 | https://www.spotrac.com/mlb/miami-marlins/contracts | https://www.spotrac.com/mlb/miami-marlins/tax/_/year/2026,,
2026-07-08T14:16:26+00:00,2026,MIA,Miami Marlins,miami-marlins,Maikel Acosta,maikelacosta,https://www.spotrac.com/mlb/player/_/id/105428/maikel-acosta,SS,16,,,,,2026 Signing Bonus,,,,,,,,,225000,,225000,,,,,,,,,,,false,https://www.spotrac.com/mlb/miami-marlins/cash/_/year/2026,not_found_on_tax_page;not_found_on_contracts_page,
2026-07-08T14:16:26+00:00,2026,MIA,Miami Marlins,miami-marlins,Max Meyer,maxmeyer,https://www.spotrac.com/mlb/player/_/id/48357/max-meyer,SP,27,2.166,,,2026 Active Roster,2026 Active Roster,Miami Marlins Contracts,,,Arbitration 1 Super Two,Arbitration,,980000,0.40,980000,980000,,,2026,2026,2026,1,980000,980000,676974,MIA,Active,true,https://www.spotrac.com/mlb/miami-marlins/cash/_/year/2026 | https://www.spotrac.com/mlb/miami-marlins/contracts | https://www.spotrac.com/mlb/miami-marlins/tax/_/year/2026,,
2026-07-08T14:16:26+00:00,2026,MIA,Miami Marlins,miami-marlins,Maximo Acosta,maximoacosta,https://www.spotrac.com/mlb/player/_/id/31926/maximo-acosta,SS,23,0.035,,,2026 Minor,2026 Minor,,,,Pre-Arbitration,,,,,782500,782500,,,,,,,,,691185,MIA,Reassigned to Minors,true,https://www.spotrac.com/mlb/miami-marlins/cash/_/year/2026 | https://www.spotrac.com/mlb/miami-marlins/tax/_/year/2026,not_found_on_contracts_page,
2026-07-08T14:16:26+00:00,2026,MIA,Miami Marlins,miami-marlins,Michael De La Cruz,michaeldelacruz,https://www.spotrac.com/mlb/player/_/id/105430/michael-de-la-cruz,SS,17,,,,,2026 Signing Bonus,,,,,,,,,150000,,150000,,,,,,,,,,,false,https://www.spotrac.com/mlb/miami-marlins/cash/_/year/2026,not_found_on_tax_page;not_found_on_contracts_page,
2026-07-08T14:16:26+00:00,2026,MIA,Miami Marlins,miami-marlins,Michael Petersen,michaelpetersen,https://www.spotrac.com/mlb/player/_/id/86109/michael-petersen,RP,32,0.086,,,2026 Active Roster,2026 Active Roster,Miami Marlins Contracts,,,Pre-Arbitration,Pre-Arbitration,,792500,0.32,792500,792500,,,2026,2026,2026,1,792500,792500,656848,MIA,Active,true,https://www.spotrac.com/mlb/miami-marlins/cash/_/year/2026 | https://www.spotrac.com/mlb/miami-marlins/contracts | https://www.spotrac.com/mlb/miami-marlins/tax/_/year/2026,,
2026-07-08T14:16:26+00:00,2026,MIA,Miami Marlins,miami-marlins,Onardi Santos,onardisantos,https://www.spotrac.com/mlb/player/_/id/105436/onardi-santos,P,16,,,,,2026 Signing Bonus,,,,,,,,,225000,,225000,,,,,,,,,,,false,https://www.spotrac.com/mlb/miami-marlins/cash/_/year/2026,not_found_on_tax_page;not_found_on_contracts_page,
2026-07-08T14:16:26+00:00,2026,MIA,Miami Marlins,miami-marlins,Otto Lopez,ottolopez,https://www.spotrac.com/mlb/player/_/id/70739/otto-lopez,SS,27,2.109,,,2026 Active Roster,2026 Active Roster,Miami Marlins Contracts,,,Pre-Arbitration,Pre-Arbitration,,810500,0.33,810500,810500,,,2026,2026,2026,1,810500,810500,672640,MIA,Active,true,https://www.spotrac.com/mlb/miami-marlins/cash/_/year/2026 | https://www.spotrac.com/mlb/miami-marlins/contracts | https://www.spotrac.com/mlb/miami-marlins/tax/_/year/2026,,
2026-07-08T14:16:26+00:00,2026,MIA,Miami Marlins,miami-marlins,Owen Caissie,owencaissie,https://www.spotrac.com/mlb/player/_/id/48401/owen-caissie,RF,23,0.034,,,2026 Active Roster,2026 Active Roster,Miami Marlins Contracts,,,Pre-Arbitration,Pre-Arbitration,,781500,0.32,781500,781500,,,2026,2026,2026,1,781500,781500,683357,MIA,Active,true,https://www.spotrac.com/mlb/miami-marlins/cash/_/year/2026 | https://www.spotrac.com/mlb/miami-marlins/contracts | https://www.spotrac.com/mlb/miami-marlins/tax/_/year/2026,,
2026-07-08T14:16:26+00:00,2026,MIA,Miami Marlins,miami-marlins,Pete Fairbanks,petefairbanks,https://www.spotrac.com/mlb/player/_/id/31237/pete-fairbanks,RP,32,6.057,,,2026 Active Roster,2026 Active Roster,Miami Marlins Contracts,,,Free Agent,Free Agent,,13000000,5.33,13000000,12000000,1000000,,2026,2026,2026,1,13000000,13000000,664126,MIA,Active,true,https://www.spotrac.com/mlb/miami-marlins/cash/_/year/2026 | https://www.spotrac.com/mlb/miami-marlins/contracts | https://www.spotrac.com/mlb/miami-marlins/tax/_/year/2026,,
2026-07-08T14:16:26+00:00,2026,MIA,Miami Marlins,miami-marlins,Raunny Figueredo,raunnyfigueredo,https://www.spotrac.com/mlb/player/_/id/105539/raunny-figueredo,OF,17,,,,,2026 Signing Bonus,,,,,,,,,350000,,350000,,,,,,,,,,,false,https://www.spotrac.com/mlb/miami-marlins/cash/_/year/2026,not_found_on_tax_page;not_found_on_contracts_page,
2026-07-08T14:16:26+00:00,2026,MIA,Miami Marlins,miami-marlins,Rece Hinds,recehinds,https://www.spotrac.com/mlb/player/_/id/30447/rece-hinds,RF,,0.089,,,2026 Minor,,,,,Pre-Arbitration,,,,,,,,,,,,,,,677956,MIA,Reassigned to Minors,true,https://www.spotrac.com/mlb/miami-marlins/tax/_/year/2026,missing_all_money_fields;not_found_on_cash_page;not_found_on_contracts_page,
2026-07-08T14:16:26+00:00,2026,MIA,Miami Marlins,miami-marlins,Robby Snelling,robbysnelling,https://www.spotrac.com/mlb/player/_/id/78008/robby-snelling,SP,22,,,,2026 Injured List,2026 Injured List,Miami Marlins Contracts,,,Pre-Arbitration,Pre-Arbitration,,588111,,588111,588111,,,2026,2026,2026,1,780000,780000,702281,MIA,Injured 60-Day,true,https://www.spotrac.com/mlb/miami-marlins/cash/_/year/2026 | https://www.spotrac.com/mlb/miami-marlins/contracts | https://www.spotrac.com/mlb/miami-marlins/tax/_/year/2026,,
2026-07-08T14:16:26+00:00,2026,MIA,Miami Marlins,miami-marlins,Ronald Rodriguez,ronaldrodriguez,https://www.spotrac.com/mlb/player/_/id/105545/ronald-rodriguez,OF,17,,,,,2026 Signing Bonus,,,,,,,,,180000,,180000,,,,,,,,,,,false,https://www.spotrac.com/mlb/miami-marlins/cash/_/year/2026,not_found_on_tax_page;not_found_on_contracts_page,
2026-07-08T14:16:26+00:00,2026,MIA,Miami Marlins,miami-marlins,Ronny Henriquez,ronnyhenriquez,https://www.spotrac.com/mlb/player/_/id/74958/ronny-henriquez,RP,26,1.115,,,2026 Injured List,2026 Injured List,Miami Marlins Contracts,,,Pre-Arbitration,Pre-Arbitration,,809000,,809000,809000,,,2026,2026,2026,1,809000,809000,678692,MIA,Injured 60-Day,true,https://www.spotrac.com/mlb/miami-marlins/cash/_/year/2026 | https://www.spotrac.com/mlb/miami-marlins/contracts | https://www.spotrac.com/mlb/miami-marlins/tax/_/year/2026,,
2026-07-08T14:16:26+00:00,2026,MIA,Miami Marlins,miami-marlins,Ronny Munoz,ronnymunoz,https://www.spotrac.com/mlb/player/_/id/105425/ronny-munoz,SS,17,,,,,2026 Signing Bonus,,,,,,,,,1000000,,1000000,,,,,,,,,,,false,https://www.spotrac.com/mlb/miami-marlins/cash/_/year/2026,not_found_on_tax_page;not_found_on_contracts_page,
2026-07-08T14:16:26+00:00,2026,MIA,Miami Marlins,miami-marlins,Ryan Gusto,ryangusto,https://www.spotrac.com/mlb/player/_/id/31301/ryan-gusto,SP,27,0.167,,,2026 Minor,2026 Minor,,,,Pre-Arbitration,,,141814,0.06,141814,141814,,,,,,,,,687473,MIA,Reassigned to Minors,true,https://www.spotrac.com/mlb/miami-marlins/cash/_/year/2026 | https://www.spotrac.com/mlb/miami-marlins/tax/_/year/2026,not_found_on_contracts_page,
2026-07-08T14:16:26+00:00,2026,MIA,Miami Marlins,miami-marlins,Sandy Alcantara,sandyalcantara,https://www.spotrac.com/mlb/player/_/id/24440/sandy-alcantara,SP,30,7.100,,,2026 Active Roster,2026 Active Roster,Miami Marlins Contracts,,,Extension Arbitration,Extension Arbitration,,11200000,4.59,17000000,17000000,,,2022,2022,2027,5,56000000,11200000,645261,MIA,Active,true,https://www.spotrac.com/mlb/miami-marlins/cash/_/year/2026 | https://www.spotrac.com/mlb/miami-marlins/contracts | https://www.spotrac.com/mlb/miami-marlins/tax/_/year/2026,,
2026-07-08T14:16:26+00:00,2026,MIA,Miami Marlins,miami-marlins,Santiago Solarte,santiagosolarte,https://www.spotrac.com/mlb/player/_/id/105424/santiago-solarte,SS,17,,,,,2026 Signing Bonus,,,,,,,,,1000000,,1000000,,,,,,,,,,,false,https://www.spotrac.com/mlb/miami-marlins/cash/_/year/2026,not_found_on_tax_page;not_found_on_contracts_page,
2026-07-08T14:16:26+00:00,2026,MIA,Miami Marlins,miami-marlins,Stephen Jones,stephenjones,https://www.spotrac.com/mlb/player/_/id/79675/stephen-jones,RP,28,,,,2026 Minor,2026 Minor,,,,Free Agent,,,4171,,4171,4171,,,,,,,,,,,,false,https://www.spotrac.com/mlb/miami-marlins/cash/_/year/2026 | https://www.spotrac.com/mlb/miami-marlins/tax/_/year/2026,not_found_on_contracts_page,
2026-07-08T14:16:26+00:00,2026,MIA,Miami Marlins,miami-marlins,Tyler Phillips,tylerphillips,https://www.spotrac.com/mlb/player/_/id/35705/tyler-phillips,RP,28,1.048,,,2026 Active Roster,2026 Active Roster,Miami Marlins Contracts,,,Pre-Arbitration,Pre-Arbitration,,794000,0.33,794000,794000,,,2026,2026,2026,1,794000,794000,663969,MIA,Active,true,https://www.spotrac.com/mlb/miami-marlins/cash/_/year/2026 | https://www.spotrac.com/mlb/miami-marlins/contracts | https://www.spotrac.com/mlb/miami-marlins/tax/_/year/2026,,
2026-07-08T14:16:26+00:00,2026,MIA,Miami Marlins,miami-marlins,Tyler Zuber,tylerzuber,https://www.spotrac.com/mlb/player/_/id/23393/tyler-zuber,RP,31,2.157,,,2026 Active Roster,2026 Active Roster,Miami Marlins Contracts,,,Free Agent,Free Agent,,492178,0.20,492178,492178,,,2026,2026,2026,1,780000,780000,676604,MIA,Active,true,https://www.spotrac.com/mlb/miami-marlins/cash/_/year/2026 | https://www.spotrac.com/mlb/miami-marlins/contracts | https://www.spotrac.com/mlb/miami-marlins/tax/_/year/2026,,
2026-07-08T14:16:26+00:00,2026,MIA,Miami Marlins,miami-marlins,William Kempner,williamkempner,https://www.spotrac.com/mlb/player/_/id/78702/william-kempner,RP,25,,,,2026 Active Roster,2026 Active Roster,Miami Marlins Contracts,,,Pre-Arbitration,Pre-Arbitration,,437955,0.18,437955,437955,,,2026,2026,2026,1,780000,780000,687531,MIA,Active,true,https://www.spotrac.com/mlb/miami-marlins/cash/_/year/2026 | https://www.spotrac.com/mlb/miami-marlins/contracts | https://www.spotrac.com/mlb/miami-marlins/tax/_/year/2026,,
2026-07-08T14:16:26+00:00,2026,MIA,Miami Marlins,miami-marlins,Xavier Edwards,xavieredwards,https://www.spotrac.com/mlb/player/_/id/26061/xavier-edwards,2B,26,2.034,,,2026 Active Roster,2026 Active Roster,Miami Marlins Contracts,,,Pre-Arbitration,Pre-Arbitration,,804000,0.33,804000,804000,,,2026,2026,2026,1,804000,804000,669364,MIA,Active,true,https://www.spotrac.com/mlb/miami-marlins/cash/_/year/2026 | https://www.spotrac.com/mlb/miami-marlins/contracts | https://www.spotrac.com/mlb/miami-marlins/tax/_/year/2026,,
2026-07-08T14:16:26+00:00,2026,MIA,Miami Marlins,miami-marlins,Yendi Pirela,yendipirela,https://www.spotrac.com/mlb/player/_/id/105544/yendi-pirela,C,17,,,,,2026 Signing Bonus,,,,,,,,,135000,,135000,,,,,,,,,,,false,https://www.spotrac.com/mlb/miami-marlins/cash/_/year/2026,not_found_on_tax_page;not_found_on_contracts_page,
2026-07-08T14:16:26+00:00,2026,MIA,Miami Marlins,miami-marlins,Yerison Mendez,yerisonmendez,https://www.spotrac.com/mlb/player/_/id/105540/yerison-mendez,P,16,,,,,2026 Signing Bonus,,,,,,,,,70000,,70000,,,,,,,,,,,false,https://www.spotrac.com/mlb/miami-marlins/cash/_/year/2026,not_found_on_tax_page;not_found_on_contracts_page,
2026-07-08T14:16:26+00:00,2026,MIA,Miami Marlins,miami-marlins,Zach Brzykcy,zachbrzykcy,https://www.spotrac.com/mlb/player/_/id/85629/zach-brzykcy,RP,26,0.124,,,2026 Active Roster,2026 Active Roster,Miami Marlins Contracts,,,Pre-Arbitration,Pre-Arbitration,,387903,0.16,387903,387903,,,2026,2026,2026,1,780000,780000,694350,MIA,Active,true,https://www.spotrac.com/mlb/miami-marlins/cash/_/year/2026 | https://www.spotrac.com/mlb/miami-marlins/contracts | https://www.spotrac.com/mlb/miami-marlins/tax/_/year/2026,,
2026-07-08T14:16:26+00:00,2026,MIL,Milwaukee Brewers,milwaukee-brewers,Aaron Ashby,aaronashby,https://www.spotrac.com/mlb/player/_/id/26154/aaron-ashby,RP,28,3.088,,,2026 Active Roster,2026 Active Roster,Milwaukee Brewers Contracts,,,Extension Pre-Arbitration,Extension Pre-Arbitration,,4100000,1.68,5500000,5500000,,,2023,2023,2029,5,20500000,4100000,676879,MIL,Active,true,https://www.spotrac.com/mlb/milwaukee-brewers/cash/_/year/2026 | https://www.spotrac.com/mlb/milwaukee-brewers/contracts | https://www.spotrac.com/mlb/milwaukee-brewers/tax/_/year/2026,,
2026-07-08T14:16:26+00:00,2026,MIL,Milwaukee Brewers,milwaukee-brewers,Abner Uribe,abneruribe,https://www.spotrac.com/mlb/player/_/id/74927/abner-uribe,RP,26,1.121,,,2026 Active Roster,2026 Active Roster,Milwaukee Brewers Contracts,,,Pre-Arbitration,Pre-Arbitration,,798300,0.33,798300,798300,,,2026,2026,2026,1,798300,798300,682842,MIL,Active,true,https://www.spotrac.com/mlb/milwaukee-brewers/cash/_/year/2026 | https://www.spotrac.com/mlb/milwaukee-brewers/contracts | https://www.spotrac.com/mlb/milwaukee-brewers/tax/_/year/2026,,
2026-07-08T14:16:26+00:00,2026,MIL,Milwaukee Brewers,milwaukee-brewers,Akil Baddoo,akilbaddoo,https://www.spotrac.com/mlb/player/_/id/19996/akil-baddoo,LF,27,3.021,,,2026 Minor,2026 Minor,Milwaukee Brewers Contracts,,,Free Agent,Free Agent,,1250000,0.51,1250000,1250000,,,2026,2026,2026,1,1250000,1250000,668731,MIL,Reassigned to Minors,true,https://www.spotrac.com/mlb/milwaukee-brewers/cash/_/year/2026 | https://www.spotrac.com/mlb/milwaukee-brewers/contracts | https://www.spotrac.com/mlb/milwaukee-brewers/tax/_/year/2026,,
2026-07-08T14:16:26+00:00,2026,MIL,Milwaukee Brewers,milwaukee-brewers,Alexander Mercedes,alexandermercedes,https://www.spotrac.com/mlb/player/_/id/105448/alexander-mercedes,P,17,,,,,2026 Signing Bonus,,,,,,,,,100000,,100000,,,,,,,,,,,false,https://www.spotrac.com/mlb/milwaukee-brewers/cash/_/year/2026,not_found_on_tax_page;not_found_on_contracts_page,
2026-07-08T14:16:26+00:00,2026,MIL,Milwaukee Brewers,milwaukee-brewers,Andrew Vaughn,andrewvaughn,https://www.spotrac.com/mlb/player/_/id/30401/andrew-vaughn,1B,28,4.142,,,2026 Active Roster,2026 Active Roster,Milwaukee Brewers Contracts,,,Arbitration 3,Arbitration,,7650000,3.14,7650000,7650000,,,2026,2026,2026,1,7650000,7650000,683734,MIL,Active,true,https://www.spotrac.com/mlb/milwaukee-brewers/cash/_/year/2026 | https://www.spotrac.com/mlb/milwaukee-brewers/contracts | https://www.spotrac.com/mlb/milwaukee-brewers/tax/_/year/2026,,
2026-07-08T14:16:26+00:00,2026,MIL,Milwaukee Brewers,milwaukee-brewers,Angel Zerpa,angelzerpa,https://www.spotrac.com/mlb/player/_/id/70742/angel-zerpa,RP,26,3.082,,,2026 Injured List,2026 Injured List,Milwaukee Brewers Contracts,,,Arbitration 1,Arbitration,,1095000,,1095000,1095000,,,2026,2026,2026,1,1095000,1095000,672582,MIL,Injured 60-Day,true,https://www.spotrac.com/mlb/milwaukee-brewers/cash/_/year/2026 | https://www.spotrac.com/mlb/milwaukee-brewers/contracts | https://www.spotrac.com/mlb/milwaukee-brewers/tax/_/year/2026,,
2026-07-08T14:16:26+00:00,2026,MIL,Milwaukee Brewers,milwaukee-brewers,Angeni Fernandez,angenifernandez,https://www.spotrac.com/mlb/player/_/id/105441/angeni-fernandez,SS,16,,,,,2026 Signing Bonus,,,,,,,,,500000,,500000,,,,,,,,,,,false,https://www.spotrac.com/mlb/milwaukee-brewers/cash/_/year/2026,not_found_on_tax_page;not_found_on_contracts_page,
2026-07-08T14:16:26+00:00,2026,MIL,Milwaukee Brewers,milwaukee-brewers,Blake Perkins,blakeperkins,https://www.spotrac.com/mlb/player/_/id/17679/blake-perkins,RF,29,2.133,,,2026 Minor,2026 Minor,,,,Pre-Arbitration,,,417100,0.17,417100,417100,,,,,,,,,663368,MIL,Reassigned to Minors,true,https://www.spotrac.com/mlb/milwaukee-brewers/cash/_/year/2026 | https://www.spotrac.com/mlb/milwaukee-brewers/tax/_/year/2026,not_found_on_contracts_page,
2026-07-08T14:16:26+00:00,2026,MIL,Milwaukee Brewers,milwaukee-brewers,Brandon Lockridge,brandonlockridge,https://www.spotrac.com/mlb/player/_/id/26190/brandon-lockridge,LF,29,0.147,,,2026 Injured List,2026 Injured List,Milwaukee Brewers Contracts,,,Pre-Arbitration,Pre-Arbitration,,783100,,783100,783100,,,2026,2026,2026,1,783100,783100,663604,MIL,Injured 60-Day,true,https://www.spotrac.com/mlb/milwaukee-brewers/cash/_/year/2026 | https://www.spotrac.com/mlb/milwaukee-brewers/contracts | https://www.spotrac.com/mlb/milwaukee-brewers/tax/_/year/2026,,
2026-07-08T14:16:26+00:00,2026,MIL,Milwaukee Brewers,milwaukee-brewers,Brandon Sproat,brandonsproat,https://www.spotrac.com/mlb/player/_/id/31145/brandon-sproat,SP,25,0.022,,,2026 Active Roster,2026 Active Roster,Milwaukee Brewers Contracts,,,Pre-Arbitration,Pre-Arbitration,,783000,0.32,783000,783000,,,2026,2026,2026,1,783000,783000,687075,MIL,Active,true,https://www.spotrac.com/mlb/milwaukee-brewers/cash/_/year/2026 | https://www.spotrac.com/mlb/milwaukee-brewers/contracts | https://www.spotrac.com/mlb/milwaukee-brewers/tax/_/year/2026,,
2026-07-08T14:16:26+00:00,2026,MIL,Milwaukee Brewers,milwaukee-brewers,Brandon Woodruff,brandonwoodruff,https://www.spotrac.com/mlb/player/_/id/23109/brandon-woodruff,SP,33,7.161,,,2026 Injured List,2026 Injured List,Milwaukee Brewers Contracts,,,Qualifying Offer,Qualifying Offer,,22025000,9.03,22025000,22025000,,,2026,2026,2026,1,22025000,22025000,605540,MIL,Injured 15-Day,true,https://www.spotrac.com/mlb/milwaukee-brewers/cash/_/year/2026 | https://www.spotrac.com/mlb/milwaukee-brewers/contracts | https://www.spotrac.com/mlb/milwaukee-brewers/tax/_/year/2026,,
2026-07-08T14:16:26+00:00,2026,MIL,Milwaukee Brewers,milwaukee-brewers,Brian Fitzpatrick,brianfitzpatrick,https://www.spotrac.com/mlb/player/_/id/78895/brian-fitzpatrick,RP,26,,,,2026 Injured List,2026 Injured List,Milwaukee Brewers Contracts,,,Pre-Arbitration,Pre-Arbitration,,542230,,542230,542230,,,2026,2026,2026,1,780000,780000,702153,MIL,Injured 60-Day,true,https://www.spotrac.com/mlb/milwaukee-brewers/cash/_/year/2026 | https://www.spotrac.com/mlb/milwaukee-brewers/contracts | https://www.spotrac.com/mlb/milwaukee-brewers/tax/_/year/2026,,
2026-07-08T14:16:26+00:00,2026,MIL,Milwaukee Brewers,milwaukee-brewers,Brice Turang,briceturang,https://www.spotrac.com/mlb/player/_/id/26044/brice-turang,2B,26,2.165,,,2026 Active Roster,2026 Active Roster,Milwaukee Brewers Contracts,,,Arbitration 1 Super Two,Arbitration,,4150000,1.70,4150000,4150000,,,2026,2026,2026,1,4150000,4150000,668930,MIL,Active,true,https://www.spotrac.com/mlb/milwaukee-brewers/cash/_/year/2026 | https://www.spotrac.com/mlb/milwaukee-brewers/contracts | https://www.spotrac.com/mlb/milwaukee-brewers/tax/_/year/2026,,
2026-07-08T14:16:26+00:00,2026,MIL,Milwaukee Brewers,milwaukee-brewers,Carlos F. Rodriguez,carlosfrodriguez,https://www.spotrac.com/mlb/player/_/id/73439/carlos-f-rodriguez,RP,24,0.045,,,2026 Minor,2026 Minor,,,,Pre-Arbitration,,,54223,0.02,54223,54223,,,,,,,,,,,,false,https://www.spotrac.com/mlb/milwaukee-brewers/cash/_/year/2026 | https://www.spotrac.com/mlb/milwaukee-brewers/tax/_/year/2026,not_found_on_contracts_page,
2026-07-08T14:16:26+00:00,2026,MIL,Milwaukee Brewers,milwaukee-brewers,Chad Patrick,chadpatrick,https://www.spotrac.com/mlb/player/_/id/73370/chad-patrick,RP,27,0.125,,,2026 Active Roster,2026 Active Roster,Milwaukee Brewers Contracts,,,Pre-Arbitration,Pre-Arbitration,,796400,0.33,796400,796400,,,2026,2026,2026,1,796400,796400,694477,MIL,Active,true,https://www.spotrac.com/mlb/milwaukee-brewers/cash/_/year/2026 | https://www.spotrac.com/mlb/milwaukee-brewers/contracts | https://www.spotrac.com/mlb/milwaukee-brewers/tax/_/year/2026,,
2026-07-08T14:16:26+00:00,2026,MIL,Milwaukee Brewers,milwaukee-brewers,Christian Yelich,christianyelich,https://www.spotrac.com/mlb/player/_/id/14316/christian-yelich,LF,34,12.069,,,2026 Active Roster,2026 Active Roster,Milwaukee Brewers Contracts,,,Extension,Extension,,23370000,9.58,22000000,22000000,,,2020,2020,2029,7,188500000,26928571,592885,MIL,Active,true,https://www.spotrac.com/mlb/milwaukee-brewers/cash/_/year/2026 | https://www.spotrac.com/mlb/milwaukee-brewers/contracts | https://www.spotrac.com/mlb/milwaukee-brewers/tax/_/year/2026,,
2026-07-08T14:16:26+00:00,2026,MIL,Milwaukee Brewers,milwaukee-brewers,Coleman Crow,colemancrow,https://www.spotrac.com/mlb/player/_/id/79776/coleman-crow,RP,25,,,,2026 Injured List,2026 Injured List,Milwaukee Brewers Contracts,,,Pre-Arbitration,Pre-Arbitration,,525546,0.22,525546,525546,,,2026,2026,2026,1,780000,780000,689441,MIL,Injured 15-Day,true,https://www.spotrac.com/mlb/milwaukee-brewers/cash/_/year/2026 | https://www.spotrac.com/mlb/milwaukee-brewers/contracts | https://www.spotrac.com/mlb/milwaukee-brewers/tax/_/year/2026,,
2026-07-08T14:16:26+00:00,2026,MIL,Milwaukee Brewers,milwaukee-brewers,Cooper Pratt,cooperpratt,https://www.spotrac.com/mlb/player/_/id/84926/cooper-pratt,SS,21,,,,2026 Active Roster,2026 Active Roster,Milwaukee Brewers Contracts,,,Extension Pre-Arbitration,Extension Pre-Arbitration,,6343750,2.60,5500000,2500000,3000000,,2026,2026,2035,8,50750000,6343750,806198,MIL,Active,true,https://www.spotrac.com/mlb/milwaukee-brewers/cash/_/year/2026 | https://www.spotrac.com/mlb/milwaukee-brewers/contracts | https://www.spotrac.com/mlb/milwaukee-brewers/tax/_/year/2026,,
2026-07-08T14:16:26+00:00,2026,MIL,Milwaukee Brewers,milwaukee-brewers,Craig Yoho,craigyoho,https://www.spotrac.com/mlb/player/_/id/84990/craig-yoho,RP,26,0.042,,,2026 Active Roster,2026 Active Roster,Milwaukee Brewers Contracts,,,Pre-Arbitration,Pre-Arbitration,,422180,0.17,422180,422180,,,2026,2026,2026,1,781600,781600,684974,MIL,Active,true,https://www.spotrac.com/mlb/milwaukee-brewers/cash/_/year/2026 | https://www.spotrac.com/mlb/milwaukee-brewers/contracts | https://www.spotrac.com/mlb/milwaukee-brewers/tax/_/year/2026,,
2026-07-08T14:16:26+00:00,2026,MIL,Milwaukee Brewers,milwaukee-brewers,D.L. Hall,dlhall,https://www.spotrac.com/mlb/player/_/id/23230/dl-hall,RP,27,2.074,,,2026 Injured List,2026 Injured List,Milwaukee Brewers Contracts,,,Pre-Arbitration,Pre-Arbitration,,788000,0.32,788000,788000,,,2026,2026,2026,1,788000,788000,669084,MIL,Injured 15-Day,true,https://www.spotrac.com/mlb/milwaukee-brewers/cash/_/year/2026 | https://www.spotrac.com/mlb/milwaukee-brewers/contracts | https://www.spotrac.com/mlb/milwaukee-brewers/tax/_/year/2026,,
2026-07-08T14:16:26+00:00,2026,MIL,Milwaukee Brewers,milwaukee-brewers,Daniel Munoz,danielmunoz,https://www.spotrac.com/mlb/player/_/id/105772/daniel-munoz,P,17,,,,,2026 Signing Bonus,,,,,,,,,25000,,25000,,,,,,,,,,,false,https://www.spotrac.com/mlb/milwaukee-brewers/cash/_/year/2026,not_found_on_tax_page;not_found_on_contracts_page,
2026-07-08T14:16:26+00:00,2026,MIL,Milwaukee Brewers,milwaukee-brewers,David Hamilton,davidhamilton,https://www.spotrac.com/mlb/player/_/id/31200/david-hamilton,3B,28,2.011,,,2026 Injured List,2026 Injured List,Milwaukee Brewers Contracts,,,Pre-Arbitration,Pre-Arbitration,,787300,0.32,787300,787300,,,2026,2026,2026,1,787300,787300,666152,MIL,Injured 10-Day,true,https://www.spotrac.com/mlb/milwaukee-brewers/cash/_/year/2026 | https://www.spotrac.com/mlb/milwaukee-brewers/contracts | https://www.spotrac.com/mlb/milwaukee-brewers/tax/_/year/2026,,
2026-07-08T14:16:26+00:00,2026,MIL,Milwaukee Brewers,milwaukee-brewers,Diego Frontado,diegofrontado,https://www.spotrac.com/mlb/player/_/id/105437/diego-frontado,SS,17,,,,,2026 Signing Bonus,,,,,,,,,1600000,,1600000,,,,,,,,,,,false,https://www.spotrac.com/mlb/milwaukee-brewers/cash/_/year/2026,not_found_on_tax_page;not_found_on_contracts_page,
2026-07-08T14:16:26+00:00,2026,MIL,Milwaukee Brewers,milwaukee-brewers,Diego Trillo,diegotrillo,https://www.spotrac.com/mlb/player/_/id/105808/diego-trillo,P,17,,,,,2026 Signing Bonus,,,,,,,,,10000,,10000,,,,,,,,,,,false,https://www.spotrac.com/mlb/milwaukee-brewers/cash/_/year/2026,not_found_on_tax_page;not_found_on_contracts_page,
2026-07-08T14:16:26+00:00,2026,MIL,Milwaukee Brewers,milwaukee-brewers,Drew Rom,drewrom,https://www.spotrac.com/mlb/player/_/id/26144/drew-rom,RP,26,1.044,,,2026 Active Roster,2026 Active Roster,Milwaukee Brewers Contracts,,,Pre-Arbitration,Pre-Arbitration,,417100,0.17,417100,417100,,,2026,2026,2026,1,780000,780000,680723,MIL,Active,true,https://www.spotrac.com/mlb/milwaukee-brewers/cash/_/year/2026 | https://www.spotrac.com/mlb/milwaukee-brewers/contracts | https://www.spotrac.com/mlb/milwaukee-brewers/tax/_/year/2026,,
2026-07-08T14:16:26+00:00,2026,MIL,Milwaukee Brewers,milwaukee-brewers,Easton McGee,eastonmcgee,https://www.spotrac.com/mlb/player/_/id/20677/easton-mcgee,RP,28,1.024,,,2026 Minor,2026 Minor,,,,Pre-Arbitration,,,37539,0.02,37539,37539,,,,,,,,,668834,MIL,Reassigned to Minors,true,https://www.spotrac.com/mlb/milwaukee-brewers/cash/_/year/2026 | https://www.spotrac.com/mlb/milwaukee-brewers/tax/_/year/2026,not_found_on_contracts_page,
2026-07-08T14:16:26+00:00,2026,MIL,Milwaukee Brewers,milwaukee-brewers,Enrique Lovera,enriquelovera,https://www.spotrac.com/mlb/player/_/id/105447/enrique-lovera,OF,17,,,,,2026 Signing Bonus,,,,,,,,,140000,,140000,,,,,,,,,,,false,https://www.spotrac.com/mlb/milwaukee-brewers/cash/_/year/2026,not_found_on_tax_page;not_found_on_contracts_page,
2026-07-08T14:16:26+00:00,2026,MIL,Milwaukee Brewers,milwaukee-brewers,Garrett Mitchell,garrettmitchell,https://www.spotrac.com/mlb/player/_/id/48374/garrett-mitchell,CF,27,3.040,,,2026 Active Roster,2026 Active Roster,Milwaukee Brewers Contracts,,,Arbitration 1,Arbitration,,950000,0.39,950000,950000,,,2026,2026,2026,1,950000,950000,669003,MIL,Active,true,https://www.spotrac.com/mlb/milwaukee-brewers/cash/_/year/2026 | https://www.spotrac.com/mlb/milwaukee-brewers/contracts | https://www.spotrac.com/mlb/milwaukee-brewers/tax/_/year/2026,,
2026-07-08T14:16:26+00:00,2026,MIL,Milwaukee Brewers,milwaukee-brewers,Garrett Stallings,garrettstallings,https://www.spotrac.com/mlb/player/_/id/30553/garrett-stallings,RP,28,,,,2026 Active Roster,2026 Active Roster,Milwaukee Brewers Contracts,,,Pre-Arbitration,Pre-Arbitration,,780000,0.32,780000,780000,,,2026,2026,2026,1,780000,780000,668831,MIL,Active,true,https://www.spotrac.com/mlb/milwaukee-brewers/cash/_/year/2026 | https://www.spotrac.com/mlb/milwaukee-brewers/contracts | https://www.spotrac.com/mlb/milwaukee-brewers/tax/_/year/2026,,
2026-07-08T14:16:26+00:00,2026,MIL,Milwaukee Brewers,milwaukee-brewers,Gary Sánchez,garysanchez,https://www.spotrac.com/mlb/player/_/id/16110/gary-s%C3%A1nchez,C,33,9.050,,,2026 Active Roster,2026 Active Roster,Milwaukee Brewers Contracts,,,Free Agent,Free Agent,,1750000,0.72,1750000,1750000,,,2026,2026,2027,1,1750000,1750000,596142,MIL,Active,true,https://www.spotrac.com/mlb/milwaukee-brewers/cash/_/year/2026 | https://www.spotrac.com/mlb/milwaukee-brewers/contracts | https://www.spotrac.com/mlb/milwaukee-brewers/tax/_/year/2026,,
2026-07-08T14:16:26+00:00,2026,MIL,Milwaukee Brewers,milwaukee-brewers,Grant Anderson,grantanderson,https://www.spotrac.com/mlb/player/_/id/26630/grant-anderson,RP,29,2.007,,,2026 Active Roster,2026 Active Roster,Milwaukee Brewers Contracts,,,Pre-Arbitration,Pre-Arbitration,,792900,0.33,792900,792900,,,2026,2026,2026,1,792900,792900,681982,MIL,Active,true,https://www.spotrac.com/mlb/milwaukee-brewers/cash/_/year/2026 | https://www.spotrac.com/mlb/milwaukee-brewers/contracts | https://www.spotrac.com/mlb/milwaukee-brewers/tax/_/year/2026,,
2026-07-08T14:16:26+00:00,2026,MIL,Milwaukee Brewers,milwaukee-brewers,Greg Jones,gregjones,https://www.spotrac.com/mlb/player/_/id/30420/greg-jones,SS,28,0.037,,,2026 Active Roster,2026 Active Roster,Milwaukee Brewers Contracts,,,Free Agent,Free Agent,,425442,0.17,425442,425442,,,2026,2026,2026,1,780000,780000,675659,MIL,Active,true,https://www.spotrac.com/mlb/milwaukee-brewers/cash/_/year/2026 | https://www.spotrac.com/mlb/milwaukee-brewers/contracts | https://www.spotrac.com/mlb/milwaukee-brewers/tax/_/year/2026,,
2026-07-08T14:16:26+00:00,2026,MIL,Milwaukee Brewers,milwaukee-brewers,Jackson Chourio,jacksonchourio,https://www.spotrac.com/mlb/player/_/id/71218/jackson-chourio,LF,22,2.000,,,2026 Active Roster,2026 Active Roster,Milwaukee Brewers Contracts,,,Extension Pre-Arbitration,Extension Pre-Arbitration,,10250000,4.20,7000000,7000000,,,2024,2024,2033,8,82000000,10250000,694192,MIL,Active,true,https://www.spotrac.com/mlb/milwaukee-brewers/cash/_/year/2026 | https://www.spotrac.com/mlb/milwaukee-brewers/contracts | https://www.spotrac.com/mlb/milwaukee-brewers/tax/_/year/2026,,
2026-07-08T14:16:26+00:00,2026,MIL,Milwaukee Brewers,milwaukee-brewers,Jacob Misiorowski,jacobmisiorowski,https://www.spotrac.com/mlb/player/_/id/78625/jacob-misiorowski,SP,24,0.109,,,2026 Active Roster,2026 Active Roster,Milwaukee Brewers Contracts,,,Pre-Arbitration,Pre-Arbitration,,788300,0.32,788300,788300,,,2026,2026,2026,1,788300,788300,694819,MIL,Active,true,https://www.spotrac.com/mlb/milwaukee-brewers/cash/_/year/2026 | https://www.spotrac.com/mlb/milwaukee-brewers/contracts | https://www.spotrac.com/mlb/milwaukee-brewers/tax/_/year/2026,,
2026-07-08T14:16:26+00:00,2026,MIL,Milwaukee Brewers,milwaukee-brewers,Jake Bauers,jakebauers,https://www.spotrac.com/mlb/player/_/id/21305/jake-bauers,1B,30,5.084,,,2026 Active Roster,2026 Active Roster,Milwaukee Brewers Contracts,,,Arbitration 3,Arbitration,,2700000,1.11,2700000,2700000,,,2026,2026,2026,1,2700000,2700000,641343,MIL,Active,true,https://www.spotrac.com/mlb/milwaukee-brewers/cash/_/year/2026 | https://www.spotrac.com/mlb/milwaukee-brewers/contracts | https://www.spotrac.com/mlb/milwaukee-brewers/tax/_/year/2026,,
2026-07-08T14:16:26+00:00,2026,MIL,Milwaukee Brewers,milwaukee-brewers,Jake Woodford,jakewoodford,https://www.spotrac.com/mlb/player/_/id/20521/jake-woodford,RP,29,4.008,,,2026 Dead Money,2026 Dead Money,,,,,,,390404,0.16,390404,390404,,,,,,,,,663765,CHC,Active,true_other_team,https://www.spotrac.com/mlb/milwaukee-brewers/cash/_/year/2026 | https://www.spotrac.com/mlb/milwaukee-brewers/tax/_/year/2026,not_found_on_contracts_page,
2026-07-08T14:16:26+00:00,2026,MIL,Milwaukee Brewers,milwaukee-brewers,Jared Koenig,jaredkoenig,https://www.spotrac.com/mlb/player/_/id/77938/jared-koenig,RP,32,2.043,,,2026 Active Roster,2026 Active Roster,,,,Pre-Arbitration,,,795600,0.33,795600,795600,,,,,,,,,657649,MIL,Active,true,https://www.spotrac.com/mlb/milwaukee-brewers/cash/_/year/2026 | https://www.spotrac.com/mlb/milwaukee-brewers/tax/_/year/2026,not_found_on_contracts_page,
2026-07-08T14:16:26+00:00,2026,MIL,Milwaukee Brewers,milwaukee-brewers,Jean Rivero,jeanrivero,https://www.spotrac.com/mlb/player/_/id/105852/jean-rivero,P,18,,,,,2026 Signing Bonus,,,,,,,,,10000,,10000,,,,,,,,,,,false,https://www.spotrac.com/mlb/milwaukee-brewers/cash/_/year/2026,not_found_on_tax_page;not_found_on_contracts_page,
2026-07-08T14:16:26+00:00,2026,MIL,Milwaukee Brewers,milwaukee-brewers,Jeferson Quero,jefersonquero,https://www.spotrac.com/mlb/player/_/id/74924/jeferson-quero,C,23,,,,2026 Minor,2026 Minor,,,,Pre-Arbitration,,,12513,0.01,12513,12513,,,,,,,,,691620,MIL,Reassigned to Minors,true,https://www.spotrac.com/mlb/milwaukee-brewers/cash/_/year/2026 | https://www.spotrac.com/mlb/milwaukee-brewers/tax/_/year/2026,not_found_on_contracts_page,
2026-07-08T14:16:26+00:00,2026,MIL,Milwaukee Brewers,milwaukee-brewers,Joel Kuhnel,joelkuhnel,https://www.spotrac.com/mlb/player/_/id/20866/joel-kuhnel,RP,31,1.127,,,2026 Injured List,2026 Injured List,Milwaukee Brewers Contracts,,,Free Agent,Free Agent,,471323,0.19,471323,471323,,,2026,2026,2026,1,780000,780000,669270,MIL,Injured 15-Day,true,https://www.spotrac.com/mlb/milwaukee-brewers/cash/_/year/2026 | https://www.spotrac.com/mlb/milwaukee-brewers/contracts | https://www.spotrac.com/mlb/milwaukee-brewers/tax/_/year/2026,,
2026-07-08T14:16:26+00:00,2026,MIL,Milwaukee Brewers,milwaukee-brewers,Joey Ortiz,joeyortiz,https://www.spotrac.com/mlb/player/_/id/30508/joey-ortiz,SS,27,2.030,,,2026 Active Roster,2026 Active Roster,Milwaukee Brewers Contracts,,,Pre-Arbitration,Pre-Arbitration,,790400,0.32,790400,790400,,,2026,2026,2026,1,790400,790400,687401,MIL,Active,true,https://www.spotrac.com/mlb/milwaukee-brewers/cash/_/year/2026 | https://www.spotrac.com/mlb/milwaukee-brewers/contracts | https://www.spotrac.com/mlb/milwaukee-brewers/tax/_/year/2026,,
2026-07-08T14:16:26+00:00,2026,MIL,Milwaukee Brewers,milwaukee-brewers,Jose Quintana,josequintana,https://www.spotrac.com/mlb/player/_/id/10660/jose-quintana,SP,37,,,,,2026 Dead Money,,,,,,,,,1000000,1000000,,,,,,,,,500779,COL,Injured 60-Day,true_other_team,https://www.spotrac.com/mlb/milwaukee-brewers/cash/_/year/2026,not_found_on_tax_page;not_found_on_contracts_page,
2026-07-08T14:16:26+00:00,2026,MIL,Milwaukee Brewers,milwaukee-brewers,Jose Rodriguez,joserodriguez,https://www.spotrac.com/mlb/player/_/id/105438/jose-rodriguez,SS,17,,,,,2026 Signing Bonus,,,,,,,,,1500000,,1500000,,,,,,,,,,,false,https://www.spotrac.com/mlb/milwaukee-brewers/cash/_/year/2026,not_found_on_tax_page;not_found_on_contracts_page,
2026-07-08T14:16:26+00:00,2026,MIL,Milwaukee Brewers,milwaukee-brewers,Kyle Harrison,kyleharrison,https://www.spotrac.com/mlb/player/_/id/48441/kyle-harrison,SP,24,1.102,,,2026 Active Roster,2026 Active Roster,Milwaukee Brewers Contracts,,,Pre-Arbitration,Pre-Arbitration,,786100,0.32,786100,786100,,,2026,2026,2026,1,786100,786100,690986,MIL,Active,true,https://www.spotrac.com/mlb/milwaukee-brewers/cash/_/year/2026 | https://www.spotrac.com/mlb/milwaukee-brewers/contracts | https://www.spotrac.com/mlb/milwaukee-brewers/tax/_/year/2026,,
2026-07-08T14:16:26+00:00,2026,MIL,Milwaukee Brewers,milwaukee-brewers,Leander Matos,leandermatos,https://www.spotrac.com/mlb/player/_/id/105444/leander-matos,SS,16,,,,,2026 Signing Bonus,,,,,,,,,300000,,300000,,,,,,,,,,,false,https://www.spotrac.com/mlb/milwaukee-brewers/cash/_/year/2026,not_found_on_tax_page;not_found_on_contracts_page,
2026-07-08T14:16:26+00:00,2026,MIL,Milwaukee Brewers,milwaukee-brewers,Logan Henderson,loganhenderson,https://www.spotrac.com/mlb/player/_/id/73379/logan-henderson,SP,24,0.075,,,2026 Injured List,2026 Injured List,Milwaukee Brewers Contracts,,,Pre-Arbitration,Pre-Arbitration,,613137,0.25,613137,613137,,,2026,2026,2026,1,780000,780000,701656,MIL,Injured 15-Day,true,https://www.spotrac.com/mlb/milwaukee-brewers/cash/_/year/2026 | https://www.spotrac.com/mlb/milwaukee-brewers/contracts | https://www.spotrac.com/mlb/milwaukee-brewers/tax/_/year/2026,,
2026-07-08T14:16:26+00:00,2026,MIL,Milwaukee Brewers,milwaukee-brewers,Lorenzo Cain,lorenzocain,https://www.spotrac.com/mlb/player/_/id/7415/lorenzo-cain,CF,40,,,,,2026 Deferred,,,,,,,,,1000000,1000000,,,,,,,,,,,,false,https://www.spotrac.com/mlb/milwaukee-brewers/cash/_/year/2026,not_found_on_tax_page;not_found_on_contracts_page,
2026-07-08T14:16:26+00:00,2026,MIL,Milwaukee Brewers,milwaukee-brewers,Luis Lara,luislara,https://www.spotrac.com/mlb/player/_/id/75479/luis-lara,OF,21,,,,2026 Active Roster,2026 Active Roster,Milwaukee Brewers Contracts,,,Extension Pre-Arbitration,Extension Pre-Arbitration,,4428571,1.82,4000000,2000000,2000000,,2026,2026,2035,7,31000000,4428571,800325,MIL,Active,true,https://www.spotrac.com/mlb/milwaukee-brewers/cash/_/year/2026 | https://www.spotrac.com/mlb/milwaukee-brewers/contracts | https://www.spotrac.com/mlb/milwaukee-brewers/tax/_/year/2026,,
2026-07-08T14:16:26+00:00,2026,MIL,Milwaukee Brewers,milwaukee-brewers,Luis Matos,luismatos,https://www.spotrac.com/mlb/player/_/id/27520/luis-matos,OF,24,1.156,,,2026 Minor,2026 Minor,,,,Pre-Arbitration,,,129301,,129301,129301,,,,,,,,,,,,false,https://www.spotrac.com/mlb/milwaukee-brewers/cash/_/year/2026 | https://www.spotrac.com/mlb/milwaukee-brewers/tax/_/year/2026,not_found_on_contracts_page,
2026-07-08T14:16:26+00:00,2026,MIL,Milwaukee Brewers,milwaukee-brewers,Luis Rengifo,luisrengifo,https://www.spotrac.com/mlb/player/_/id/28163/luis-rengifo,2B,29,,,,,2026 Dead Money,,,,,,,,,2200000,2000000,,,,,,,,,,,,false,https://www.spotrac.com/mlb/milwaukee-brewers/cash/_/year/2026,not_found_on_tax_page;not_found_on_contracts_page,
2026-07-08T14:16:26+00:00,2026,MIL,Milwaukee Brewers,milwaukee-brewers,Manny De Los Santos,mannydelossantos,https://www.spotrac.com/mlb/player/_/id/105443/manny-de-los-santos,SS,17,,,,,2026 Signing Bonus,,,,,,,,,325000,,325000,,,,,,,,,,,false,https://www.spotrac.com/mlb/milwaukee-brewers/cash/_/year/2026,not_found_on_tax_page;not_found_on_contracts_page,
2026-07-08T14:16:26+00:00,2026,MIL,Milwaukee Brewers,milwaukee-brewers,Marcos Veras,marcosveras,https://www.spotrac.com/mlb/player/_/id/105449/marcos-veras,P,16,,,,,2026 Signing Bonus,,,,,,,,,125000,,125000,,,,,,,,,,,false,https://www.spotrac.com/mlb/milwaukee-brewers/cash/_/year/2026,not_found_on_tax_page;not_found_on_contracts_page,
2026-07-08T14:16:26+00:00,2026,MIL,Milwaukee Brewers,milwaukee-brewers,Miguel Andrade,miguelandrade,https://www.spotrac.com/mlb/player/_/id/105851/miguel-andrade,P,18,,,,,2026 Signing Bonus,,,,,,,,,10000,,10000,,,,,,,,,,,false,https://www.spotrac.com/mlb/milwaukee-brewers/cash/_/year/2026,not_found_on_tax_page;not_found_on_contracts_page,
2026-07-08T14:16:26+00:00,2026,MIL,Milwaukee Brewers,milwaukee-brewers,Moises Salazar,moisessalazar,https://www.spotrac.com/mlb/player/_/id/105440/moises-salazar,C,16,,,,,2026 Signing Bonus,,,,,,,,,700000,,700000,,,,,,,,,,,false,https://www.spotrac.com/mlb/milwaukee-brewers/cash/_/year/2026,not_found_on_tax_page;not_found_on_contracts_page,
2026-07-08T14:16:26+00:00,2026,MIL,Milwaukee Brewers,milwaukee-brewers,Osiris Ramirez,osirisramirez,https://www.spotrac.com/mlb/player/_/id/105442/osiris-ramirez,3B,17,,,,,2026 Signing Bonus,,,,,,,,,450000,,450000,,,,,,,,,,,false,https://www.spotrac.com/mlb/milwaukee-brewers/cash/_/year/2026,not_found_on_tax_page;not_found_on_contracts_page,
2026-07-08T14:16:26+00:00,2026,MIL,Milwaukee Brewers,milwaukee-brewers,Peter Strzelecki,peterstrzelecki,https://www.spotrac.com/mlb/player/_/id/26700/peter-strzelecki,RP,31,1.029,,,2026 Dead Money,2026 Dead Money,,,,,,,4171,0.00,4171,4171,,,,,,,,,,,,false,https://www.spotrac.com/mlb/milwaukee-brewers/cash/_/year/2026 | https://www.spotrac.com/mlb/milwaukee-brewers/tax/_/year/2026,not_found_on_contracts_page,
2026-07-08T14:16:26+00:00,2026,MIL,Milwaukee Brewers,milwaukee-brewers,Quinn Priester,quinnpriester,https://www.spotrac.com/mlb/player/_/id/30416/quinn-priester,SP,25,1.134,,,2026 Injured List,2026 Injured List,Milwaukee Brewers Contracts,,,Pre-Arbitration,Pre-Arbitration,,803200,,803200,803200,,,2026,2026,2026,1,803200,803200,682990,MIL,Injured 60-Day,true,https://www.spotrac.com/mlb/milwaukee-brewers/cash/_/year/2026 | https://www.spotrac.com/mlb/milwaukee-brewers/contracts | https://www.spotrac.com/mlb/milwaukee-brewers/tax/_/year/2026,,
2026-07-08T14:16:26+00:00,2026,MIL,Milwaukee Brewers,milwaukee-brewers,Rhys Hoskins,rhyshoskins,https://www.spotrac.com/mlb/player/_/id/24355/rhys-hoskins,1B,33,,,,,2026 Dead Money,,,,,,,,,4000000,4000000,,,,,,,,,656555,CLE,Active,true_other_team,https://www.spotrac.com/mlb/milwaukee-brewers/cash/_/year/2026,not_found_on_tax_page;not_found_on_contracts_page,
2026-07-08T14:16:26+00:00,2026,MIL,Milwaukee Brewers,milwaukee-brewers,Ricki Moneys,rickimoneys,https://www.spotrac.com/mlb/player/_/id/105439/ricki-moneys,SS,17,,,,,2026 Signing Bonus,,,,,,,,,1150000,,1150000,,,,,,,,,,,false,https://www.spotrac.com/mlb/milwaukee-brewers/cash/_/year/2026,not_found_on_tax_page;not_found_on_contracts_page,
2026-07-08T14:16:26+00:00,2026,MIL,Milwaukee Brewers,milwaukee-brewers,Rob Zastryzny,robzastryzny,https://www.spotrac.com/mlb/player/_/id/20983/rob-zastryzny,RP,34,2.121,,,2026 Injured List,2026 Injured List,Milwaukee Brewers Contracts,,,Pre-Arbitration,Pre-Arbitration,,902500,0.37,902500,902500,,,2026,2026,2026,1,902500,902500,642239,MIL,Injured 15-Day,true,https://www.spotrac.com/mlb/milwaukee-brewers/cash/_/year/2026 | https://www.spotrac.com/mlb/milwaukee-brewers/contracts | https://www.spotrac.com/mlb/milwaukee-brewers/tax/_/year/2026,,
2026-07-08T14:16:26+00:00,2026,MIL,Milwaukee Brewers,milwaukee-brewers,Robert Gasser,robertgasser,https://www.spotrac.com/mlb/player/_/id/73333/robert-gasser,SP,27,1.136,,,2026 Minor,2026 Minor,,,,Pre-Arbitration,,,153475,0.06,153475,153475,,,,,,,,,688107,MIL,Active,true,https://www.spotrac.com/mlb/milwaukee-brewers/cash/_/year/2026 | https://www.spotrac.com/mlb/milwaukee-brewers/tax/_/year/2026,not_found_on_contracts_page,
2026-07-08T14:16:26+00:00,2026,MIL,Milwaukee Brewers,milwaukee-brewers,Ruben Revost,rubenrevost,https://www.spotrac.com/mlb/player/_/id/105930/ruben-revost,SS,17,,,,,2026 Signing Bonus,,,,,,,,,200000,,200000,,,,,,,,,,,false,https://www.spotrac.com/mlb/milwaukee-brewers/cash/_/year/2026,not_found_on_tax_page;not_found_on_contracts_page,
2026-07-08T14:16:26+00:00,2026,MIL,Milwaukee Brewers,milwaukee-brewers,Ryan Braun,ryanbraun,https://www.spotrac.com/mlb/player/_/id/485/ryan-braun,LF,42,,,,,2026 Deferred,,,,,,,,,1800000,1800000,,,,,,,,,,,,false,https://www.spotrac.com/mlb/milwaukee-brewers/cash/_/year/2026,not_found_on_tax_page;not_found_on_contracts_page,
2026-07-08T14:16:26+00:00,2026,MIL,Milwaukee Brewers,milwaukee-brewers,Sal Frelick,salfrelick,https://www.spotrac.com/mlb/player/_/id/73277/sal-frelick,RF,26,2.072,,,2026 Active Roster,2026 Active Roster,Milwaukee Brewers Contracts,,,Pre-Arbitration,Pre-Arbitration,,800600,0.33,800600,800600,,,2026,2026,2026,1,800600,800600,686217,MIL,Active,true,https://www.spotrac.com/mlb/milwaukee-brewers/cash/_/year/2026 | https://www.spotrac.com/mlb/milwaukee-brewers/contracts | https://www.spotrac.com/mlb/milwaukee-brewers/tax/_/year/2026,,
2026-07-08T14:16:26+00:00,2026,MIL,Milwaukee Brewers,milwaukee-brewers,Sammy Peralta,sammyperalta,https://www.spotrac.com/mlb/player/_/id/32014/sammy-peralta,RP,28,0.970,,,2026 Dead Money,2026 Dead Money,,,,,,,6833,0.00,6833,6833,,,,,,,,,,,,false,https://www.spotrac.com/mlb/milwaukee-brewers/cash/_/year/2026 | https://www.spotrac.com/mlb/milwaukee-brewers/tax/_/year/2026,not_found_on_contracts_page,
2026-07-08T14:16:26+00:00,2026,MIL,Milwaukee Brewers,milwaukee-brewers,Santiago Garcia,santiagogarcia,https://www.spotrac.com/mlb/player/_/id/105446/santiago-garcia,SS,17,,,,,2026 Signing Bonus,,,,,,,,,125000,,125000,,,,,,,,,,,false,https://www.spotrac.com/mlb/milwaukee-brewers/cash/_/year/2026,not_found_on_tax_page;not_found_on_contracts_page,
2026-07-08T14:16:26+00:00,2026,MIL,Milwaukee Brewers,milwaukee-brewers,Sebastian Franeites,sebastianfraneites,https://www.spotrac.com/mlb/player/_/id/105445/sebastian-franeites,C,17,,,,,2026 Signing Bonus,,,,,,,,,100000,,100000,,,,,,,,,,,false,https://www.spotrac.com/mlb/milwaukee-brewers/cash/_/year/2026,not_found_on_tax_page;not_found_on_contracts_page,
2026-07-08T14:16:26+00:00,2026,MIL,Milwaukee Brewers,milwaukee-brewers,Shane Drohan,shanedrohan,https://www.spotrac.com/mlb/player/_/id/48504/shane-drohan,SP,27,,,,2026 Active Roster,2026 Active Roster,Milwaukee Brewers Contracts,,,Pre-Arbitration,Pre-Arbitration,,663189,0.27,663189,663189,,,2026,2026,2026,1,780000,780000,675660,MIL,Active,true,https://www.spotrac.com/mlb/milwaukee-brewers/cash/_/year/2026 | https://www.spotrac.com/mlb/milwaukee-brewers/contracts | https://www.spotrac.com/mlb/milwaukee-brewers/tax/_/year/2026,,
2026-07-08T14:16:26+00:00,2026,MIL,Milwaukee Brewers,milwaukee-brewers,Steward Berroa,stewardberroa,https://www.spotrac.com/mlb/player/_/id/87176/steward-berroa,OF,27,0.077,,,2026 Dead Money,2026 Dead Money,,,,,,,34138,0.01,34138,34138,,,,,,,,,672642,PHI,Reassigned to Minors,true_other_team,https://www.spotrac.com/mlb/milwaukee-brewers/cash/_/year/2026 | https://www.spotrac.com/mlb/milwaukee-brewers/tax/_/year/2026,not_found_on_contracts_page,
2026-07-08T14:16:26+00:00,2026,MIL,Milwaukee Brewers,milwaukee-brewers,Trevor Megill,trevormegill,https://www.spotrac.com/mlb/player/_/id/26263/trevor-megill,RP,32,4.002,,,2026 Active Roster,2026 Active Roster,Milwaukee Brewers Contracts,,,Arbitration 2,Arbitration,,4700000,1.93,4700000,4700000,,,2026,2026,2026,1,4700000,4700000,656730,MIL,Active,true,https://www.spotrac.com/mlb/milwaukee-brewers/cash/_/year/2026 | https://www.spotrac.com/mlb/milwaukee-brewers/contracts | https://www.spotrac.com/mlb/milwaukee-brewers/tax/_/year/2026,,
2026-07-08T14:16:26+00:00,2026,MIL,Milwaukee Brewers,milwaukee-brewers,Tyler Black,tylerblack,https://www.spotrac.com/mlb/player/_/id/73295/tyler-black,LF,25,0.040,,,2026 Minor,2026 Minor,,,,Pre-Arbitration,,,75078,0.03,75078,75078,,,,,,,,,672012,MIL,Reassigned to Minors,true,https://www.spotrac.com/mlb/milwaukee-brewers/cash/_/year/2026 | https://www.spotrac.com/mlb/milwaukee-brewers/tax/_/year/2026,not_found_on_contracts_page,
2026-07-08T14:16:26+00:00,2026,MIL,Milwaukee Brewers,milwaukee-brewers,William Contreras,williamcontreras,https://www.spotrac.com/mlb/player/_/id/35691/william-contreras,C,28,4.112,,,2026 Active Roster,2026 Active Roster,Milwaukee Brewers Contracts,,,Arbitration 2,Arbitration,,9400000,3.85,9400000,9400000,,,2026,2026,2026,1,9400000,9400000,661388,MIL,Active,true,https://www.spotrac.com/mlb/milwaukee-brewers/cash/_/year/2026 | https://www.spotrac.com/mlb/milwaukee-brewers/contracts | https://www.spotrac.com/mlb/milwaukee-brewers/tax/_/year/2026,,
2026-07-08T14:16:26+00:00,2026,MIN,Minnesota Twins,minnesota-twins,Abel Sosa,abelsosa,https://www.spotrac.com/mlb/player/_/id/105451/abel-sosa,OF,17,,,,,2026 Signing Bonus,,,,,,,,,800000,,800000,,,,,,,,,,,false,https://www.spotrac.com/mlb/minnesota-twins/cash/_/year/2026,not_found_on_tax_page;not_found_on_contracts_page,
2026-07-08T14:16:26+00:00,2026,MIN,Minnesota Twins,minnesota-twins,Adrian Martinez,adrianmartinez,https://www.spotrac.com/mlb/player/_/id/105622/adrian-martinez,P,16,,,,,2026 Signing Bonus,,,,,,,,,100000,,100000,,,,,,,,,,,false,https://www.spotrac.com/mlb/minnesota-twins/cash/_/year/2026,not_found_on_tax_page;not_found_on_contracts_page,
2026-07-08T14:16:26+00:00,2026,MIN,Minnesota Twins,minnesota-twins,Alan Roden,alanroden,https://www.spotrac.com/mlb/player/_/id/78694/alan-roden,RF,26,0.134,,,2026 Active Roster,2026 Active Roster,Minnesota Twins Contracts,,,Pre-Arbitration,Pre-Arbitration,,342022,0.14,342022,342022,,,2026,2026,2026,1,780000,780000,702176,MIN,Active,true,https://www.spotrac.com/mlb/minnesota-twins/cash/_/year/2026 | https://www.spotrac.com/mlb/minnesota-twins/contracts | https://www.spotrac.com/mlb/minnesota-twins/tax/_/year/2026,,
2026-07-08T14:16:26+00:00,2026,MIN,Minnesota Twins,minnesota-twins,Alex Jackson,alexjackson,https://www.spotrac.com/mlb/player/_/id/17683/alex-jackson,C,30,3.036,,,2026 Active Roster,2026 Active Roster,Minnesota Twins Contracts,,,Arbitration 1,Arbitration,,1350000,0.55,1350000,1350000,,,2026,2026,2026,1,1350000,1350000,656577,MIN,Active,true,https://www.spotrac.com/mlb/minnesota-twins/cash/_/year/2026 | https://www.spotrac.com/mlb/minnesota-twins/contracts | https://www.spotrac.com/mlb/minnesota-twins/tax/_/year/2026,,
2026-07-08T14:16:26+00:00,2026,MIN,Minnesota Twins,minnesota-twins,Andrew Morris,andrewmorris,https://www.spotrac.com/mlb/player/_/id/78707/andrew-morris,RP,24,,,,2026 Active Roster,2026 Active Roster,Minnesota Twins Contracts,,,Pre-Arbitration,Pre-Arbitration,,704920,0.29,704919,704920,,,2026,2026,2026,1,780000,780000,702193,MIN,Active,true,https://www.spotrac.com/mlb/minnesota-twins/cash/_/year/2026 | https://www.spotrac.com/mlb/minnesota-twins/contracts | https://www.spotrac.com/mlb/minnesota-twins/tax/_/year/2026,,
2026-07-08T14:16:26+00:00,2026,MIN,Minnesota Twins,minnesota-twins,Anibal Beltre,anibalbeltre,https://www.spotrac.com/mlb/player/_/id/105624/anibal-beltre,SS,17,,,,,2026 Signing Bonus,,,,,,,,,490000,,490000,,,,,,,,,,,false,https://www.spotrac.com/mlb/minnesota-twins/cash/_/year/2026,not_found_on_tax_page;not_found_on_contracts_page,
2026-07-08T14:16:26+00:00,2026,MIN,Minnesota Twins,minnesota-twins,Anthony Banda,anthonybanda,https://www.spotrac.com/mlb/player/_/id/21150/anthony-banda,RP,32,4.135,,,2026 Injured List,2026 Injured List,,,,Arbitration 2,,,1625000,0.67,1625000,1625000,,,,,,,,,607455,MIN,Injured 15-Day,true,https://www.spotrac.com/mlb/minnesota-twins/cash/_/year/2026 | https://www.spotrac.com/mlb/minnesota-twins/tax/_/year/2026,not_found_on_contracts_page,
2026-07-08T14:16:26+00:00,2026,MIN,Minnesota Twins,minnesota-twins,Ashwar Sprok,ashwarsprok,https://www.spotrac.com/mlb/player/_/id/105629/ashwar-sprok,OF,17,,,,,2026 Signing Bonus,,,,,,,,,50000,,50000,,,,,,,,,,,false,https://www.spotrac.com/mlb/minnesota-twins/cash/_/year/2026,not_found_on_tax_page;not_found_on_contracts_page,
2026-07-08T14:16:26+00:00,2026,MIN,Minnesota Twins,minnesota-twins,Austin Martin,austinmartin,https://www.spotrac.com/mlb/player/_/id/48359/austin-martin,OF,27,1.041,,,2026 Active Roster,2026 Active Roster,Minnesota Twins Contracts,,,Pre-Arbitration,Pre-Arbitration,,790650,0.32,790650,790650,,,2026,2026,2026,1,790650,790650,668885,MIN,Active,true,https://www.spotrac.com/mlb/minnesota-twins/cash/_/year/2026 | https://www.spotrac.com/mlb/minnesota-twins/contracts | https://www.spotrac.com/mlb/minnesota-twins/tax/_/year/2026,,
2026-07-08T14:16:26+00:00,2026,MIN,Minnesota Twins,minnesota-twins,Austin Voth,austinvoth,https://www.spotrac.com/mlb/player/_/id/21134/austin-voth,RP,34,5.115,,,2026 Dead Money,2026 Dead Money,,,,,,,4545,0.00,4545,4545,,,,,,,,,,,,false,https://www.spotrac.com/mlb/minnesota-twins/cash/_/year/2026 | https://www.spotrac.com/mlb/minnesota-twins/tax/_/year/2026,not_found_on_contracts_page,
2026-07-08T14:16:26+00:00,2026,MIN,Minnesota Twins,minnesota-twins,Bailey Ober,baileyober,https://www.spotrac.com/mlb/player/_/id/23565/bailey-ober,SP,30,4.093,,,2026 Injured List,2026 Injured List,Minnesota Twins Contracts,,,Arbitration 2,Arbitration,,5200000,2.13,5200000,5200000,,,2026,2026,2026,1,5200000,5200000,641927,MIN,Injured 15-Day,true,https://www.spotrac.com/mlb/minnesota-twins/cash/_/year/2026 | https://www.spotrac.com/mlb/minnesota-twins/contracts | https://www.spotrac.com/mlb/minnesota-twins/tax/_/year/2026,,
2026-07-08T14:16:26+00:00,2026,MIN,Minnesota Twins,minnesota-twins,Brooks Lee,brookslee,https://www.spotrac.com/mlb/player/_/id/32248/brooks-lee,3B,25,1.089,,,2026 Active Roster,2026 Active Roster,Minnesota Twins Contracts,,,Pre-Arbitration,Pre-Arbitration,,793050,0.33,793050,793050,,,2026,2026,2026,1,793050,793050,686797,MIN,Active,true,https://www.spotrac.com/mlb/minnesota-twins/cash/_/year/2026 | https://www.spotrac.com/mlb/minnesota-twins/contracts | https://www.spotrac.com/mlb/minnesota-twins/tax/_/year/2026,,
2026-07-08T14:16:26+00:00,2026,MIN,Minnesota Twins,minnesota-twins,Byron Buxton,byronbuxton,https://www.spotrac.com/mlb/player/_/id/17603/byron-buxton,CF,32,9.160,,,2026 Injured List,2026 Injured List,Minnesota Twins Contracts,,,Extension Arbitration,Extension Arbitration,,14285714,5.85,15000000,15000000,,,2022,2022,2028,7,100000000,14285714,621439,MIN,Injured 10-Day,true,https://www.spotrac.com/mlb/minnesota-twins/cash/_/year/2026 | https://www.spotrac.com/mlb/minnesota-twins/contracts | https://www.spotrac.com/mlb/minnesota-twins/tax/_/year/2026,,
2026-07-08T14:16:26+00:00,2026,MIN,Minnesota Twins,minnesota-twins,Carlos Correa,carloscorrea,https://www.spotrac.com/mlb/player/_/id/14168/carlos-correa,3B,31,10.119,,,2026 Retained,2026 Retained,,,,Retained,,,10000000,,10000000,10000000,,,,,,,,,621043,HOU,Injured 60-Day,true_other_team,https://www.spotrac.com/mlb/minnesota-twins/cash/_/year/2026 | https://www.spotrac.com/mlb/minnesota-twins/tax/_/year/2026,not_found_on_contracts_page,
2026-07-08T14:16:26+00:00,2026,MIN,Minnesota Twins,minnesota-twins,Cody Laweryson,codylaweryson,https://www.spotrac.com/mlb/player/_/id/31401/cody-laweryson,RP,27,0.017,,,2026 Minor,2026 Minor,,,,Free Agent,,,463221,0.19,463221,463221,,,,,,,,,689520,MIN,Reassigned to Minors,true,https://www.spotrac.com/mlb/minnesota-twins/cash/_/year/2026 | https://www.spotrac.com/mlb/minnesota-twins/tax/_/year/2026,not_found_on_contracts_page,
2026-07-08T14:16:26+00:00,2026,MIN,Minnesota Twins,minnesota-twins,Cole Sands,colesands,https://www.spotrac.com/mlb/player/_/id/26187/cole-sands,RP,28,3.017,,,2026 Injured List,2026 Injured List,Minnesota Twins Contracts,,,Arbitration 1,Arbitration,,1100000,0.45,1100000,1100000,,,2026,2026,2026,1,1100000,1100000,663485,MIN,Injured 15-Day,true,https://www.spotrac.com/mlb/minnesota-twins/cash/_/year/2026 | https://www.spotrac.com/mlb/minnesota-twins/contracts | https://www.spotrac.com/mlb/minnesota-twins/tax/_/year/2026,,
2026-07-08T14:16:26+00:00,2026,MIN,Minnesota Twins,minnesota-twins,Connor Prielipp,connorprielipp,https://www.spotrac.com/mlb/player/_/id/78015/connor-prielipp,SP,25,,,,2026 Active Roster,2026 Active Roster,Minnesota Twins Contracts,,,Pre-Arbitration,Pre-Arbitration,,659018,0.27,659018,659018,,,2026,2026,2026,1,780000,780000,687570,MIN,Active,true,https://www.spotrac.com/mlb/minnesota-twins/cash/_/year/2026 | https://www.spotrac.com/mlb/minnesota-twins/contracts | https://www.spotrac.com/mlb/minnesota-twins/tax/_/year/2026,,
2026-07-08T14:16:26+00:00,2026,MIN,Minnesota Twins,minnesota-twins,Daiyer Barboza,daiyerbarboza,https://www.spotrac.com/mlb/player/_/id/105619/daiyer-barboza,INF,17,,,,,2026 Signing Bonus,,,,,,,,,130000,,130000,,,,,,,,,,,false,https://www.spotrac.com/mlb/minnesota-twins/cash/_/year/2026,not_found_on_tax_page;not_found_on_contracts_page,
2026-07-08T14:16:26+00:00,2026,MIN,Minnesota Twins,minnesota-twins,David Festa,davidfesta,https://www.spotrac.com/mlb/player/_/id/73635/david-festa,SP,26,1.052,,,2026 Injured List,2026 Injured List,Minnesota Twins Contracts,,,Pre-Arbitration,Pre-Arbitration,,791200,,791200,791200,,,2026,2026,2026,1,791200,791200,701581,MIN,Injured 60-Day,true,https://www.spotrac.com/mlb/minnesota-twins/cash/_/year/2026 | https://www.spotrac.com/mlb/minnesota-twins/contracts | https://www.spotrac.com/mlb/minnesota-twins/tax/_/year/2026,,
2026-07-08T14:16:26+00:00,2026,MIN,Minnesota Twins,minnesota-twins,Emmanuel Rodriguez,emmanuelrodriguez,https://www.spotrac.com/mlb/player/_/id/31949/emmanuel-rodriguez,CF,,,,,2026 Minor,,,,,Pre-Arbitration,,,,,,,,,,,,,,,691181,MIN,Reassigned to Minors,true,https://www.spotrac.com/mlb/minnesota-twins/tax/_/year/2026,missing_all_money_fields;not_found_on_cash_page;not_found_on_contracts_page,
2026-07-08T14:16:26+00:00,2026,MIN,Minnesota Twins,minnesota-twins,Enmanuel Merlo,enmanuelmerlo,https://www.spotrac.com/mlb/player/_/id/105450/enmanuel-merlo,SS,17,,,,,2026 Signing Bonus,,,,,,,,,1500000,,1500000,,,,,,,,,,,false,https://www.spotrac.com/mlb/minnesota-twins/cash/_/year/2026,not_found_on_tax_page;not_found_on_contracts_page,
2026-07-08T14:16:26+00:00,2026,MIN,Minnesota Twins,minnesota-twins,Eric Orze,ericorze,https://www.spotrac.com/mlb/player/_/id/48506/eric-orze,RP,28,0.116,,,2026 Active Roster,2026 Active Roster,Minnesota Twins Contracts,,,Pre-Arbitration,Pre-Arbitration,,785800,0.32,785800,785800,,,2026,2026,2026,1,785800,785800,679358,MIN,Active,true,https://www.spotrac.com/mlb/minnesota-twins/cash/_/year/2026 | https://www.spotrac.com/mlb/minnesota-twins/contracts | https://www.spotrac.com/mlb/minnesota-twins/tax/_/year/2026,,
2026-07-08T14:16:26+00:00,2026,MIN,Minnesota Twins,minnesota-twins,Fabian Ulloa,fabianulloa,https://www.spotrac.com/mlb/player/_/id/105627/fabian-ulloa,SS,17,,,,,2026 Signing Bonus,,,,,,,,,30000,,30000,,,,,,,,,,,false,https://www.spotrac.com/mlb/minnesota-twins/cash/_/year/2026,not_found_on_tax_page;not_found_on_contracts_page,
2026-07-08T14:16:26+00:00,2026,MIN,Minnesota Twins,minnesota-twins,Frederick Hiciano,frederickhiciano,https://www.spotrac.com/mlb/player/_/id/105455/frederick-hiciano,P,18,,,,,2026 Signing Bonus,,,,,,,,,390000,,390000,,,,,,,,,,,false,https://www.spotrac.com/mlb/minnesota-twins/cash/_/year/2026,not_found_on_tax_page;not_found_on_contracts_page,
2026-07-08T14:16:26+00:00,2026,MIN,Minnesota Twins,minnesota-twins,Gabriel Gonzalez,gabrielgonzalez,https://www.spotrac.com/mlb/player/_/id/71248/gabriel-gonzalez,OF,22,,,,2026 Minor,2026 Minor,,,,Pre-Arbitration,,,12513,0.01,12513,12513,,,,,,,,,694224,MIN,Reassigned to Minors,true,https://www.spotrac.com/mlb/minnesota-twins/cash/_/year/2026 | https://www.spotrac.com/mlb/minnesota-twins/tax/_/year/2026,not_found_on_contracts_page,
2026-07-08T14:16:26+00:00,2026,MIN,Minnesota Twins,minnesota-twins,Garrett Acton,garrettacton,https://www.spotrac.com/mlb/player/_/id/83070/garrett-acton,RP,28,0.031,,,2026 Injured List,2026 Injured List,Minnesota Twins Contracts,,,Pre-Arbitration,Pre-Arbitration,,729925,,729925,729925,,,2026,2026,2026,1,780000,780000,670183,MIN,Injured 60-Day,true,https://www.spotrac.com/mlb/minnesota-twins/cash/_/year/2026 | https://www.spotrac.com/mlb/minnesota-twins/contracts | https://www.spotrac.com/mlb/minnesota-twins/tax/_/year/2026,,
2026-07-08T14:16:26+00:00,2026,MIN,Minnesota Twins,minnesota-twins,Hendry Mendez,hendrymendez,https://www.spotrac.com/mlb/player/_/id/71288/hendry-mendez,OF,,,,,2026 Minor,,,,,Pre-Arbitration,,,,,,,,,,,,,,,694230,MIN,Reassigned to Minors,true,https://www.spotrac.com/mlb/minnesota-twins/tax/_/year/2026,missing_all_money_fields;not_found_on_cash_page;not_found_on_contracts_page,
2026-07-08T14:16:26+00:00,2026,MIN,Minnesota Twins,minnesota-twins,James Outman,jamesoutman,https://www.spotrac.com/mlb/player/_/id/26257/james-outman,CF,29,2.007,,,2026 Dead Money,2026 Dead Money,,,,,,,315610,0.13,315610,315610,,,,,,,,,681546,DET,Active,true_other_team,https://www.spotrac.com/mlb/minnesota-twins/cash/_/year/2026 | https://www.spotrac.com/mlb/minnesota-twins/tax/_/year/2026,not_found_on_contracts_page,
2026-07-08T14:16:26+00:00,2026,MIN,Minnesota Twins,minnesota-twins,Jeferson Abreu,jefersonabreu,https://www.spotrac.com/mlb/player/_/id/105630/jeferson-abreu,C,17,,,,,2026 Signing Bonus,,,,,,,,,45000,,45000,,,,,,,,,,,false,https://www.spotrac.com/mlb/minnesota-twins/cash/_/year/2026,not_found_on_tax_page;not_found_on_contracts_page,
2026-07-08T14:16:26+00:00,2026,MIN,Minnesota Twins,minnesota-twins,Jendy Martinez,jendymartinez,https://www.spotrac.com/mlb/player/_/id/105453/jendy-martinez,SS,17,,,,,2026 Signing Bonus,,,,,,,,,500000,,500000,,,,,,,,,,,false,https://www.spotrac.com/mlb/minnesota-twins/cash/_/year/2026,not_found_on_tax_page;not_found_on_contracts_page,
2026-07-08T14:16:26+00:00,2026,MIN,Minnesota Twins,minnesota-twins,Jeremy Jimenez,jeremyjimenez,https://www.spotrac.com/mlb/player/_/id/105617/jeremy-jimenez,P,17,,,,,2026 Signing Bonus,,,,,,,,,200000,,200000,,,,,,,,,,,false,https://www.spotrac.com/mlb/minnesota-twins/cash/_/year/2026,not_found_on_tax_page;not_found_on_contracts_page,
2026-07-08T14:16:26+00:00,2026,MIN,Minnesota Twins,minnesota-twins,Jhon Gonzalez,jhongonzalez,https://www.spotrac.com/mlb/player/_/id/105623/jhon-gonzalez,OF,17,,,,,2026 Signing Bonus,,,,,,,,,375000,,375000,,,,,,,,,,,false,https://www.spotrac.com/mlb/minnesota-twins/cash/_/year/2026,not_found_on_tax_page;not_found_on_contracts_page,
2026-07-08T14:16:26+00:00,2026,MIN,Minnesota Twins,minnesota-twins,Joe Ryan,joeryan,https://www.spotrac.com/mlb/player/_/id/26243/joe-ryan,SP,30,4.033,,,2026 Active Roster,2026 Active Roster,Minnesota Twins Contracts,,,Arbitration 2,Arbitration,,6200000,2.54,6100000,6100000,,,2026,2026,2027,1,6200000,6200000,657746,MIN,Active,true,https://www.spotrac.com/mlb/minnesota-twins/cash/_/year/2026 | https://www.spotrac.com/mlb/minnesota-twins/contracts | https://www.spotrac.com/mlb/minnesota-twins/tax/_/year/2026,,
2026-07-08T14:16:26+00:00,2026,MIN,Minnesota Twins,minnesota-twins,John Klein,johnklein,https://www.spotrac.com/mlb/player/_/id/85591/john-klein,RP,24,,,,2026 Minor,2026 Minor,,,,Pre-Arbitration,,,33368,0.01,33368,33368,,,,,,,,,804619,MIN,Reassigned to Minors,true,https://www.spotrac.com/mlb/minnesota-twins/cash/_/year/2026 | https://www.spotrac.com/mlb/minnesota-twins/tax/_/year/2026,not_found_on_contracts_page,
2026-07-08T14:16:26+00:00,2026,MIN,Minnesota Twins,minnesota-twins,Josh Bell,joshbell,https://www.spotrac.com/mlb/player/_/id/18346/josh-bell,1B,33,9.053,,,2026 Active Roster,2026 Active Roster,Minnesota Twins Contracts,,,Free Agent,Free Agent,,7000000,2.87,5750000,5500000,250000,,2026,2026,2027,1,7000000,7000000,605137,MIN,Active,true,https://www.spotrac.com/mlb/minnesota-twins/cash/_/year/2026 | https://www.spotrac.com/mlb/minnesota-twins/contracts | https://www.spotrac.com/mlb/minnesota-twins/tax/_/year/2026,,
2026-07-08T14:16:26+00:00,2026,MIN,Minnesota Twins,minnesota-twins,Juan Collado,juancollado,https://www.spotrac.com/mlb/player/_/id/105625/juan-collado,P,19,,,,,2026 Signing Bonus,,,,,,,,,50000,,50000,,,,,,,,,,,false,https://www.spotrac.com/mlb/minnesota-twins/cash/_/year/2026,not_found_on_tax_page;not_found_on_contracts_page,
2026-07-08T14:16:26+00:00,2026,MIN,Minnesota Twins,minnesota-twins,Juan Germosen,juangermosen,https://www.spotrac.com/mlb/player/_/id/105620/juan-germosen,P,17,,,,,2026 Signing Bonus,,,,,,,,,70000,,70000,,,,,,,,,,,false,https://www.spotrac.com/mlb/minnesota-twins/cash/_/year/2026,not_found_on_tax_page;not_found_on_contracts_page,
2026-07-08T14:16:26+00:00,2026,MIN,Minnesota Twins,minnesota-twins,Juan Holmann,juanholmann,https://www.spotrac.com/mlb/player/_/id/105452/juan-holmann,SS,17,,,,,2026 Signing Bonus,,,,,,,,,500000,,500000,,,,,,,,,,,false,https://www.spotrac.com/mlb/minnesota-twins/cash/_/year/2026,not_found_on_tax_page;not_found_on_contracts_page,
2026-07-08T14:16:26+00:00,2026,MIN,Minnesota Twins,minnesota-twins,Justin Lawrence,justinlawrence,https://www.spotrac.com/mlb/player/_/id/28210/justin-lawrence,RP,31,3.167,,,2026 Dead Money,2026 Dead Money,,,,,,,773018,0.32,773018,773018,,,,,,,,,664875,WSH,Active,true_other_team,https://www.spotrac.com/mlb/minnesota-twins/cash/_/year/2026 | https://www.spotrac.com/mlb/minnesota-twins/tax/_/year/2026,not_found_on_contracts_page,
2026-07-08T14:16:26+00:00,2026,MIN,Minnesota Twins,minnesota-twins,Justin Topa,justintopa,https://www.spotrac.com/mlb/player/_/id/26697/justin-topa,RP,35,5.044,,,2026 Dead Money,2026 Dead Money,,,,,,,1000000,0.41,1000000,1000000,,,,,,,,,,,,false,https://www.spotrac.com/mlb/minnesota-twins/cash/_/year/2026 | https://www.spotrac.com/mlb/minnesota-twins/tax/_/year/2026,not_found_on_contracts_page,
2026-07-08T14:16:26+00:00,2026,MIN,Minnesota Twins,minnesota-twins,Kendry Rojas,kendryrojas,https://www.spotrac.com/mlb/player/_/id/87172/kendry-rojas,RP,23,,,,2026 Minor,2026 Minor,,,,Pre-Arbitration,,,200208,0.08,200208,200208,,,,,,,,,696070,MIN,Reassigned to Minors,true,https://www.spotrac.com/mlb/minnesota-twins/cash/_/year/2026 | https://www.spotrac.com/mlb/minnesota-twins/tax/_/year/2026,not_found_on_contracts_page,
2026-07-08T14:16:26+00:00,2026,MIN,Minnesota Twins,minnesota-twins,Kody Clemens,kodyclemens,https://www.spotrac.com/mlb/player/_/id/26108/kody-clemens,1B,30,2.134,,,2026 Active Roster,2026 Active Roster,Minnesota Twins Contracts,,,Pre-Arbitration,Pre-Arbitration,,803900,0.33,803900,803900,,,2026,2026,2026,1,803900,803900,665019,MIN,Active,true,https://www.spotrac.com/mlb/minnesota-twins/cash/_/year/2026 | https://www.spotrac.com/mlb/minnesota-twins/contracts | https://www.spotrac.com/mlb/minnesota-twins/tax/_/year/2026,,
2026-07-08T14:16:26+00:00,2026,MIN,Minnesota Twins,minnesota-twins,Kody Funderburk,kodyfunderburk,https://www.spotrac.com/mlb/player/_/id/26888/kody-funderburk,RP,29,1.122,,,2026 Active Roster,2026 Active Roster,Minnesota Twins Contracts,,,Pre-Arbitration,Pre-Arbitration,,624750,0.26,624750,624750,,,2026,2026,2026,1,794700,794700,681892,MIN,Active,true,https://www.spotrac.com/mlb/minnesota-twins/cash/_/year/2026 | https://www.spotrac.com/mlb/minnesota-twins/contracts | https://www.spotrac.com/mlb/minnesota-twins/tax/_/year/2026,,
2026-07-08T14:16:26+00:00,2026,MIN,Minnesota Twins,minnesota-twins,Kyler Fedko,kylerfedko,https://www.spotrac.com/mlb/player/_/id/74078/kyler-fedko,OF,26,,,,2026 Active Roster,2026 Active Roster,Minnesota Twins Contracts,,,Pre-Arbitration,Pre-Arbitration,,433784,0.18,433784,433784,,,2026,2026,2026,1,780000,780000,693459,MIN,Active,true,https://www.spotrac.com/mlb/minnesota-twins/cash/_/year/2026 | https://www.spotrac.com/mlb/minnesota-twins/contracts | https://www.spotrac.com/mlb/minnesota-twins/tax/_/year/2026,,
2026-07-08T14:16:26+00:00,2026,MIN,Minnesota Twins,minnesota-twins,Luis Duarte,luisduarte,https://www.spotrac.com/mlb/player/_/id/105626/luis-duarte,C,17,,,,,2026 Signing Bonus,,,,,,,,,50000,,50000,,,,,,,,,,,false,https://www.spotrac.com/mlb/minnesota-twins/cash/_/year/2026,not_found_on_tax_page;not_found_on_contracts_page,
2026-07-08T14:16:26+00:00,2026,MIN,Minnesota Twins,minnesota-twins,Luis Garcia,luisgarcia,https://www.spotrac.com/mlb/player/_/id/16053/luis-garcia,RP,39,10.006,,,2026 Dead Money,2026 Dead Money,,,,,,,104275,0.04,104275,104275,,,,,,,,,671277,WSH,Active,true_other_team,https://www.spotrac.com/mlb/minnesota-twins/cash/_/year/2026 | https://www.spotrac.com/mlb/minnesota-twins/tax/_/year/2026,not_found_on_contracts_page,
2026-07-08T14:16:26+00:00,2026,MIN,Minnesota Twins,minnesota-twins,Luis Suarez,luissuarez,https://www.spotrac.com/mlb/player/_/id/105628/luis-suarez,SS,17,,,,,2026 Signing Bonus,,,,,,,,,130000,,130000,,,,,,,,,,,false,https://www.spotrac.com/mlb/minnesota-twins/cash/_/year/2026,not_found_on_tax_page;not_found_on_contracts_page,
2026-07-08T14:16:26+00:00,2026,MIN,Minnesota Twins,minnesota-twins,Luke Keaschall,lukekeaschall,https://www.spotrac.com/mlb/player/_/id/84801/luke-keaschall,2B,23,0.058,,,2026 Active Roster,2026 Active Roster,Minnesota Twins Contracts,,,Pre-Arbitration,Pre-Arbitration,,788200,0.32,788200,788200,,,2026,2026,2026,1,788200,788200,807712,MIN,Active,true,https://www.spotrac.com/mlb/minnesota-twins/cash/_/year/2026 | https://www.spotrac.com/mlb/minnesota-twins/contracts | https://www.spotrac.com/mlb/minnesota-twins/tax/_/year/2026,,
2026-07-08T14:16:26+00:00,2026,MIN,Minnesota Twins,minnesota-twins,Marco Raya,marcoraya,https://www.spotrac.com/mlb/player/_/id/48484/marco-raya,RP,23,,,,2026 Active Roster,2026 Active Roster,Minnesota Twins Contracts,,,Pre-Arbitration,Pre-Arbitration,,396245,0.16,396245,396245,,,2026,2026,2026,1,780000,780000,694397,MIN,Active,true,https://www.spotrac.com/mlb/minnesota-twins/cash/_/year/2026 | https://www.spotrac.com/mlb/minnesota-twins/contracts | https://www.spotrac.com/mlb/minnesota-twins/tax/_/year/2026,,
2026-07-08T14:16:26+00:00,2026,MIN,Minnesota Twins,minnesota-twins,Matt Wallner,mattwallner,https://www.spotrac.com/mlb/player/_/id/30437/matt-wallner,RF,28,2.043,,,2026 Minor,2026 Minor,,,,Pre-Arbitration,,,218025,0.09,218025,218025,,,,,,,,,670242,MIN,Reassigned to Minors,true,https://www.spotrac.com/mlb/minnesota-twins/cash/_/year/2026 | https://www.spotrac.com/mlb/minnesota-twins/tax/_/year/2026,not_found_on_contracts_page,
2026-07-08T14:16:26+00:00,2026,MIN,Minnesota Twins,minnesota-twins,Mick Abel,mickabel,https://www.spotrac.com/mlb/player/_/id/48370/mick-abel,SP,24,0.050,,,2026 Injured List,2026 Injured List,Minnesota Twins Contracts,,,Pre-Arbitration,Pre-Arbitration,,782500,0.32,782500,782500,,,2026,2026,2026,1,782500,782500,690953,MIN,Injured 15-Day,true,https://www.spotrac.com/mlb/minnesota-twins/cash/_/year/2026 | https://www.spotrac.com/mlb/minnesota-twins/contracts | https://www.spotrac.com/mlb/minnesota-twins/tax/_/year/2026,,
2026-07-08T14:16:26+00:00,2026,MIN,Minnesota Twins,minnesota-twins,Mike Paredes,mikeparedes,https://www.spotrac.com/mlb/player/_/id/74082/mike-paredes,RP,25,,,,2026 Active Roster,2026 Active Roster,Minnesota Twins Contracts,,,Pre-Arbitration,Pre-Arbitration,,496349,0.20,496349,496349,,,2026,2026,2026,1,780000,780000,702474,MIN,Active,true,https://www.spotrac.com/mlb/minnesota-twins/cash/_/year/2026 | https://www.spotrac.com/mlb/minnesota-twins/contracts | https://www.spotrac.com/mlb/minnesota-twins/tax/_/year/2026,,
2026-07-08T14:16:26+00:00,2026,MIN,Minnesota Twins,minnesota-twins,Misael Rodriguez,misaelrodriguez,https://www.spotrac.com/mlb/player/_/id/105454/misael-rodriguez,OF,17,,,,,2026 Signing Bonus,,,,,,,,,500000,,500000,,,,,,,,,,,false,https://www.spotrac.com/mlb/minnesota-twins/cash/_/year/2026,not_found_on_tax_page;not_found_on_contracts_page,
2026-07-08T14:16:26+00:00,2026,MIN,Minnesota Twins,minnesota-twins,Orlando Arcia,orlandoarcia,https://www.spotrac.com/mlb/player/_/id/18411/orlando-arcia,SS,31,8.114,,,2026 Minor,2026 Minor,,,,Free Agent,,,180468,,180468,180468,,,,,,,,,,,,false,https://www.spotrac.com/mlb/minnesota-twins/cash/_/year/2026 | https://www.spotrac.com/mlb/minnesota-twins/tax/_/year/2026,not_found_on_contracts_page,
2026-07-08T14:16:26+00:00,2026,MIN,Minnesota Twins,minnesota-twins,Pablo López,pablolopez,https://www.spotrac.com/mlb/player/_/id/24585/pablo-l%C3%B3pez,SP,30,7.093,,,2026 Injured List,2026 Injured List,Minnesota Twins Contracts,,,Extension Arbitration,Extension Arbitration,,18375000,,21500000,21500000,,,2024,2024,2027,4,73500000,18375000,641154,MIN,Injured 60-Day,true,https://www.spotrac.com/mlb/minnesota-twins/cash/_/year/2026 | https://www.spotrac.com/mlb/minnesota-twins/contracts | https://www.spotrac.com/mlb/minnesota-twins/tax/_/year/2026,,
2026-07-08T14:16:26+00:00,2026,MIN,Minnesota Twins,minnesota-twins,Rosmel Silva,rosmelsilva,https://www.spotrac.com/mlb/player/_/id/105882/rosmel-silva,P,,,,,,2026 Signing Bonus,,,,,,,,,20000,,20000,,,,,,,,,,,false,https://www.spotrac.com/mlb/minnesota-twins/cash/_/year/2026,not_found_on_tax_page;not_found_on_contracts_page,
2026-07-08T14:16:26+00:00,2026,MIN,Minnesota Twins,minnesota-twins,Royce Lewis,roycelewis,https://www.spotrac.com/mlb/player/_/id/23210/royce-lewis,3B,27,3.142,,,2026 Active Roster,2026 Active Roster,Minnesota Twins Contracts,,,Arbitration 2 Super Two,Arbitration,,2850000,1.17,2850000,2850000,,,2026,2026,2026,1,2850000,2850000,668904,MIN,Active,true,https://www.spotrac.com/mlb/minnesota-twins/cash/_/year/2026 | https://www.spotrac.com/mlb/minnesota-twins/contracts | https://www.spotrac.com/mlb/minnesota-twins/tax/_/year/2026,,
2026-07-08T14:16:26+00:00,2026,MIN,Minnesota Twins,minnesota-twins,Ryan Jeffers,ryanjeffers,https://www.spotrac.com/mlb/player/_/id/26082/ryan-jeffers,C,29,5.089,,,2026 Injured List,2026 Injured List,Minnesota Twins Contracts,,,Arbitration 3,Arbitration,,6700000,2.75,6700000,6700000,,,2026,2026,2026,1,6700000,6700000,680777,MIN,Injured 10-Day,true,https://www.spotrac.com/mlb/minnesota-twins/cash/_/year/2026 | https://www.spotrac.com/mlb/minnesota-twins/contracts | https://www.spotrac.com/mlb/minnesota-twins/tax/_/year/2026,,
2026-07-08T14:16:26+00:00,2026,MIN,Minnesota Twins,minnesota-twins,Ryan Kreidler,ryankreidler,https://www.spotrac.com/mlb/player/_/id/30512/ryan-kreidler,SS,28,1.006,,,2026 Active Roster,2026 Active Roster,Minnesota Twins Contracts,,,Pre-Arbitration,Pre-Arbitration,,644595,0.26,644595,644595,,,2026,2026,2026,1,820000,820000,668952,MIN,Active,true,https://www.spotrac.com/mlb/minnesota-twins/cash/_/year/2026 | https://www.spotrac.com/mlb/minnesota-twins/contracts | https://www.spotrac.com/mlb/minnesota-twins/tax/_/year/2026,,
2026-07-08T14:16:26+00:00,2026,MIN,Minnesota Twins,minnesota-twins,Sebastian Echavarria,sebastianechavarria,https://www.spotrac.com/mlb/player/_/id/105456/sebastian-echavarria,P,16,,,,,2026 Signing Bonus,,,,,,,,,360000,,360000,,,,,,,,,,,false,https://www.spotrac.com/mlb/minnesota-twins/cash/_/year/2026,not_found_on_tax_page;not_found_on_contracts_page,
2026-07-08T14:16:26+00:00,2026,MIN,Minnesota Twins,minnesota-twins,Simeon Woods-Richardson,simeonwoodsrichardson,https://www.spotrac.com/mlb/player/_/id/26071/simeon-woods-richardson,SP,25,1.153,,,2026 Dead Money,2026 Dead Money,,,,,,,285286,0.12,285286,285286,,,,,,,,,,,,false,https://www.spotrac.com/mlb/minnesota-twins/cash/_/year/2026 | https://www.spotrac.com/mlb/minnesota-twins/tax/_/year/2026,not_found_on_contracts_page,
2026-07-08T14:16:26+00:00,2026,MIN,Minnesota Twins,minnesota-twins,Taj Bradley,tajbradley,https://www.spotrac.com/mlb/player/_/id/26183/taj-bradley,SP,25,2.097,,,2026 Active Roster,2026 Active Roster,Minnesota Twins Contracts,,,Pre-Arbitration,Pre-Arbitration,,802050,0.33,802050,802050,,,2026,2026,2026,1,802050,802050,671737,MIN,Active,true,https://www.spotrac.com/mlb/minnesota-twins/cash/_/year/2026 | https://www.spotrac.com/mlb/minnesota-twins/contracts | https://www.spotrac.com/mlb/minnesota-twins/tax/_/year/2026,,
2026-07-08T14:16:26+00:00,2026,MIN,Minnesota Twins,minnesota-twins,Taylor Rashi,taylorrashi,https://www.spotrac.com/mlb/player/_/id/32236/taylor-rashi,RP,,0.033,,,2026 Minor,,,,,Free Agent,,,,,,,,,,,,,,,688497,MIN,Reassigned to Minors,true,https://www.spotrac.com/mlb/minnesota-twins/tax/_/year/2026,missing_all_money_fields;not_found_on_cash_page;not_found_on_contracts_page,
2026-07-08T14:16:26+00:00,2026,MIN,Minnesota Twins,minnesota-twins,Taylor Rogers,taylorrogers,https://www.spotrac.com/mlb/player/_/id/18416/taylor-rogers,RP,35,9.145,,,2026 Active Roster,2026 Active Roster,Minnesota Twins Contracts,,,Free Agent,Free Agent,,2000000,0.82,2000000,2000000,,,2026,2026,2026,1,2000000,2000000,573124,MIN,Active,true,https://www.spotrac.com/mlb/minnesota-twins/cash/_/year/2026 | https://www.spotrac.com/mlb/minnesota-twins/contracts | https://www.spotrac.com/mlb/minnesota-twins/tax/_/year/2026,,
2026-07-08T14:16:26+00:00,2026,MIN,Minnesota Twins,minnesota-twins,Travis Adams,travisadams,https://www.spotrac.com/mlb/player/_/id/73451/travis-adams,RP,26,0.066,,,2026 Active Roster,2026 Active Roster,Minnesota Twins Contracts,,,Pre-Arbitration,Pre-Arbitration,,561326,0.23,561326,561326,,,2026,2026,2026,1,783300,783300,701519,MIN,Active,true,https://www.spotrac.com/mlb/minnesota-twins/cash/_/year/2026 | https://www.spotrac.com/mlb/minnesota-twins/contracts | https://www.spotrac.com/mlb/minnesota-twins/tax/_/year/2026,,
2026-07-08T14:16:26+00:00,2026,MIN,Minnesota Twins,minnesota-twins,Trevor Larnach,trevorlarnach,https://www.spotrac.com/mlb/player/_/id/26043/trevor-larnach,LF,29,4.014,,,2026 Active Roster,2026 Active Roster,Minnesota Twins Contracts,,,Arbitration 2,Arbitration,,4475000,1.83,4475000,4475000,,,2026,2026,2026,1,4475000,4475000,663616,MIN,Active,true,https://www.spotrac.com/mlb/minnesota-twins/cash/_/year/2026 | https://www.spotrac.com/mlb/minnesota-twins/contracts | https://www.spotrac.com/mlb/minnesota-twins/tax/_/year/2026,,
2026-07-08T14:16:26+00:00,2026,MIN,Minnesota Twins,minnesota-twins,Tristan Gray,tristangray,https://www.spotrac.com/mlb/player/_/id/74558/tristan-gray,SS,30,0.123,,,2026 Active Roster,2026 Active Roster,Minnesota Twins Contracts,,,Pre-Arbitration,Pre-Arbitration,,800000,0.33,800000,800000,,,2026,2026,2026,1,800000,800000,656484,MIN,Active,true,https://www.spotrac.com/mlb/minnesota-twins/cash/_/year/2026 | https://www.spotrac.com/mlb/minnesota-twins/contracts | https://www.spotrac.com/mlb/minnesota-twins/tax/_/year/2026,,
2026-07-08T14:16:26+00:00,2026,MIN,Minnesota Twins,minnesota-twins,Victor Caratini,victorcaratini,https://www.spotrac.com/mlb/player/_/id/21161/victor-caratini,C,32,8.051,,,2026 Active Roster,2026 Active Roster,Minnesota Twins Contracts,,,Free Agent,Free Agent,,7000000,2.87,4000000,4000000,,,2026,2026,2027,2,14000000,7000000,605170,MIN,Active,true,https://www.spotrac.com/mlb/minnesota-twins/cash/_/year/2026 | https://www.spotrac.com/mlb/minnesota-twins/contracts | https://www.spotrac.com/mlb/minnesota-twins/tax/_/year/2026,,
2026-07-08T14:16:26+00:00,2026,MIN,Minnesota Twins,minnesota-twins,Woo-Suk Go,woosukgo,https://www.spotrac.com/mlb/player/_/id/86665/woo-suk-go,RP,27,,,,2026 Active Roster,2026 Active Roster,Minnesota Twins Contracts,,,Free Agent,Free Agent,,342022,0.14,342022,342022,,,2026,2026,2026,1,780000,780000,808970,MIN,Active,true,https://www.spotrac.com/mlb/minnesota-twins/cash/_/year/2026 | https://www.spotrac.com/mlb/minnesota-twins/contracts | https://www.spotrac.com/mlb/minnesota-twins/tax/_/year/2026,,
2026-07-08T14:16:26+00:00,2026,MIN,Minnesota Twins,minnesota-twins,Yael Retituyo,yaelretituyo,https://www.spotrac.com/mlb/player/_/id/105621/yael-retituyo,P,17,,,,,2026 Signing Bonus,,,,,,,,,10000,,10000,,,,,,,,,,,false,https://www.spotrac.com/mlb/minnesota-twins/cash/_/year/2026,not_found_on_tax_page;not_found_on_contracts_page,
2026-07-08T14:16:26+00:00,2026,MIN,Minnesota Twins,minnesota-twins,Yoendrys Gomez,yoendrysgomez,https://www.spotrac.com/mlb/player/_/id/70749/yoendrys-gomez,RP,26,0.135,,,2026 Active Roster,2026 Active Roster,Minnesota Twins Contracts,,,Pre-Arbitration,Pre-Arbitration,,602928,0.25,602928,602928,,,2026,2026,2026,1,783000,783000,672782,MIN,Active,true,https://www.spotrac.com/mlb/minnesota-twins/cash/_/year/2026 | https://www.spotrac.com/mlb/minnesota-twins/contracts | https://www.spotrac.com/mlb/minnesota-twins/tax/_/year/2026,,
2026-07-08T14:16:26+00:00,2026,MIN,Minnesota Twins,minnesota-twins,Zak Kent,zakkent,https://www.spotrac.com/mlb/player/_/id/31212/zak-kent,RP,28,0.037,,,2026 Dead Money,2026 Dead Money,,,,,,,54353,0.02,54353,54353,,,,,,,,,687849,WSH,Reassigned to Minors,true_other_team,https://www.spotrac.com/mlb/minnesota-twins/cash/_/year/2026 | https://www.spotrac.com/mlb/minnesota-twins/tax/_/year/2026,not_found_on_contracts_page,
2026-07-08T14:16:26+00:00,2026,MIN,Minnesota Twins,minnesota-twins,Zebby Matthews,zebbymatthews,https://www.spotrac.com/mlb/player/_/id/78816/zebby-matthews,SP,26,1.010,,,2026 Active Roster,2026 Active Roster,Minnesota Twins Contracts,,,Pre-Arbitration,Pre-Arbitration,,596360,0.24,596360,596360,,,2026,2026,2026,1,820000,820000,805673,MIN,Active,true,https://www.spotrac.com/mlb/minnesota-twins/cash/_/year/2026 | https://www.spotrac.com/mlb/minnesota-twins/contracts | https://www.spotrac.com/mlb/minnesota-twins/tax/_/year/2026,,
2026-07-08T14:16:26+00:00,2026,NYM,New York Mets,new-york-mets,A.J. Ewing,ajewing,https://www.spotrac.com/mlb/player/_/id/84879/aj-ewing,CF,21,,,,2026 Active Roster,2026 Active Roster,New York Mets Contracts,,,Pre-Arbitration,Pre-Arbitration,,575598,0.24,575598,575598,,,2026,2026,2026,1,780000,780000,805999,NYM,Active,true,https://www.spotrac.com/mlb/new-york-mets/cash/_/year/2026 | https://www.spotrac.com/mlb/new-york-mets/contracts | https://www.spotrac.com/mlb/new-york-mets/tax/_/year/2026,,
2026-07-08T14:16:26+00:00,2026,NYM,New York Mets,new-york-mets,A.J. Minter,ajminter,https://www.spotrac.com/mlb/player/_/id/20528/aj-minter,RP,32,7.154,,,2026 Active Roster,2026 Active Roster,New York Mets Contracts,,,Free Agent,Free Agent,,11000000,4.51,11000000,11000000,,,2025,2025,2026,2,22000000,11000000,621345,NYM,Active,true,https://www.spotrac.com/mlb/new-york-mets/cash/_/year/2026 | https://www.spotrac.com/mlb/new-york-mets/contracts | https://www.spotrac.com/mlb/new-york-mets/tax/_/year/2026,,
2026-07-08T14:16:26+00:00,2026,NYM,New York Mets,new-york-mets,Adam Ottavino,adamottavino,https://www.spotrac.com/mlb/player/_/id/8731/adam-ottavino,RP,40,,,,,2026 Deferred,,,,,,,,,500000,500000,,,,,,,,,,,,false,https://www.spotrac.com/mlb/new-york-mets/cash/_/year/2026,not_found_on_tax_page;not_found_on_contracts_page,
2026-07-08T14:16:26+00:00,2026,NYM,New York Mets,new-york-mets,Adrian La Rosa,adrianlarosa,https://www.spotrac.com/mlb/player/_/id/105784/adrian-la-rosa,C,17,,,,,2026 Signing Bonus,,,,,,,,,20000,,20000,,,,,,,,,,,false,https://www.spotrac.com/mlb/new-york-mets/cash/_/year/2026,not_found_on_tax_page;not_found_on_contracts_page,
2026-07-08T14:16:26+00:00,2026,NYM,New York Mets,new-york-mets,Andy Ibanez,andyibanez,https://www.spotrac.com/mlb/player/_/id/21302/andy-ibanez,2B,33,3.133,,,2026 Minor,2026 Minor,,,,Free Agent,,,962571,,962571,962571,,,,,,,,,,,,false,https://www.spotrac.com/mlb/new-york-mets/cash/_/year/2026 | https://www.spotrac.com/mlb/new-york-mets/tax/_/year/2026,not_found_on_contracts_page,
2026-07-08T14:16:26+00:00,2026,NYM,New York Mets,new-york-mets,Austin Slater,austinslater,https://www.spotrac.com/mlb/player/_/id/22792/austin-slater,LF,33,7.147,,,2026 Dead Money,2026 Dead Money,,,,,,,123004,0.05,123004,123004,,,,,,,,,,,,false,https://www.spotrac.com/mlb/new-york-mets/cash/_/year/2026 | https://www.spotrac.com/mlb/new-york-mets/tax/_/year/2026,not_found_on_contracts_page,
2026-07-08T14:16:26+00:00,2026,NYM,New York Mets,new-york-mets,Austin Warren,austinwarren,https://www.spotrac.com/mlb/player/_/id/26214/austin-warren,RP,30,2.148,,,2026 Active Roster,2026 Active Roster,,,,Pre-Arbitration,,,701600,0.29,701600,701600,,,,,,,,,681810,NYM,Active,true,https://www.spotrac.com/mlb/new-york-mets/cash/_/year/2026 | https://www.spotrac.com/mlb/new-york-mets/tax/_/year/2026,not_found_on_contracts_page,
2026-07-08T14:16:26+00:00,2026,NYM,New York Mets,new-york-mets,Ben Rortvedt,benrortvedt,https://www.spotrac.com/mlb/player/_/id/19993/ben-rortvedt,C,28,3.135,,,2026 Minor,2026 Minor,,,,Arbitration 2,,,1250000,,1250000,1250000,,,,,,,,,,,,false,https://www.spotrac.com/mlb/new-york-mets/cash/_/year/2026 | https://www.spotrac.com/mlb/new-york-mets/tax/_/year/2026,not_found_on_contracts_page,
2026-07-08T14:16:26+00:00,2026,NYM,New York Mets,new-york-mets,Bo Bichette,bobichette,https://www.spotrac.com/mlb/player/_/id/19942/bo-bichette,3B,28,6.063,,,2026 Active Roster,2026 Active Roster,New York Mets Contracts,,,Free Agent,Free Agent,,42000000,17.21,42000000,2000000,40000000,,2026,2026,2028,3,126000000,42000000,666182,NYM,Active,true,https://www.spotrac.com/mlb/new-york-mets/cash/_/year/2026 | https://www.spotrac.com/mlb/new-york-mets/contracts | https://www.spotrac.com/mlb/new-york-mets/tax/_/year/2026,,
2026-07-08T14:16:26+00:00,2026,NYM,New York Mets,new-york-mets,Bobby Bonilla,bobbybonilla,https://www.spotrac.com/mlb/player/_/id/11887/bobby-bonilla,LF,63,,,,,2026 Deferred,,,,,,,,,1193248,1193248,,,,,,,,,,,,false,https://www.spotrac.com/mlb/new-york-mets/cash/_/year/2026,not_found_on_tax_page;not_found_on_contracts_page,
2026-07-08T14:16:26+00:00,2026,NYM,New York Mets,new-york-mets,Brandon Nimmo,brandonnimmo,https://www.spotrac.com/mlb/player/_/id/18401/brandon-nimmo,LF,33,9.042,,,2026 Retained,2026 Retained,,,,Retained,,,6000000,,6000000,6000000,,,,,,,,,607043,TEX,Active,true_other_team,https://www.spotrac.com/mlb/new-york-mets/cash/_/year/2026 | https://www.spotrac.com/mlb/new-york-mets/tax/_/year/2026,not_found_on_contracts_page,
2026-07-08T14:16:26+00:00,2026,NYM,New York Mets,new-york-mets,Bret Saberhagen,bretsaberhagen,https://www.spotrac.com/mlb/player/_/id/13423/bret-saberhagen,SP,62,,,,,2026 Deferred,,,,,,,,,250000,250000,,,,,,,,,,,,false,https://www.spotrac.com/mlb/new-york-mets/cash/_/year/2026,not_found_on_tax_page;not_found_on_contracts_page,
2026-07-08T14:16:26+00:00,2026,NYM,New York Mets,new-york-mets,Brett Baty,brettbaty,https://www.spotrac.com/mlb/player/_/id/30410/brett-baty,2B,26,2.088,,,2026 Active Roster,2026 Active Roster,New York Mets Contracts,,,Pre-Arbitration,Pre-Arbitration,,811500,0.33,811500,811500,,,2026,2026,2026,1,811500,811500,683146,NYM,Active,true,https://www.spotrac.com/mlb/new-york-mets/cash/_/year/2026 | https://www.spotrac.com/mlb/new-york-mets/contracts | https://www.spotrac.com/mlb/new-york-mets/tax/_/year/2026,,
2026-07-08T14:16:26+00:00,2026,NYM,New York Mets,new-york-mets,Brooks Raley,brooksraley,https://www.spotrac.com/mlb/player/_/id/11626/brooks-raley,RP,38,6.026,,,2026 Active Roster,2026 Active Roster,New York Mets Contracts,,,Free Agent,Free Agent,,4400000,1.80,5000000,4750000,,,2025,2025,2026,1,1850000,1850000,548384,NYM,Active,true,https://www.spotrac.com/mlb/new-york-mets/cash/_/year/2026 | https://www.spotrac.com/mlb/new-york-mets/contracts | https://www.spotrac.com/mlb/new-york-mets/tax/_/year/2026,,
2026-07-08T14:16:26+00:00,2026,NYM,New York Mets,new-york-mets,C.J. Edwards,cjedwards,https://www.spotrac.com/mlb/player/_/id/16514/cj-edwards,RP,34,7.026,,,2026 Dead Money,2026 Dead Money,,,,,,,37436,0.02,37436,37436,,,,,,,,,,,,false,https://www.spotrac.com/mlb/new-york-mets/cash/_/year/2026 | https://www.spotrac.com/mlb/new-york-mets/tax/_/year/2026,not_found_on_contracts_page,
2026-07-08T14:16:26+00:00,2026,NYM,New York Mets,new-york-mets,Carson Benge,carsonbenge,https://www.spotrac.com/mlb/player/_/id/94554/carson-benge,RF,23,,,,2026 Active Roster,2026 Active Roster,New York Mets Contracts,,,Pre-Arbitration,Pre-Arbitration,,780000,0.32,780000,780000,,,2026,2026,2026,1,780000,780000,701807,NYM,Active,true,https://www.spotrac.com/mlb/new-york-mets/cash/_/year/2026 | https://www.spotrac.com/mlb/new-york-mets/contracts | https://www.spotrac.com/mlb/new-york-mets/tax/_/year/2026,,
2026-07-08T14:16:26+00:00,2026,NYM,New York Mets,new-york-mets,Christian Scott,christianscott,https://www.spotrac.com/mlb/player/_/id/73404/christian-scott,SP,27,1.116,,,2026 Active Roster,2026 Active Roster,New York Mets Contracts,,,Pre-Arbitration,Pre-Arbitration,,638163,0.26,638163,638163,,,2026,2026,2026,1,780000,780000,681035,NYM,Active,true,https://www.spotrac.com/mlb/new-york-mets/cash/_/year/2026 | https://www.spotrac.com/mlb/new-york-mets/contracts | https://www.spotrac.com/mlb/new-york-mets/tax/_/year/2026,,
2026-07-08T14:16:26+00:00,2026,NYM,New York Mets,new-york-mets,Cionel Perez,cionelperez,https://www.spotrac.com/mlb/player/_/id/21057/cionel-perez,RP,30,4.151,,,2026 Active Roster,2026 Active Roster,New York Mets Contracts,,,Free Agent,Free Agent,,500520,0.21,500520,500520,,,2026,2026,2026,1,780000,780000,672335,NYM,Active,true,https://www.spotrac.com/mlb/new-york-mets/cash/_/year/2026 | https://www.spotrac.com/mlb/new-york-mets/contracts | https://www.spotrac.com/mlb/new-york-mets/tax/_/year/2026,,
2026-07-08T14:16:26+00:00,2026,NYM,New York Mets,new-york-mets,Clay Holmes,clayholmes,https://www.spotrac.com/mlb/player/_/id/21208/clay-holmes,SP,33,7.031,,,2026 Injured List,2026 Injured List,New York Mets Contracts,,,Free Agent,Free Agent,,12666667,,13000000,13000000,,,2025,2025,2027,3,38000000,12666667,605280,NYM,Injured 60-Day,true,https://www.spotrac.com/mlb/new-york-mets/cash/_/year/2026 | https://www.spotrac.com/mlb/new-york-mets/contracts | https://www.spotrac.com/mlb/new-york-mets/tax/_/year/2026,,
2026-07-08T14:16:26+00:00,2026,NYM,New York Mets,new-york-mets,Cleiner Ramirez,cleinerramirez,https://www.spotrac.com/mlb/player/_/id/105458/cleiner-ramirez,OF,17,,,,,2026 Signing Bonus,,,,,,,,,1372000,,1372000,,,,,,,,,,,false,https://www.spotrac.com/mlb/new-york-mets/cash/_/year/2026,not_found_on_tax_page;not_found_on_contracts_page,
2026-07-08T14:16:26+00:00,2026,NYM,New York Mets,new-york-mets,Craig Kimbrel,craigkimbrel,https://www.spotrac.com/mlb/player/_/id/7233/craig-kimbrel,RP,38,14.031,,,2026 Dead Money,2026 Dead Money,,,,,,,548129,0.22,548129,548129,,,,,,,,,518886,TB,Active,true_other_team,https://www.spotrac.com/mlb/new-york-mets/cash/_/year/2026 | https://www.spotrac.com/mlb/new-york-mets/tax/_/year/2026,not_found_on_contracts_page,
2026-07-08T14:16:26+00:00,2026,NYM,New York Mets,new-york-mets,Cristopher Jaquez,cristopherjaquez,https://www.spotrac.com/mlb/player/_/id/105634/cristopher-jaquez,SS,17,,,,,2026 Signing Bonus,,,,,,,,,150000,,150000,,,,,,,,,,,false,https://www.spotrac.com/mlb/new-york-mets/cash/_/year/2026,not_found_on_tax_page;not_found_on_contracts_page,
2026-07-08T14:16:26+00:00,2026,NYM,New York Mets,new-york-mets,Daniel Duarte,danielduarte,https://www.spotrac.com/mlb/player/_/id/26443/daniel-duarte,RP,29,2.087,,,2026 Minor,2026 Minor,,,,Free Agent,,,29197,0.01,29197,29197,,,,,,,,,650960,NYM,Reassigned to Minors,true,https://www.spotrac.com/mlb/new-york-mets/cash/_/year/2026 | https://www.spotrac.com/mlb/new-york-mets/tax/_/year/2026,not_found_on_contracts_page,
2026-07-08T14:16:26+00:00,2026,NYM,New York Mets,new-york-mets,David Peterson,davidpeterson,https://www.spotrac.com/mlb/player/_/id/23229/david-peterson,SP,30,5.089,,,2026 Dead Money,2026 Dead Money,,,,,,,4028296,1.65,4028296,4028296,,,,,,,,,656849,CHC,Active,true_other_team,https://www.spotrac.com/mlb/new-york-mets/cash/_/year/2026 | https://www.spotrac.com/mlb/new-york-mets/tax/_/year/2026,not_found_on_contracts_page,
2026-07-08T14:16:26+00:00,2026,NYM,New York Mets,new-york-mets,Dayron Oramas,dayronoramas,https://www.spotrac.com/mlb/player/_/id/105932/dayron-oramas,SS,17,,,,,2026 Signing Bonus,,,,,,,,,125000,,125000,,,,,,,,,,,false,https://www.spotrac.com/mlb/new-york-mets/cash/_/year/2026,not_found_on_tax_page;not_found_on_contracts_page,
2026-07-08T14:16:26+00:00,2026,NYM,New York Mets,new-york-mets,Dedniel Nunez,dednielnunez,https://www.spotrac.com/mlb/player/_/id/70821/dedniel-nunez,RP,30,2.074,,,2026 Injured List,2026 Injured List,New York Mets Contracts,,,Pre-Arbitration,Pre-Arbitration,,792000,,792000,792000,,,2026,2026,2026,1,792000,792000,673380,NYM,Injured 60-Day,true,https://www.spotrac.com/mlb/new-york-mets/cash/_/year/2026 | https://www.spotrac.com/mlb/new-york-mets/contracts | https://www.spotrac.com/mlb/new-york-mets/tax/_/year/2026,,
2026-07-08T14:16:26+00:00,2026,NYM,New York Mets,new-york-mets,Devin Williams,devinwilliams,https://www.spotrac.com/mlb/player/_/id/32715/devin-williams,RP,31,6.056,,,2026 Active Roster,2026 Active Roster,New York Mets Contracts,,,Free Agent,Free Agent,,15000000,6.15,16000000,10000000,6000000,,2026,2026,2028,3,51000000,17000000,642207,NYM,Active,true,https://www.spotrac.com/mlb/new-york-mets/cash/_/year/2026 | https://www.spotrac.com/mlb/new-york-mets/contracts | https://www.spotrac.com/mlb/new-york-mets/tax/_/year/2026,,
2026-07-08T14:16:26+00:00,2026,NYM,New York Mets,new-york-mets,Dylan Ross,dylanross,https://www.spotrac.com/mlb/player/_/id/78970/dylan-ross,RP,,0.002,,,2026 Minor,,,,,Pre-Arbitration,,,,,,,,,,,,,,,697811,NYM,Reassigned to Minors,true,https://www.spotrac.com/mlb/new-york-mets/tax/_/year/2026,missing_all_money_fields;not_found_on_cash_page;not_found_on_contracts_page,
2026-07-08T14:16:26+00:00,2026,NYM,New York Mets,new-york-mets,Edwin Diaz,edwindiaz,https://www.spotrac.com/mlb/player/_/id/19906/edwin-diaz,RP,,9.121,,,2026 Retained,,,,,Retained,,,1500000,,,,,,,,,,,,621242,LAD,Injured 60-Day,true_other_team,https://www.spotrac.com/mlb/new-york-mets/tax/_/year/2026,not_found_on_cash_page;not_found_on_contracts_page,
2026-07-08T14:16:26+00:00,2026,NYM,New York Mets,new-york-mets,Elvis Teran,elvisteran,https://www.spotrac.com/mlb/player/_/id/105782/elvis-teran,OF,17,,,,,2026 Signing Bonus,,,,,,,,,25000,,25000,,,,,,,,,,,false,https://www.spotrac.com/mlb/new-york-mets/cash/_/year/2026,not_found_on_tax_page;not_found_on_contracts_page,
2026-07-08T14:16:26+00:00,2026,NYM,New York Mets,new-york-mets,Emerson Estevez,emersonestevez,https://www.spotrac.com/mlb/player/_/id/105547/emerson-estevez,OF,17,,,,,2026 Signing Bonus,,,,,,,,,25000,,25000,,,,,,,,,,,false,https://www.spotrac.com/mlb/new-york-mets/cash/_/year/2026,not_found_on_tax_page;not_found_on_contracts_page,
2026-07-08T14:16:26+00:00,2026,NYM,New York Mets,new-york-mets,Eric Wagaman,ericwagaman,https://www.spotrac.com/mlb/player/_/id/84135/eric-wagaman,1B,28,1.020,,,2026 Active Roster,2026 Active Roster,New York Mets Contracts,,,Pre-Arbitration,Pre-Arbitration,,525546,0.22,525546,525546,,,2026,2026,2026,1,780000,780000,676572,NYM,Active,true,https://www.spotrac.com/mlb/new-york-mets/cash/_/year/2026 | https://www.spotrac.com/mlb/new-york-mets/contracts | https://www.spotrac.com/mlb/new-york-mets/tax/_/year/2026,,
2026-07-08T14:16:26+00:00,2026,NYM,New York Mets,new-york-mets,Francisco Alvarez,franciscoalvarez,https://www.spotrac.com/mlb/player/_/id/27461/francisco-alvarez,C,24,2.164,,,2026 Active Roster,2026 Active Roster,New York Mets Contracts,,,Arbitration 1 Super Two,Arbitration,,2400000,0.98,2400000,2400000,,,2026,2026,2026,1,2400000,2400000,682626,NYM,Active,true,https://www.spotrac.com/mlb/new-york-mets/cash/_/year/2026 | https://www.spotrac.com/mlb/new-york-mets/contracts | https://www.spotrac.com/mlb/new-york-mets/tax/_/year/2026,,
2026-07-08T14:16:26+00:00,2026,NYM,New York Mets,new-york-mets,Francisco Lindor,franciscolindor,https://www.spotrac.com/mlb/player/_/id/14113/francisco-lindor,SS,32,10.113,,,2026 Active Roster,2026 Active Roster,New York Mets Contracts,,,Extension,Extension,,34100000,13.98,27000000,27000000,,,2022,2022,2031,10,341000000,34100000,596019,NYM,Active,true,https://www.spotrac.com/mlb/new-york-mets/cash/_/year/2026 | https://www.spotrac.com/mlb/new-york-mets/contracts | https://www.spotrac.com/mlb/new-york-mets/tax/_/year/2026,,
2026-07-08T14:16:26+00:00,2026,NYM,New York Mets,new-york-mets,Frank Moreno,frankmoreno,https://www.spotrac.com/mlb/player/_/id/105633/frank-moreno,C,17,,,,,2026 Signing Bonus,,,,,,,,,75000,,75000,,,,,,,,,,,false,https://www.spotrac.com/mlb/new-york-mets/cash/_/year/2026,not_found_on_tax_page;not_found_on_contracts_page,
2026-07-08T14:16:26+00:00,2026,NYM,New York Mets,new-york-mets,Frankie Montas,frankiemontas,https://www.spotrac.com/mlb/player/_/id/16515/frankie-montas,SP,33,8.015,,,2026 Retained,2026 Retained,,,,Retained,,,17000000,,17000000,17000000,,,,,,,,,,,,false,https://www.spotrac.com/mlb/new-york-mets/cash/_/year/2026 | https://www.spotrac.com/mlb/new-york-mets/tax/_/year/2026,not_found_on_contracts_page,
2026-07-08T14:16:26+00:00,2026,NYM,New York Mets,new-york-mets,Freddy Peralta,freddyperalta,https://www.spotrac.com/mlb/player/_/id/24582/freddy-peralta,SP,30,7.090,,,2026 Active Roster,2026 Active Roster,New York Mets Contracts,,,Extension Pre-Arbitration,Extension Pre-Arbitration,,8000000,3.28,8000000,8000000,,,2020,2020,2026,5,15500000,3100000,642547,NYM,Active,true,https://www.spotrac.com/mlb/new-york-mets/cash/_/year/2026 | https://www.spotrac.com/mlb/new-york-mets/contracts | https://www.spotrac.com/mlb/new-york-mets/tax/_/year/2026,,
2026-07-08T14:16:26+00:00,2026,NYM,New York Mets,new-york-mets,Gensil Rosario,gensilrosario,https://www.spotrac.com/mlb/player/_/id/105632/gensil-rosario,P,17,,,,,2026 Signing Bonus,,,,,,,,,145000,,145000,,,,,,,,,,,false,https://www.spotrac.com/mlb/new-york-mets/cash/_/year/2026,not_found_on_tax_page;not_found_on_contracts_page,
2026-07-08T14:16:26+00:00,2026,NYM,New York Mets,new-york-mets,Guillo Zuniga,guillozuniga,https://www.spotrac.com/mlb/player/_/id/20545/guillo-zuniga,RP,27,0.129,,,2026 Minor,2026 Minor,,,,Pre-Arbitration,,,8342,,8342,8342,,,,,,,,,,,,false,https://www.spotrac.com/mlb/new-york-mets/cash/_/year/2026 | https://www.spotrac.com/mlb/new-york-mets/tax/_/year/2026,not_found_on_contracts_page,
2026-07-08T14:16:26+00:00,2026,NYM,New York Mets,new-york-mets,Hayden Senger,haydensenger,https://www.spotrac.com/mlb/player/_/id/26808/hayden-senger,C,29,0.102,,,2026 Minor,2026 Minor,,,,Pre-Arbitration,,,129301,0.05,129301,129301,,,,,,,,,663584,NYM,Reassigned to Minors,true,https://www.spotrac.com/mlb/new-york-mets/cash/_/year/2026 | https://www.spotrac.com/mlb/new-york-mets/tax/_/year/2026,not_found_on_contracts_page,
2026-07-08T14:16:26+00:00,2026,NYM,New York Mets,new-york-mets,Henry Manrique,henrymanrique,https://www.spotrac.com/mlb/player/_/id/105785/henry-manrique,OF,17,,,,,2026 Signing Bonus,,,,,,,,,50000,,50000,,,,,,,,,,,false,https://www.spotrac.com/mlb/new-york-mets/cash/_/year/2026,not_found_on_tax_page;not_found_on_contracts_page,
2026-07-08T14:16:26+00:00,2026,NYM,New York Mets,new-york-mets,Huascar Brazoban,huascarbrazoban,https://www.spotrac.com/mlb/player/_/id/75169/huascar-brazoban,RP,36,2.170,,,2026 Active Roster,2026 Active Roster,New York Mets Contracts,,,Arbitration 1 Super Two,Arbitration,,1050000,0.43,1050000,1050000,,,2026,2026,2026,1,1050000,1050000,623211,NYM,Active,true,https://www.spotrac.com/mlb/new-york-mets/cash/_/year/2026 | https://www.spotrac.com/mlb/new-york-mets/contracts | https://www.spotrac.com/mlb/new-york-mets/tax/_/year/2026,,
2026-07-08T14:16:26+00:00,2026,NYM,New York Mets,new-york-mets,Jared Oliva,jaredoliva,https://www.spotrac.com/mlb/player/_/id/23421/jared-oliva,CF,,0.050,,,2026 Minor,,,,,Free Agent,,,,,,,,,,,,,,,666931,NYM,Reassigned to Minors,true,https://www.spotrac.com/mlb/new-york-mets/tax/_/year/2026,missing_all_money_fields;not_found_on_cash_page;not_found_on_contracts_page,
2026-07-08T14:16:26+00:00,2026,NYM,New York Mets,new-york-mets,Jared Young,jaredyoung,https://www.spotrac.com/mlb/player/_/id/74496/jared-young,1B,30,0.133,,,2026 Active Roster,2026 Active Roster,New York Mets Contracts,,,Pre-Arbitration,Pre-Arbitration,,1150000,0.47,1150000,1150000,,,2026,2026,2026,1,1150000,1150000,676724,NYM,Active,true,https://www.spotrac.com/mlb/new-york-mets/cash/_/year/2026 | https://www.spotrac.com/mlb/new-york-mets/contracts | https://www.spotrac.com/mlb/new-york-mets/tax/_/year/2026,,
2026-07-08T14:16:26+00:00,2026,NYM,New York Mets,new-york-mets,Jeff McNeil,jeffmcneil,https://www.spotrac.com/mlb/player/_/id/27750/jeff-mcneil,2B,34,7.069,,,2026 Retained,2026 Retained,,,,Retained,,,5750000,,5750000,5750000,,,,,,,,,643446,ATH,Active,true_other_team,https://www.spotrac.com/mlb/new-york-mets/cash/_/year/2026 | https://www.spotrac.com/mlb/new-york-mets/tax/_/year/2026,not_found_on_contracts_page,
2026-07-08T14:16:26+00:00,2026,NYM,New York Mets,new-york-mets,Jefry Yan,jefryyan,https://www.spotrac.com/mlb/player/_/id/86180/jefry-yan,RP,,,,,2026 Minor,,,,,Pre-Arbitration,,,,,,,,,,,,,,,642376,NYM,Reassigned to Minors,true,https://www.spotrac.com/mlb/new-york-mets/tax/_/year/2026,missing_all_money_fields;not_found_on_cash_page;not_found_on_contracts_page,
2026-07-08T14:16:26+00:00,2026,NYM,New York Mets,new-york-mets,Joe Jacques,joejacques,https://www.spotrac.com/mlb/player/_/id/26500/joe-jacques,RP,31,,,,,2026 Minor,,,,,,,,,800000,800000,,,,,,,,,,,,false,https://www.spotrac.com/mlb/new-york-mets/cash/_/year/2026,not_found_on_tax_page;not_found_on_contracts_page,
2026-07-08T14:16:26+00:00,2026,NYM,New York Mets,new-york-mets,Joey Gerber,joeygerber,https://www.spotrac.com/mlb/player/_/id/26271/joey-gerber,RP,29,0.171,,,2026 Minor,2026 Minor,,,,Pre-Arbitration,,,179353,0.07,179353,179353,,,,,,,,,680702,NYM,Reassigned to Minors,true,https://www.spotrac.com/mlb/new-york-mets/cash/_/year/2026 | https://www.spotrac.com/mlb/new-york-mets/tax/_/year/2026,not_found_on_contracts_page,
2026-07-08T14:16:26+00:00,2026,NYM,New York Mets,new-york-mets,Johnderis Sanchez,johnderissanchez,https://www.spotrac.com/mlb/player/_/id/105460/johnderis-sanchez,SS,17,,,,,2026 Signing Bonus,,,,,,,,,50000,,50000,,,,,,,,,,,false,https://www.spotrac.com/mlb/new-york-mets/cash/_/year/2026,not_found_on_tax_page;not_found_on_contracts_page,
2026-07-08T14:16:26+00:00,2026,NYM,New York Mets,new-york-mets,Jonah Tong,jonahtong,https://www.spotrac.com/mlb/player/_/id/78791/jonah-tong,SP,23,0.031,,,2026 Minor,2026 Minor,,,,Pre-Arbitration,,,50052,0.02,50052,50052,,,,,,,,,804636,NYM,Reassigned to Minors,true,https://www.spotrac.com/mlb/new-york-mets/cash/_/year/2026 | https://www.spotrac.com/mlb/new-york-mets/tax/_/year/2026,not_found_on_contracts_page,
2026-07-08T14:16:26+00:00,2026,NYM,New York Mets,new-york-mets,Jonathan Pintaro,jonathanpintaro,https://www.spotrac.com/mlb/player/_/id/98762/jonathan-pintaro,RP,28,0.001,,,2026 Minor,2026 Minor,,,,Pre-Arbitration,,,25026,0.01,25026,25026,,,,,,,,,702752,NYM,Reassigned to Minors,true,https://www.spotrac.com/mlb/new-york-mets/cash/_/year/2026 | https://www.spotrac.com/mlb/new-york-mets/tax/_/year/2026,not_found_on_contracts_page,
2026-07-08T14:16:26+00:00,2026,NYM,New York Mets,new-york-mets,Jorge Polanco,jorgepolanco,https://www.spotrac.com/mlb/player/_/id/16102/jorge-polanco,1B,32,9.024,,,2026 Active Roster,2026 Active Roster,New York Mets Contracts,,,Free Agent,Free Agent,,20000000,8.20,20000000,14000000,6000000,,2026,2026,2027,2,40000000,20000000,593871,NYM,Active,true,https://www.spotrac.com/mlb/new-york-mets/cash/_/year/2026 | https://www.spotrac.com/mlb/new-york-mets/contracts | https://www.spotrac.com/mlb/new-york-mets/tax/_/year/2026,,
2026-07-08T14:16:26+00:00,2026,NYM,New York Mets,new-york-mets,Juan Soto,juansoto,https://www.spotrac.com/mlb/player/_/id/25959/juan-soto,LF,27,7.134,,,2026 Active Roster,2026 Active Roster,New York Mets Contracts,,,Free Agent,Free Agent,,51000000,20.90,46975000,46875000,,,2025,2025,2039,15,765000000,51000000,665742,NYM,Active,true,https://www.spotrac.com/mlb/new-york-mets/cash/_/year/2026 | https://www.spotrac.com/mlb/new-york-mets/contracts | https://www.spotrac.com/mlb/new-york-mets/tax/_/year/2026,,
2026-07-08T14:16:26+00:00,2026,NYM,New York Mets,new-york-mets,Justin Hagenman,justinhagenman,https://www.spotrac.com/mlb/player/_/id/26912/justin-hagenman,SP,29,0.046,,,2026 Injured List,2026 Injured List,New York Mets Contracts,,,Pre-Arbitration,Pre-Arbitration,,850000,,850000,850000,,,2026,2026,2026,1,850000,850000,663795,NYM,Injured 60-Day,true,https://www.spotrac.com/mlb/new-york-mets/cash/_/year/2026 | https://www.spotrac.com/mlb/new-york-mets/contracts | https://www.spotrac.com/mlb/new-york-mets/tax/_/year/2026,,
2026-07-08T14:16:26+00:00,2026,NYM,New York Mets,new-york-mets,Kodai Senga,kodaisenga,https://www.spotrac.com/mlb/player/_/id/80217/kodai-senga,SP,33,3.000,,,2026 Active Roster,2026 Active Roster,New York Mets Contracts,,,Free Agent Foreign Professional,Free Agent Foreign Professional,,15000000,6.15,14000000,14000000,,,2023,2023,2027,5,75000000,15000000,673540,NYM,Active,true,https://www.spotrac.com/mlb/new-york-mets/cash/_/year/2026 | https://www.spotrac.com/mlb/new-york-mets/contracts | https://www.spotrac.com/mlb/new-york-mets/tax/_/year/2026,,
2026-07-08T14:16:26+00:00,2026,NYM,New York Mets,new-york-mets,Luis Garcia,luisgarcia,https://www.spotrac.com/mlb/player/_/id/16053/luis-garcia,RP,39,10.006,,,2026 Dead Money,2026 Dead Money,,,,,,,1750000,0.72,1750000,1750000,,,,,,,,,671277,WSH,Active,true_other_team,https://www.spotrac.com/mlb/new-york-mets/cash/_/year/2026 | https://www.spotrac.com/mlb/new-york-mets/tax/_/year/2026,not_found_on_contracts_page,
2026-07-08T14:16:26+00:00,2026,NYM,New York Mets,new-york-mets,Luis Robert Jr.,luisrobert,https://www.spotrac.com/mlb/player/_/id/22648/luis-robert-jr,CF,28,6.000,,,2026 Injured List,2026 Injured List,New York Mets Contracts,,,Extension Pre-Arbitration,Extension Pre-Arbitration,,22000000,,20000000,20000000,,,2020,2020,2027,6,50000000,8333333,673357,NYM,Injured 60-Day,true,https://www.spotrac.com/mlb/new-york-mets/cash/_/year/2026 | https://www.spotrac.com/mlb/new-york-mets/contracts | https://www.spotrac.com/mlb/new-york-mets/tax/_/year/2026,,
2026-07-08T14:16:26+00:00,2026,NYM,New York Mets,new-york-mets,Luis Torrens,luistorrens,https://www.spotrac.com/mlb/player/_/id/18495/luis-torrens,C,30,5.105,,,2026 Active Roster,2026 Active Roster,New York Mets Contracts,,,Arbitration 3,Extension,,2275000,0.93,2275000,2275000,,,2027,2027,2028,2,11500000,5750000,620443,NYM,Active,true,https://www.spotrac.com/mlb/new-york-mets/cash/_/year/2026 | https://www.spotrac.com/mlb/new-york-mets/contracts | https://www.spotrac.com/mlb/new-york-mets/tax/_/year/2026,,
2026-07-08T14:16:26+00:00,2026,NYM,New York Mets,new-york-mets,Luke Weaver,lukeweaver,https://www.spotrac.com/mlb/player/_/id/17703/luke-weaver,RP,32,8.112,,,2026 Active Roster,2026 Active Roster,New York Mets Contracts,,,Free Agent,Free Agent,,11000000,4.51,11000000,8000000,3000000,,2026,2026,2027,2,22000000,11000000,596133,NYM,Active,true,https://www.spotrac.com/mlb/new-york-mets/cash/_/year/2026 | https://www.spotrac.com/mlb/new-york-mets/contracts | https://www.spotrac.com/mlb/new-york-mets/tax/_/year/2026,,
2026-07-08T14:16:26+00:00,2026,NYM,New York Mets,new-york-mets,MJ Melendez,mjmelendez,https://www.spotrac.com/mlb/player/_/id/23261/mj-melendez,LF,27,3.015,,,2026 Minor,2026 Minor,,,,Free Agent,,,577512,0.24,577512,577512,,,,,,,,,669004,NYM,Reassigned to Minors,true,https://www.spotrac.com/mlb/new-york-mets/cash/_/year/2026 | https://www.spotrac.com/mlb/new-york-mets/tax/_/year/2026,not_found_on_contracts_page,
2026-07-08T14:16:26+00:00,2026,NYM,New York Mets,new-york-mets,Marcus Semien,marcussemien,https://www.spotrac.com/mlb/player/_/id/14066/marcus-semien,2B,35,11.118,,,2026 Injured List,2026 Injured List,New York Mets Contracts,,,Free Agent,Free Agent,,24000000,9.84,26000000,26000000,,,2022,2022,2028,7,175000000,25000000,543760,NYM,Injured 10-Day,true,https://www.spotrac.com/mlb/new-york-mets/cash/_/year/2026 | https://www.spotrac.com/mlb/new-york-mets/contracts | https://www.spotrac.com/mlb/new-york-mets/tax/_/year/2026,,
2026-07-08T14:16:26+00:00,2026,NYM,New York Mets,new-york-mets,Mark Vientos,markvientos,https://www.spotrac.com/mlb/player/_/id/23268/mark-vientos,3B,26,2.102,,,2026 Active Roster,2026 Active Roster,New York Mets Contracts,,,Pre-Arbitration,Pre-Arbitration,,813750,0.33,813750,813750,,,2026,2026,2026,1,813750,813750,668901,NYM,Active,true,https://www.spotrac.com/mlb/new-york-mets/cash/_/year/2026 | https://www.spotrac.com/mlb/new-york-mets/contracts | https://www.spotrac.com/mlb/new-york-mets/tax/_/year/2026,,
2026-07-08T14:16:26+00:00,2026,NYM,New York Mets,new-york-mets,Matt Seelinger,mattseelinger,https://www.spotrac.com/mlb/player/_/id/75028/matt-seelinger,RP,31,,,,2026 Active Roster,2026 Active Roster,New York Mets Contracts,,,Pre-Arbitration,Pre-Arbitration,,342022,0.14,342022,342022,,,2026,2026,2026,1,780000,780000,676910,NYM,Active,true,https://www.spotrac.com/mlb/new-york-mets/cash/_/year/2026 | https://www.spotrac.com/mlb/new-york-mets/contracts | https://www.spotrac.com/mlb/new-york-mets/tax/_/year/2026,,
2026-07-08T14:16:26+00:00,2026,NYM,New York Mets,new-york-mets,Michalle Mercedes,michallemercedes,https://www.spotrac.com/mlb/player/_/id/105637/michalle-mercedes,SS,17,,,,,2026 Signing Bonus,,,,,,,,,50000,,50000,,,,,,,,,,,false,https://www.spotrac.com/mlb/new-york-mets/cash/_/year/2026,not_found_on_tax_page;not_found_on_contracts_page,
2026-07-08T14:16:26+00:00,2026,NYM,New York Mets,new-york-mets,Nick Morabito,nickmorabito,https://www.spotrac.com/mlb/player/_/id/78604/nick-morabito,OF,23,,,,2026 Minor,2026 Minor,,,,Pre-Arbitration,,,29197,0.01,29197,29197,,,,,,,,,703492,NYM,Reassigned to Minors,true,https://www.spotrac.com/mlb/new-york-mets/cash/_/year/2026 | https://www.spotrac.com/mlb/new-york-mets/tax/_/year/2026,not_found_on_contracts_page,
2026-07-08T14:16:26+00:00,2026,NYM,New York Mets,new-york-mets,Nolan McLean,nolanmclean,https://www.spotrac.com/mlb/player/_/id/78679/nolan-mclean,SP,24,0.044,,,2026 Active Roster,2026 Active Roster,New York Mets Contracts,,,Pre-Arbitration,Pre-Arbitration,,791500,0.32,791500,791500,,,2026,2026,2026,1,791500,791500,690997,NYM,Active,true,https://www.spotrac.com/mlb/new-york-mets/cash/_/year/2026 | https://www.spotrac.com/mlb/new-york-mets/contracts | https://www.spotrac.com/mlb/new-york-mets/tax/_/year/2026,,
2026-07-08T14:16:26+00:00,2026,NYM,New York Mets,new-york-mets,Oscar Montero,oscarmontero,https://www.spotrac.com/mlb/player/_/id/105631/oscar-montero,P,17,,,,,2026 Signing Bonus,,,,,,,,,350000,,350000,,,,,,,,,,,false,https://www.spotrac.com/mlb/new-york-mets/cash/_/year/2026,not_found_on_tax_page;not_found_on_contracts_page,
2026-07-08T14:16:26+00:00,2026,NYM,New York Mets,new-york-mets,Oscar Pena,oscarpena,https://www.spotrac.com/mlb/player/_/id/105635/oscar-pena,SS,16,,,,,2026 Signing Bonus,,,,,,,,,90000,,90000,,,,,,,,,,,false,https://www.spotrac.com/mlb/new-york-mets/cash/_/year/2026,not_found_on_tax_page;not_found_on_contracts_page,
2026-07-08T14:16:26+00:00,2026,NYM,New York Mets,new-york-mets,Reed Garrett,reedgarrett,https://www.spotrac.com/mlb/player/_/id/28250/reed-garrett,RP,33,2.143,,,2026 Injured List,2026 Injured List,New York Mets Contracts,,,Arbitration 1 Super Two,Arbitration,,1300000,,1300000,1300000,,,2026,2026,2026,1,1300000,1300000,657585,NYM,Injured 60-Day,true,https://www.spotrac.com/mlb/new-york-mets/cash/_/year/2026 | https://www.spotrac.com/mlb/new-york-mets/contracts | https://www.spotrac.com/mlb/new-york-mets/tax/_/year/2026,,
2026-07-08T14:16:26+00:00,2026,NYM,New York Mets,new-york-mets,Richard Lovelady,richardlovelady,https://www.spotrac.com/mlb/player/_/id/20073/richard-lovelady,RP,30,3.052,,,2026 Dead Money,2026 Dead Money,,,,,,,123004,0.05,123004,123004,,,,,,,,,663992,WSH,Injured 15-Day,true_other_team,https://www.spotrac.com/mlb/new-york-mets/cash/_/year/2026 | https://www.spotrac.com/mlb/new-york-mets/tax/_/year/2026,not_found_on_contracts_page,
2026-07-08T14:16:26+00:00,2026,NYM,New York Mets,new-york-mets,Ronny Mauricio,ronnymauricio,https://www.spotrac.com/mlb/player/_/id/23851/ronny-mauricio,SS,25,2.028,,,2026 Minor,2026 Minor,,,,Pre-Arbitration,,,83315,0.03,83315,83315,,,,,,,,,677595,NYM,Reassigned to Minors,true,https://www.spotrac.com/mlb/new-york-mets/cash/_/year/2026 | https://www.spotrac.com/mlb/new-york-mets/tax/_/year/2026,not_found_on_contracts_page,
2026-07-08T14:16:26+00:00,2026,NYM,New York Mets,new-york-mets,Royner Bravo,roynerbravo,https://www.spotrac.com/mlb/player/_/id/105781/royner-bravo,OF,17,,,,,2026 Signing Bonus,,,,,,,,,90000,,90000,,,,,,,,,,,false,https://www.spotrac.com/mlb/new-york-mets/cash/_/year/2026,not_found_on_tax_page;not_found_on_contracts_page,
2026-07-08T14:16:26+00:00,2026,NYM,New York Mets,new-york-mets,Ryan Rudas,ryanrudas,https://www.spotrac.com/mlb/player/_/id/105461/ryan-rudas,OF,17,,,,,2026 Signing Bonus,,,,,,,,,85000,,85000,,,,,,,,,,,false,https://www.spotrac.com/mlb/new-york-mets/cash/_/year/2026,not_found_on_tax_page;not_found_on_contracts_page,
2026-07-08T14:16:26+00:00,2026,NYM,New York Mets,new-york-mets,Sean Manaea,seanmanaea,https://www.spotrac.com/mlb/player/_/id/19022/sean-manaea,SP,34,9.157,,,2026 Active Roster,2026 Active Roster,New York Mets Contracts,,,Free Agent,Free Agent,,22009731,9.02,17250000,17250000,,,2025,2025,2027,3,75000000,25000000,640455,NYM,Active,true,https://www.spotrac.com/mlb/new-york-mets/cash/_/year/2026 | https://www.spotrac.com/mlb/new-york-mets/contracts | https://www.spotrac.com/mlb/new-york-mets/tax/_/year/2026,,
2026-07-08T14:16:26+00:00,2026,NYM,New York Mets,new-york-mets,Sebastian Toro,sebastiantoro,https://www.spotrac.com/mlb/player/_/id/105459/sebastian-toro,SS,17,,,,,2026 Signing Bonus,,,,,,,,,300000,,300000,,,,,,,,,,,false,https://www.spotrac.com/mlb/new-york-mets/cash/_/year/2026,not_found_on_tax_page;not_found_on_contracts_page,
2026-07-08T14:16:26+00:00,2026,NYM,New York Mets,new-york-mets,Tobias Myers,tobiasmyers,https://www.spotrac.com/mlb/player/_/id/20027/tobias-myers,RP,27,1.109,,,2026 Minor,2026 Minor,,,,Pre-Arbitration,,,349272,0.14,349272,349272,,,,,,,,,668964,NYM,Reassigned to Minors,true,https://www.spotrac.com/mlb/new-york-mets/cash/_/year/2026 | https://www.spotrac.com/mlb/new-york-mets/tax/_/year/2026,not_found_on_contracts_page,
2026-07-08T14:16:26+00:00,2026,NYM,New York Mets,new-york-mets,Tommy Pham,tommypham,https://www.spotrac.com/mlb/player/_/id/16031/tommy-pham,LF,38,10.092,,,2026 Dead Money,2026 Dead Money,,,,,,,180480,0.07,180480,180480,,,,,,,,,,,,false,https://www.spotrac.com/mlb/new-york-mets/cash/_/year/2026 | https://www.spotrac.com/mlb/new-york-mets/tax/_/year/2026,not_found_on_contracts_page,
2026-07-08T14:16:26+00:00,2026,NYM,New York Mets,new-york-mets,Tylor Megill,tylormegill,https://www.spotrac.com/mlb/player/_/id/73127/tylor-megill,SP,30,4.031,,,2026 Injured List,2026 Injured List,New York Mets Contracts,,,Arbitration 2,Arbitration,,2500000,,2500000,2500000,,,2026,2026,2026,1,2500000,2500000,656731,NYM,Injured 60-Day,true,https://www.spotrac.com/mlb/new-york-mets/cash/_/year/2026 | https://www.spotrac.com/mlb/new-york-mets/contracts | https://www.spotrac.com/mlb/new-york-mets/tax/_/year/2026,,
2026-07-08T14:16:26+00:00,2026,NYM,New York Mets,new-york-mets,Tyrone Taylor,tyronetaylor,https://www.spotrac.com/mlb/player/_/id/28137/tyrone-taylor,CF,32,5.093,,,2026 Active Roster,2026 Active Roster,New York Mets Contracts,,,Arbitration 3,Arbitration,,3800000,1.56,3800000,3800000,,,2026,2026,2026,1,3800000,3800000,621438,NYM,Active,true,https://www.spotrac.com/mlb/new-york-mets/cash/_/year/2026 | https://www.spotrac.com/mlb/new-york-mets/contracts | https://www.spotrac.com/mlb/new-york-mets/tax/_/year/2026,,
2026-07-08T14:16:26+00:00,2026,NYM,New York Mets,new-york-mets,Vidal Brujan,vidalbrujan,https://www.spotrac.com/mlb/player/_/id/29149/vidal-brujan,2B,28,3.014,,,2026 Minor,2026 Minor,,,,Arbitration 1,,,200000,,200000,200000,,,,,,,,,,,,false,https://www.spotrac.com/mlb/new-york-mets/cash/_/year/2026 | https://www.spotrac.com/mlb/new-york-mets/tax/_/year/2026,not_found_on_contracts_page,
2026-07-08T14:16:26+00:00,2026,NYM,New York Mets,new-york-mets,Wandy Asigen,wandyasigen,https://www.spotrac.com/mlb/player/_/id/105457/wandy-asigen,SS,16,,,,,2026 Signing Bonus,,,,,,,,,3900000,,3900000,,,,,,,,,,,false,https://www.spotrac.com/mlb/new-york-mets/cash/_/year/2026,not_found_on_tax_page;not_found_on_contracts_page,
2026-07-08T14:16:26+00:00,2026,NYM,New York Mets,new-york-mets,Yadier Fuentes,yadierfuentes,https://www.spotrac.com/mlb/player/_/id/105933/yadier-fuentes,C,17,,,,,2026 Signing Bonus,,,,,,,,,80000,,80000,,,,,,,,,,,false,https://www.spotrac.com/mlb/new-york-mets/cash/_/year/2026,not_found_on_tax_page;not_found_on_contracts_page,
2026-07-08T14:16:26+00:00,2026,NYM,New York Mets,new-york-mets,Zach Thornton,zachthornton,https://www.spotrac.com/mlb/player/_/id/84903/zach-thornton,SP,24,,,,2026 Minor,2026 Minor,,,,Pre-Arbitration,,,16684,0.01,16684,16684,,,,,,,,,804267,NYM,Reassigned to Minors,true,https://www.spotrac.com/mlb/new-york-mets/cash/_/year/2026 | https://www.spotrac.com/mlb/new-york-mets/tax/_/year/2026,not_found_on_contracts_page,
2026-07-08T14:16:26+00:00,2026,NYM,New York Mets,new-york-mets,Zack Short,zackshort,https://www.spotrac.com/mlb/player/_/id/35724/zack-short,2B,31,2.070,,,2026 Minor,2026 Minor,,,,Free Agent,,,37539,,37539,37539,,,,,,,,,,,,false,https://www.spotrac.com/mlb/new-york-mets/cash/_/year/2026 | https://www.spotrac.com/mlb/new-york-mets/tax/_/year/2026,not_found_on_contracts_page,
2026-07-08T14:16:26+00:00,2026,NYY,New York Yankees,new-york-yankees,Aaron Hicks,aaronhicks,https://www.spotrac.com/mlb/player/_/id/12148/aaron-hicks,CF,36,,,,,2026 Dead Money,,,,,,,,,1000000,1000000,,,,,,,,,,,,false,https://www.spotrac.com/mlb/new-york-yankees/cash/_/year/2026,not_found_on_tax_page;not_found_on_contracts_page,
2026-07-08T14:16:26+00:00,2026,NYY,New York Yankees,new-york-yankees,Aaron Judge,aaronjudge,https://www.spotrac.com/mlb/player/_/id/18499/aaron-judge,RF,34,9.051,,,2026 Injured List,2026 Injured List,New York Yankees Contracts,,,Free Agent,Free Agent,,40000000,16.39,40000000,40000000,,,2023,2023,2031,9,360000000,40000000,592450,NYY,Injured 10-Day,true,https://www.spotrac.com/mlb/new-york-yankees/cash/_/year/2026 | https://www.spotrac.com/mlb/new-york-yankees/contracts | https://www.spotrac.com/mlb/new-york-yankees/tax/_/year/2026,,
2026-07-08T14:16:26+00:00,2026,NYY,New York Yankees,new-york-yankees,Abrahan Pichardo,abrahanpichardo,https://www.spotrac.com/mlb/player/_/id/105465/abrahan-pichardo,SS,17,,,,,2026 Signing Bonus,,,,,,,,,100000,,100000,,,,,,,,,,,false,https://www.spotrac.com/mlb/new-york-yankees/cash/_/year/2026,not_found_on_tax_page;not_found_on_contracts_page,
2026-07-08T14:16:26+00:00,2026,NYY,New York Yankees,new-york-yankees,Ali Sanchez,alisanchez,https://www.spotrac.com/mlb/player/_/id/24198/ali-sanchez,C,29,1.057,,,2026 Active Roster,2026 Active Roster,New York Yankees Contracts,,,Free Agent,Free Agent,,495508,0.20,495508,495508,,,2026,2026,2026,1,820000,820000,645305,NYY,Active,true,https://www.spotrac.com/mlb/new-york-yankees/cash/_/year/2026 | https://www.spotrac.com/mlb/new-york-yankees/contracts | https://www.spotrac.com/mlb/new-york-yankees/tax/_/year/2026,,
2026-07-08T14:16:26+00:00,2026,NYY,New York Yankees,new-york-yankees,Amed Rosario,amedrosario,https://www.spotrac.com/mlb/player/_/id/21240/amed-rosario,SS,30,8.062,,,2026 Active Roster,2026 Active Roster,New York Yankees Contracts,,,Free Agent,Free Agent,,2500000,1.02,2500000,2500000,,,2026,2026,2026,1,2500000,2500000,642708,NYY,Active,true,https://www.spotrac.com/mlb/new-york-yankees/cash/_/year/2026 | https://www.spotrac.com/mlb/new-york-yankees/contracts | https://www.spotrac.com/mlb/new-york-yankees/tax/_/year/2026,,
2026-07-08T14:16:26+00:00,2026,NYY,New York Yankees,new-york-yankees,Angel Chivilli,angelchivilli,https://www.spotrac.com/mlb/player/_/id/86133/angel-chivilli,RP,23,1.036,,,2026 Active Roster,2026 Active Roster,New York Yankees Contracts,,,Pre-Arbitration,Pre-Arbitration,,618285,0.25,618285,618285,,,2026,2026,2026,1,820000,820000,683409,NYY,Active,true,https://www.spotrac.com/mlb/new-york-yankees/cash/_/year/2026 | https://www.spotrac.com/mlb/new-york-yankees/contracts | https://www.spotrac.com/mlb/new-york-yankees/tax/_/year/2026,,
2026-07-08T14:16:26+00:00,2026,NYY,New York Yankees,new-york-yankees,Angel Salazar,angelsalazar,https://www.spotrac.com/mlb/player/_/id/105795/angel-salazar,P,19,,,,,2026 Signing Bonus,,,,,,,,,10000,,10000,,,,,,,,,,,false,https://www.spotrac.com/mlb/new-york-yankees/cash/_/year/2026,not_found_on_tax_page;not_found_on_contracts_page,
2026-07-08T14:16:26+00:00,2026,NYY,New York Yankees,new-york-yankees,Anthony Volpe,anthonyvolpe,https://www.spotrac.com/mlb/player/_/id/30428/anthony-volpe,SS,25,3.000,,,2026 Active Roster,2026 Active Roster,New York Yankees Contracts,,,Arbitration 1,Arbitration,,3475000,1.42,3475000,3475000,,,2026,2026,2026,1,3475000,3475000,683011,NYY,Active,true,https://www.spotrac.com/mlb/new-york-yankees/cash/_/year/2026 | https://www.spotrac.com/mlb/new-york-yankees/contracts | https://www.spotrac.com/mlb/new-york-yankees/tax/_/year/2026,,
2026-07-08T14:16:26+00:00,2026,NYY,New York Yankees,new-york-yankees,Austin Wells,austinwells,https://www.spotrac.com/mlb/player/_/id/48384/austin-wells,C,26,2.031,,,2026 Active Roster,2026 Active Roster,New York Yankees Contracts,,,Pre-Arbitration,Pre-Arbitration,,866200,0.36,866200,866200,,,2026,2026,2026,1,866200,866200,669224,NYY,Active,true,https://www.spotrac.com/mlb/new-york-yankees/cash/_/year/2026 | https://www.spotrac.com/mlb/new-york-yankees/contracts | https://www.spotrac.com/mlb/new-york-yankees/tax/_/year/2026,,
2026-07-08T14:16:26+00:00,2026,NYY,New York Yankees,new-york-yankees,Ben Rice,benrice,https://www.spotrac.com/mlb/player/_/id/73603/ben-rice,1B,27,1.076,,,2026 Active Roster,2026 Active Roster,New York Yankees Contracts,,,Pre-Arbitration,Pre-Arbitration,,845800,0.35,845800,845800,,,2026,2026,2026,1,845800,845800,700250,NYY,Active,true,https://www.spotrac.com/mlb/new-york-yankees/cash/_/year/2026 | https://www.spotrac.com/mlb/new-york-yankees/contracts | https://www.spotrac.com/mlb/new-york-yankees/tax/_/year/2026,,
2026-07-08T14:16:26+00:00,2026,NYY,New York Yankees,new-york-yankees,Brandon Rodriguez,brandonrodriguez,https://www.spotrac.com/mlb/player/_/id/105783/brandon-rodriguez,P,19,,,,,2026 Signing Bonus,,,,,,,,,10000,,10000,,,,,,,,,,,false,https://www.spotrac.com/mlb/new-york-yankees/cash/_/year/2026,not_found_on_tax_page;not_found_on_contracts_page,
2026-07-08T14:16:26+00:00,2026,NYY,New York Yankees,new-york-yankees,Brendan Beck,brendanbeck,https://www.spotrac.com/mlb/player/_/id/73317/brendan-beck,SP,27,,,,2026 Minor,2026 Minor,,,,Pre-Arbitration,,,8342,0.00,8342,8342,,,,,,,,,694341,NYY,Reassigned to Minors,true,https://www.spotrac.com/mlb/new-york-yankees/cash/_/year/2026 | https://www.spotrac.com/mlb/new-york-yankees/tax/_/year/2026,not_found_on_contracts_page,
2026-07-08T14:16:26+00:00,2026,NYY,New York Yankees,new-york-yankees,Brent Headrick,brentheadrick,https://www.spotrac.com/mlb/player/_/id/31216/brent-headrick,RP,28,0.171,,,2026 Active Roster,2026 Active Roster,New York Yankees Contracts,,,Pre-Arbitration,Pre-Arbitration,,792675,0.32,792675,792675,,,2026,2026,2026,1,792675,792675,687396,NYY,Active,true,https://www.spotrac.com/mlb/new-york-yankees/cash/_/year/2026 | https://www.spotrac.com/mlb/new-york-yankees/contracts | https://www.spotrac.com/mlb/new-york-yankees/tax/_/year/2026,,
2026-07-08T14:16:26+00:00,2026,NYY,New York Yankees,new-york-yankees,Cade Winquest,cadewinquest,https://www.spotrac.com/mlb/player/_/id/78829/cade-winquest,RP,26,,,,2026 Dead Money,2026 Dead Money,,,,,,,70909,0.03,70909,70909,,,,,,,,,,,,false,https://www.spotrac.com/mlb/new-york-yankees/cash/_/year/2026 | https://www.spotrac.com/mlb/new-york-yankees/tax/_/year/2026,not_found_on_contracts_page,
2026-07-08T14:16:26+00:00,2026,NYY,New York Yankees,new-york-yankees,Cam Schlittler,camschlittler,https://www.spotrac.com/mlb/player/_/id/78802/cam-schlittler,SP,25,0.082,,,2026 Active Roster,2026 Active Roster,New York Yankees Contracts,,,Pre-Arbitration,Pre-Arbitration,,801425,0.33,801425,801425,,,2026,2026,2026,1,801425,801425,693645,NYY,Active,true,https://www.spotrac.com/mlb/new-york-yankees/cash/_/year/2026 | https://www.spotrac.com/mlb/new-york-yankees/contracts | https://www.spotrac.com/mlb/new-york-yankees/tax/_/year/2026,,
2026-07-08T14:16:26+00:00,2026,NYY,New York Yankees,new-york-yankees,Camilo Doval,camilodoval,https://www.spotrac.com/mlb/player/_/id/48796/camilo-doval,RP,28,4.071,,,2026 Active Roster,2026 Active Roster,New York Yankees Contracts,,,Arbitration 2,Arbitration,,6100000,2.50,6100000,6100000,,,2026,2026,2026,1,6100000,6100000,666808,NYY,Active,true,https://www.spotrac.com/mlb/new-york-yankees/cash/_/year/2026 | https://www.spotrac.com/mlb/new-york-yankees/contracts | https://www.spotrac.com/mlb/new-york-yankees/tax/_/year/2026,,
2026-07-08T14:16:26+00:00,2026,NYY,New York Yankees,new-york-yankees,Carlos Rodon,carlosrodon,https://www.spotrac.com/mlb/player/_/id/16709/carlos-rodon,SP,33,10.168,,,2026 Injured List,2026 Injured List,New York Yankees Contracts,,,Free Agent,Free Agent,,27000000,11.07,27000000,27000000,,,2023,2023,2028,6,162000000,27000000,607074,NYY,Injured 15-Day,true,https://www.spotrac.com/mlb/new-york-yankees/cash/_/year/2026 | https://www.spotrac.com/mlb/new-york-yankees/contracts | https://www.spotrac.com/mlb/new-york-yankees/tax/_/year/2026,,
2026-07-08T14:16:26+00:00,2026,NYY,New York Yankees,new-york-yankees,Cesar Lopez,cesarlopez,https://www.spotrac.com/mlb/player/_/id/105464/cesar-lopez,C,17,,,,,2026 Signing Bonus,,,,,,,,,150000,,150000,,,,,,,,,,,false,https://www.spotrac.com/mlb/new-york-yankees/cash/_/year/2026,not_found_on_tax_page;not_found_on_contracts_page,
2026-07-08T14:16:26+00:00,2026,NYY,New York Yankees,new-york-yankees,Chase Hampton,chasehampton,https://www.spotrac.com/mlb/player/_/id/78773/chase-hampton,SP,,,,,2026 Minor,,,,,Pre-Arbitration,,,,,,,,,,,,,,,694633,NYY,Reassigned to Minors,true,https://www.spotrac.com/mlb/new-york-yankees/tax/_/year/2026,missing_all_money_fields;not_found_on_cash_page;not_found_on_contracts_page,
2026-07-08T14:16:26+00:00,2026,NYY,New York Yankees,new-york-yankees,Chien-Fan Lai,chienfanlai,https://www.spotrac.com/mlb/player/_/id/108550/chien-fan-lai,P,18,,,,,2026 Signing Bonus,,,,,,,,,872500,,872500,,,,,,,,,,,false,https://www.spotrac.com/mlb/new-york-yankees/cash/_/year/2026,not_found_on_tax_page;not_found_on_contracts_page,
2026-07-08T14:16:26+00:00,2026,NYY,New York Yankees,new-york-yankees,Clarke Schmidt,clarkeschmidt,https://www.spotrac.com/mlb/player/_/id/23225/clarke-schmidt,SP,30,4.148,,,2026 Injured List,2026 Injured List,New York Yankees Contracts,,,Arbitration 2,Arbitration,,4500000,,4500000,4500000,,,2026,2026,2026,1,4500000,4500000,657376,NYY,Injured 60-Day,true,https://www.spotrac.com/mlb/new-york-yankees/cash/_/year/2026 | https://www.spotrac.com/mlb/new-york-yankees/contracts | https://www.spotrac.com/mlb/new-york-yankees/tax/_/year/2026,,
2026-07-08T14:16:26+00:00,2026,NYY,New York Yankees,new-york-yankees,Cody Bellinger,codybellinger,https://www.spotrac.com/mlb/player/_/id/21735/cody-bellinger,LF,30,8.160,,,2026 Active Roster,2026 Active Roster,New York Yankees Contracts,,,Free Agent,Free Agent,,44750000,18.34,52500000,32500000,20000000,,2026,2026,2030,5,162500000,32500000,641355,NYY,Active,true,https://www.spotrac.com/mlb/new-york-yankees/cash/_/year/2026 | https://www.spotrac.com/mlb/new-york-yankees/contracts | https://www.spotrac.com/mlb/new-york-yankees/tax/_/year/2026,,
2026-07-08T14:16:26+00:00,2026,NYY,New York Yankees,new-york-yankees,D.J. LeMahieu,djlemahieu,https://www.spotrac.com/mlb/player/_/id/10696/dj-lemahieu,2B,37,13.062,,,2026 Retained,2026 Retained,,,,Retained,,,15000000,,15000000,15000000,,,,,,,,,,,,false,https://www.spotrac.com/mlb/new-york-yankees/cash/_/year/2026 | https://www.spotrac.com/mlb/new-york-yankees/tax/_/year/2026,not_found_on_contracts_page,
2026-07-08T14:16:26+00:00,2026,NYY,New York Yankees,new-york-yankees,Dalvin Taveras,dalvintaveras,https://www.spotrac.com/mlb/player/_/id/106773/dalvin-taveras,P,18,,,,,2026 Signing Bonus,,,,,,,,,65000,,65000,,,,,,,,,,,false,https://www.spotrac.com/mlb/new-york-yankees/cash/_/year/2026,not_found_on_tax_page;not_found_on_contracts_page,
2026-07-08T14:16:26+00:00,2026,NYY,New York Yankees,new-york-yankees,Dariel Santana,darielsantana,https://www.spotrac.com/mlb/player/_/id/108551/dariel-santana,SS,18,,,,,2026 Signing Bonus,,,,,,,,,200000,,200000,,,,,,,,,,,false,https://www.spotrac.com/mlb/new-york-yankees/cash/_/year/2026,not_found_on_tax_page;not_found_on_contracts_page,
2026-07-08T14:16:26+00:00,2026,NYY,New York Yankees,new-york-yankees,David Bednar,davidbednar,https://www.spotrac.com/mlb/player/_/id/32814/david-bednar,RP,31,5.073,,,2026 Active Roster,2026 Active Roster,New York Yankees Contracts,,,Arbitration 3,Arbitration,,9000000,3.69,9000000,9000000,,,2026,2026,2026,1,9000000,9000000,670280,NYY,Active,true,https://www.spotrac.com/mlb/new-york-yankees/cash/_/year/2026 | https://www.spotrac.com/mlb/new-york-yankees/contracts | https://www.spotrac.com/mlb/new-york-yankees/tax/_/year/2026,,
2026-07-08T14:16:26+00:00,2026,NYY,New York Yankees,new-york-yankees,Elmer Rodriguez,elmerrodriguez,https://www.spotrac.com/mlb/player/_/id/73367/elmer-rodriguez,SP,22,,,,2026 Minor,2026 Minor,,,,Pre-Arbitration,,,45881,0.02,45881,45881,,,,,,,,,695684,NYY,Reassigned to Minors,true,https://www.spotrac.com/mlb/new-york-yankees/cash/_/year/2026 | https://www.spotrac.com/mlb/new-york-yankees/tax/_/year/2026,not_found_on_contracts_page,
2026-07-08T14:16:26+00:00,2026,NYY,New York Yankees,new-york-yankees,Felipe Hernandez,felipehernandez,https://www.spotrac.com/mlb/player/_/id/106382/felipe-hernandez,P,17,,,,,2026 Signing Bonus,,,,,,,,,60000,,60000,,,,,,,,,,,false,https://www.spotrac.com/mlb/new-york-yankees/cash/_/year/2026,not_found_on_tax_page;not_found_on_contracts_page,
2026-07-08T14:16:26+00:00,2026,NYY,New York Yankees,new-york-yankees,Fernando Cruz,fernandocruz,https://www.spotrac.com/mlb/player/_/id/18552/fernando-cruz,RP,36,3.035,,,2026 Active Roster,2026 Active Roster,New York Yankees Contracts,,,Arbitration 1,Arbitration,,1450000,0.59,1450000,1450000,,,2026,2026,2026,1,1450000,1450000,518585,NYY,Active,true,https://www.spotrac.com/mlb/new-york-yankees/cash/_/year/2026 | https://www.spotrac.com/mlb/new-york-yankees/contracts | https://www.spotrac.com/mlb/new-york-yankees/tax/_/year/2026,,
2026-07-08T14:16:26+00:00,2026,NYY,New York Yankees,new-york-yankees,Germayhoni Beltre,germayhonibeltre,https://www.spotrac.com/mlb/player/_/id/105463/germayhoni-beltre,SS,17,,,,,2026 Signing Bonus,,,,,,,,,100000,,100000,,,,,,,,,,,false,https://www.spotrac.com/mlb/new-york-yankees/cash/_/year/2026,not_found_on_tax_page;not_found_on_contracts_page,
2026-07-08T14:16:26+00:00,2026,NYY,New York Yankees,new-york-yankees,Gerrit Cole,gerritcole,https://www.spotrac.com/mlb/player/_/id/13294/gerrit-cole,SP,35,12.111,,,2026 Active Roster,2026 Active Roster,New York Yankees Contracts,,,Free Agent,Free Agent,,36000000,14.75,36000000,36000000,,,2020,2020,2028,9,324000000,36000000,543037,NYY,Active,true,https://www.spotrac.com/mlb/new-york-yankees/cash/_/year/2026 | https://www.spotrac.com/mlb/new-york-yankees/contracts | https://www.spotrac.com/mlb/new-york-yankees/tax/_/year/2026,,
2026-07-08T14:16:26+00:00,2026,NYY,New York Yankees,new-york-yankees,Giancarlo Stanton,giancarlostanton,https://www.spotrac.com/mlb/player/_/id/6864/giancarlo-stanton,DH,36,15.118,,,2026 Injured List,2026 Injured List,New York Yankees Contracts,,,Extension Arbitration,Extension Arbitration,,22000000,9.02,29000000,29000000,,,2015,2015,2027,13,325000000,25000000,519317,NYY,Injured 10-Day,true,https://www.spotrac.com/mlb/new-york-yankees/cash/_/year/2026 | https://www.spotrac.com/mlb/new-york-yankees/contracts | https://www.spotrac.com/mlb/new-york-yankees/tax/_/year/2026,,
2026-07-08T14:16:26+00:00,2026,NYY,New York Yankees,new-york-yankees,Hector Cancio,hectorcancio,https://www.spotrac.com/mlb/player/_/id/108554/hector-cancio,P,16,,,,,2026 Signing Bonus,,,,,,,,,50000,,50000,,,,,,,,,,,false,https://www.spotrac.com/mlb/new-york-yankees/cash/_/year/2026,not_found_on_tax_page;not_found_on_contracts_page,
2026-07-08T14:16:26+00:00,2026,NYY,New York Yankees,new-york-yankees,J.C. Escarra,jcescarra,https://www.spotrac.com/mlb/player/_/id/84113/jc-escarra,C,31,0.139,,,2026 Minor,2026 Minor,,,,Pre-Arbitration,,,393484,0.16,393484,393484,,,,,,,,,641555,NYY,Reassigned to Minors,true,https://www.spotrac.com/mlb/new-york-yankees/cash/_/year/2026 | https://www.spotrac.com/mlb/new-york-yankees/tax/_/year/2026,not_found_on_contracts_page,
2026-07-08T14:16:26+00:00,2026,NYY,New York Yankees,new-york-yankees,Jake Bird,jakebird,https://www.spotrac.com/mlb/player/_/id/26189/jake-bird,RP,30,3.051,,,2026 Active Roster,2026 Active Roster,New York Yankees Contracts,,,Arbitration 1,Arbitration,,975000,0.40,975000,975000,,,2026,2026,2026,1,975000,975000,656234,NYY,Active,true,https://www.spotrac.com/mlb/new-york-yankees/cash/_/year/2026 | https://www.spotrac.com/mlb/new-york-yankees/contracts | https://www.spotrac.com/mlb/new-york-yankees/tax/_/year/2026,,
2026-07-08T14:16:26+00:00,2026,NYY,New York Yankees,new-york-yankees,Jasson Domínguez,jassondominguez,https://www.spotrac.com/mlb/player/_/id/31940/jasson-dom%C3%ADnguez,LF,23,1.130,,,2026 Active Roster,2026 Active Roster,New York Yankees Contracts,,,Pre-Arbitration,Pre-Arbitration,,638163,0.26,638163,638163,,,2026,2026,2026,1,780000,780000,691176,NYY,Active,true,https://www.spotrac.com/mlb/new-york-yankees/cash/_/year/2026 | https://www.spotrac.com/mlb/new-york-yankees/contracts | https://www.spotrac.com/mlb/new-york-yankees/tax/_/year/2026,,
2026-07-08T14:16:26+00:00,2026,NYY,New York Yankees,new-york-yankees,Jazz Chisholm,jazzchisholm,https://www.spotrac.com/mlb/player/_/id/29144/jazz-chisholm,2B,28,5.075,,,2026 Active Roster,2026 Active Roster,New York Yankees Contracts,,,Arbitration 3,Arbitration,,10200000,4.18,10200000,10200000,,,2026,2026,2026,1,10200000,10200000,665862,NYY,Active,true,https://www.spotrac.com/mlb/new-york-yankees/cash/_/year/2026 | https://www.spotrac.com/mlb/new-york-yankees/contracts | https://www.spotrac.com/mlb/new-york-yankees/tax/_/year/2026,,
2026-07-08T14:16:26+00:00,2026,NYY,New York Yankees,new-york-yankees,Jhon Beltre,jhonbeltre,https://www.spotrac.com/mlb/player/_/id/108553/jhon-beltre,P,17,,,,,2026 Signing Bonus,,,,,,,,,100000,,100000,,,,,,,,,,,false,https://www.spotrac.com/mlb/new-york-yankees/cash/_/year/2026,not_found_on_tax_page;not_found_on_contracts_page,
2026-07-08T14:16:26+00:00,2026,NYY,New York Yankees,new-york-yankees,Jhon Castro,jhoncastro,https://www.spotrac.com/mlb/player/_/id/105794/jhon-castro,P,18,,,,,2026 Signing Bonus,,,,,,,,,10000,,10000,,,,,,,,,,,false,https://www.spotrac.com/mlb/new-york-yankees/cash/_/year/2026,not_found_on_tax_page;not_found_on_contracts_page,
2026-07-08T14:16:26+00:00,2026,NYY,New York Yankees,new-york-yankees,John Rosillo,johnrosillo,https://www.spotrac.com/mlb/player/_/id/105791/john-rosillo,C,18,,,,,2026 Signing Bonus,,,,,,,,,10000,,10000,,,,,,,,,,,false,https://www.spotrac.com/mlb/new-york-yankees/cash/_/year/2026,not_found_on_tax_page;not_found_on_contracts_page,
2026-07-08T14:16:26+00:00,2026,NYY,New York Yankees,new-york-yankees,José Caballero,josecaballero,https://www.spotrac.com/mlb/player/_/id/23415/jos%C3%A9-caballero,SS,29,2.170,,,2026 Active Roster,2026 Active Roster,New York Yankees Contracts,,,Arbitration 1 Super Two,Arbitration,,2000000,0.82,2000000,2000000,,,2026,2026,2026,1,2000000,2000000,676609,NYY,Active,true,https://www.spotrac.com/mlb/new-york-yankees/cash/_/year/2026 | https://www.spotrac.com/mlb/new-york-yankees/contracts | https://www.spotrac.com/mlb/new-york-yankees/tax/_/year/2026,,
2026-07-08T14:16:26+00:00,2026,NYY,New York Yankees,new-york-yankees,Juan Martinez,juanmartinez,https://www.spotrac.com/mlb/player/_/id/105793/juan-martinez,C,18,,,,,2026 Signing Bonus,,,,,,,,,10000,,10000,,,,,,,,,,,false,https://www.spotrac.com/mlb/new-york-yankees/cash/_/year/2026,not_found_on_tax_page;not_found_on_contracts_page,
2026-07-08T14:16:26+00:00,2026,NYY,New York Yankees,new-york-yankees,Kendry Diaz,kendrydiaz,https://www.spotrac.com/mlb/player/_/id/105796/kendry-diaz,OF,17,,,,,2026 Signing Bonus,,,,,,,,,10000,,10000,,,,,,,,,,,false,https://www.spotrac.com/mlb/new-york-yankees/cash/_/year/2026,not_found_on_tax_page;not_found_on_contracts_page,
2026-07-08T14:16:26+00:00,2026,NYY,New York Yankees,new-york-yankees,Kenneth Melendez,kennethmelendez,https://www.spotrac.com/mlb/player/_/id/105462/kenneth-melendez,C,16,,,,,2026 Signing Bonus,,,,,,,,,250000,,250000,,,,,,,,,,,false,https://www.spotrac.com/mlb/new-york-yankees/cash/_/year/2026,not_found_on_tax_page;not_found_on_contracts_page,
2026-07-08T14:16:26+00:00,2026,NYY,New York Yankees,new-york-yankees,Kervin Castro,kervincastro,https://www.spotrac.com/mlb/player/_/id/70743/kervin-castro,RP,27,0.057,,,2026 Minor,2026 Minor,,,,Pre-Arbitration,,,8342,0.00,8342,8342,,,,,,,,,665645,NYY,Reassigned to Minors,true,https://www.spotrac.com/mlb/new-york-yankees/cash/_/year/2026 | https://www.spotrac.com/mlb/new-york-yankees/tax/_/year/2026,not_found_on_contracts_page,
2026-07-08T14:16:26+00:00,2026,NYY,New York Yankees,new-york-yankees,Luis Gil,luisgil,https://www.spotrac.com/mlb/player/_/id/35697/luis-gil,SP,28,3.073,,,2026 Minor,2026 Minor,,,,Arbitration 1,,,2162500,0.89,2162500,2162500,,,,,,,,,661563,NYY,Reassigned to Minors,true,https://www.spotrac.com/mlb/new-york-yankees/cash/_/year/2026 | https://www.spotrac.com/mlb/new-york-yankees/tax/_/year/2026,not_found_on_contracts_page,
2026-07-08T14:16:26+00:00,2026,NYY,New York Yankees,new-york-yankees,Manuel Aguilar,manuelaguilar,https://www.spotrac.com/mlb/player/_/id/108552/manuel-aguilar,OF,16,,,,,2026 Signing Bonus,,,,,,,,,100000,,100000,,,,,,,,,,,false,https://www.spotrac.com/mlb/new-york-yankees/cash/_/year/2026,not_found_on_tax_page;not_found_on_contracts_page,
2026-07-08T14:16:26+00:00,2026,NYY,New York Yankees,new-york-yankees,Max Fried,maxfried,https://www.spotrac.com/mlb/player/_/id/21155/max-fried,SP,32,7.148,,,2026 Injured List,2026 Injured List,New York Yankees Contracts,,,Free Agent,Free Agent,,27250000,11.17,22000000,12000000,10000000,,2025,2025,2032,8,218000000,27250000,608331,NYY,Injured 15-Day,true,https://www.spotrac.com/mlb/new-york-yankees/cash/_/year/2026 | https://www.spotrac.com/mlb/new-york-yankees/contracts | https://www.spotrac.com/mlb/new-york-yankees/tax/_/year/2026,,
2026-07-08T14:16:26+00:00,2026,NYY,New York Yankees,new-york-yankees,Max Schuemann,maxschuemann,https://www.spotrac.com/mlb/player/_/id/26326/max-schuemann,SS,29,2.000,,,2026 Active Roster,2026 Active Roster,New York Yankees Contracts,,,Pre-Arbitration,Pre-Arbitration,,666520,0.27,666520,666520,,,2026,2026,2026,1,820000,820000,680474,NYY,Active,true,https://www.spotrac.com/mlb/new-york-yankees/cash/_/year/2026 | https://www.spotrac.com/mlb/new-york-yankees/contracts | https://www.spotrac.com/mlb/new-york-yankees/tax/_/year/2026,,
2026-07-08T14:16:26+00:00,2026,NYY,New York Yankees,new-york-yankees,Osveiker Chirino,osveikerchirino,https://www.spotrac.com/mlb/player/_/id/105875/osveiker-chirino,P,17,,,,,2026 Signing Bonus,,,,,,,,,250000,,250000,,,,,,,,,,,false,https://www.spotrac.com/mlb/new-york-yankees/cash/_/year/2026,not_found_on_tax_page;not_found_on_contracts_page,
2026-07-08T14:16:26+00:00,2026,NYY,New York Yankees,new-york-yankees,Oswaldo Cabrera,oswaldocabrera,https://www.spotrac.com/mlb/player/_/id/74687/oswaldo-cabrera,3B,27,3.050,,,2026 Minor,2026 Minor,,,,Arbitration 1,,,1200000,0.49,1200000,1200000,,,,,,,,,665828,NYY,Reassigned to Minors,true,https://www.spotrac.com/mlb/new-york-yankees/cash/_/year/2026 | https://www.spotrac.com/mlb/new-york-yankees/tax/_/year/2026,not_found_on_contracts_page,
2026-07-08T14:16:26+00:00,2026,NYY,New York Yankees,new-york-yankees,Paul Blackburn,paulblackburn,https://www.spotrac.com/mlb/player/_/id/21233/paul-blackburn,RP,32,6.018,,,2026 Active Roster,2026 Active Roster,New York Yankees Contracts,,,Free Agent,Free Agent,,2000000,0.82,2000000,2000000,,,2026,2026,2026,1,2000000,2000000,621112,NYY,Active,true,https://www.spotrac.com/mlb/new-york-yankees/cash/_/year/2026 | https://www.spotrac.com/mlb/new-york-yankees/contracts | https://www.spotrac.com/mlb/new-york-yankees/tax/_/year/2026,,
2026-07-08T14:16:26+00:00,2026,NYY,New York Yankees,new-york-yankees,Paul Goldschmidt,paulgoldschmidt,https://www.spotrac.com/mlb/player/_/id/9144/paul-goldschmidt,1B,38,14.059,,,2026 Active Roster,2026 Active Roster,New York Yankees Contracts,,,Free Agent,Free Agent,,4000000,1.64,4000000,4000000,,,2026,2026,2026,1,4000000,4000000,502671,NYY,Active,true,https://www.spotrac.com/mlb/new-york-yankees/cash/_/year/2026 | https://www.spotrac.com/mlb/new-york-yankees/contracts | https://www.spotrac.com/mlb/new-york-yankees/tax/_/year/2026,,
2026-07-08T14:16:26+00:00,2026,NYY,New York Yankees,new-york-yankees,Poly Ojeda,polyojeda,https://www.spotrac.com/mlb/player/_/id/105466/poly-ojeda,C,17,,,,,2026 Signing Bonus,,,,,,,,,30000,,30000,,,,,,,,,,,false,https://www.spotrac.com/mlb/new-york-yankees/cash/_/year/2026,not_found_on_tax_page;not_found_on_contracts_page,
2026-07-08T14:16:26+00:00,2026,NYY,New York Yankees,new-york-yankees,Randal Grichuk,randalgrichuk,https://www.spotrac.com/mlb/player/_/id/15765/randal-grichuk,RF,34,11.033,,,2026 Dead Money,2026 Dead Money,,,,,,,481284,0.20,481284,481284,,,,,,,,,545341,CHW,Active,true_other_team,https://www.spotrac.com/mlb/new-york-yankees/cash/_/year/2026 | https://www.spotrac.com/mlb/new-york-yankees/tax/_/year/2026,not_found_on_contracts_page,
2026-07-08T14:16:26+00:00,2026,NYY,New York Yankees,new-york-yankees,Ryan McMahon,ryanmcmahon,https://www.spotrac.com/mlb/player/_/id/24380/ryan-mcmahon,3B,31,8.006,,,2026 Active Roster,2026 Active Roster,New York Yankees Contracts,,,Extension Arbitration,Extension Arbitration,,15405034,6.31,16000000,16000000,,,2022,2022,2027,6,70000000,11666667,641857,NYY,Active,true,https://www.spotrac.com/mlb/new-york-yankees/cash/_/year/2026 | https://www.spotrac.com/mlb/new-york-yankees/contracts | https://www.spotrac.com/mlb/new-york-yankees/tax/_/year/2026,,
2026-07-08T14:16:26+00:00,2026,NYY,New York Yankees,new-york-yankees,Ryan Weathers,ryanweathers,https://www.spotrac.com/mlb/player/_/id/26030/ryan-weathers,SP,26,3.066,,,2026 Active Roster,2026 Active Roster,New York Yankees Contracts,,,Arbitration 1,Arbitration,,1350000,0.55,1350000,1350000,,,2026,2026,2026,1,1350000,1350000,677960,NYY,Active,true,https://www.spotrac.com/mlb/new-york-yankees/cash/_/year/2026 | https://www.spotrac.com/mlb/new-york-yankees/contracts | https://www.spotrac.com/mlb/new-york-yankees/tax/_/year/2026,,
2026-07-08T14:16:26+00:00,2026,NYY,New York Yankees,new-york-yankees,Ryan Yarbrough,ryanyarbrough,https://www.spotrac.com/mlb/player/_/id/24643/ryan-yarbrough,RP,34,7.117,,,2026 Active Roster,2026 Active Roster,New York Yankees Contracts,,,Free Agent,Free Agent,,2500000,1.02,2500000,2500000,,,2026,2026,2026,1,2500000,2500000,642232,NYY,Active,true,https://www.spotrac.com/mlb/new-york-yankees/cash/_/year/2026 | https://www.spotrac.com/mlb/new-york-yankees/contracts | https://www.spotrac.com/mlb/new-york-yankees/tax/_/year/2026,,
2026-07-08T14:16:26+00:00,2026,NYY,New York Yankees,new-york-yankees,Sebastian Pinto,sebastianpinto,https://www.spotrac.com/mlb/player/_/id/105549/sebastian-pinto,OF,18,,,,,2026 Signing Bonus,,,,,,,,,10000,,10000,,,,,,,,,,,false,https://www.spotrac.com/mlb/new-york-yankees/cash/_/year/2026,not_found_on_tax_page;not_found_on_contracts_page,
2026-07-08T14:16:26+00:00,2026,NYY,New York Yankees,new-york-yankees,Sebastian Rivas,sebastianrivas,https://www.spotrac.com/mlb/player/_/id/105467/sebastian-rivas,P,17,,,,,2026 Signing Bonus,,,,,,,,,30000,,30000,,,,,,,,,,,false,https://www.spotrac.com/mlb/new-york-yankees/cash/_/year/2026,not_found_on_tax_page;not_found_on_contracts_page,
2026-07-08T14:16:26+00:00,2026,NYY,New York Yankees,new-york-yankees,Spencer Jones,spencerjones,https://www.spotrac.com/mlb/player/_/id/78609/spencer-jones,RF,25,,,,2026 Minor,2026 Minor,,,,Pre-Arbitration,,,179353,0.07,179353,179353,,,,,,,,,682987,NYY,Reassigned to Minors,true,https://www.spotrac.com/mlb/new-york-yankees/cash/_/year/2026 | https://www.spotrac.com/mlb/new-york-yankees/tax/_/year/2026,not_found_on_contracts_page,
2026-07-08T14:16:26+00:00,2026,NYY,New York Yankees,new-york-yankees,Tim Hill,timhill,https://www.spotrac.com/mlb/player/_/id/24628/tim-hill,RP,36,7.112,,,2026 Active Roster,2026 Active Roster,New York Yankees Contracts,,,Free Agent,Free Agent,,2650000,1.09,3000000,3000000,,,2025,2025,2026,1,2850000,2850000,657612,NYY,Active,true,https://www.spotrac.com/mlb/new-york-yankees/cash/_/year/2026 | https://www.spotrac.com/mlb/new-york-yankees/contracts | https://www.spotrac.com/mlb/new-york-yankees/tax/_/year/2026,,
2026-07-08T14:16:26+00:00,2026,NYY,New York Yankees,new-york-yankees,Trent Grisham,trentgrisham,https://www.spotrac.com/mlb/player/_/id/32694/trent-grisham,CF,29,6.060,,,2026 Active Roster,2026 Active Roster,New York Yankees Contracts,,,Qualifying Offer,Qualifying Offer,,22025000,9.03,22025000,22025000,,,2026,2026,2026,1,22025000,22025000,663757,NYY,Active,true,https://www.spotrac.com/mlb/new-york-yankees/cash/_/year/2026 | https://www.spotrac.com/mlb/new-york-yankees/contracts | https://www.spotrac.com/mlb/new-york-yankees/tax/_/year/2026,,
2026-07-08T14:16:26+00:00,2026,NYY,New York Yankees,new-york-yankees,Victor De Leon,victordeleon,https://www.spotrac.com/mlb/player/_/id/105792/victor-de-leon,P,18,,,,,2026 Signing Bonus,,,,,,,,,10000,,10000,,,,,,,,,,,false,https://www.spotrac.com/mlb/new-york-yankees/cash/_/year/2026,not_found_on_tax_page;not_found_on_contracts_page,
2026-07-08T14:16:26+00:00,2026,NYY,New York Yankees,new-york-yankees,Will Warren,willwarren,https://www.spotrac.com/mlb/player/_/id/73508/will-warren,SP,27,1.016,,,2026 Active Roster,2026 Active Roster,New York Yankees Contracts,,,Pre-Arbitration,Pre-Arbitration,,826625,0.34,826625,826625,,,2026,2026,2026,1,826625,826625,701542,NYY,Active,true,https://www.spotrac.com/mlb/new-york-yankees/cash/_/year/2026 | https://www.spotrac.com/mlb/new-york-yankees/contracts | https://www.spotrac.com/mlb/new-york-yankees/tax/_/year/2026,,
2026-07-08T14:16:26+00:00,2026,NYY,New York Yankees,new-york-yankees,Yerry De Los Santos,yerrydelossantos,https://www.spotrac.com/mlb/player/_/id/74656/yerry-de-los-santos,RP,28,1.127,,,2026 Minor,2026 Minor,,,,Pre-Arbitration,,,41710,0.02,41710,41710,,,,,,,,,660787,NYY,Reassigned to Minors,true,https://www.spotrac.com/mlb/new-york-yankees/cash/_/year/2026 | https://www.spotrac.com/mlb/new-york-yankees/tax/_/year/2026,not_found_on_contracts_page,
2026-07-08T14:16:26+00:00,2026,NYY,New York Yankees,new-york-yankees,Yovanny Cruz,yovannycruz,https://www.spotrac.com/mlb/player/_/id/86185/yovanny-cruz,RP,26,,,,2026 Minor,2026 Minor,,,,Free Agent,,,29197,0.01,29197,29197,,,,,,,,,672442,NYY,Reassigned to Minors,true,https://www.spotrac.com/mlb/new-york-yankees/cash/_/year/2026 | https://www.spotrac.com/mlb/new-york-yankees/tax/_/year/2026,not_found_on_contracts_page,
2026-07-08T14:16:26+00:00,2026,PHI,Philadelphia Phillies,philadelphia-phillies,Aaron Nola,aaronnola,https://www.spotrac.com/mlb/player/_/id/17684/aaron-nola,SP,33,10.076,,,2026 Active Roster,2026 Active Roster,Philadelphia Phillies Contracts,,,Free Agent,Free Agent,,24571429,10.07,24571428,24571428,,,2024,2024,2030,7,172000000,24571429,605400,PHI,Active,true,https://www.spotrac.com/mlb/philadelphia-phillies/cash/_/year/2026 | https://www.spotrac.com/mlb/philadelphia-phillies/contracts | https://www.spotrac.com/mlb/philadelphia-phillies/tax/_/year/2026,,
2026-07-08T14:16:26+00:00,2026,PHI,Philadelphia Phillies,philadelphia-phillies,Adolis García,adolisgarcia,https://www.spotrac.com/mlb/player/_/id/27845/adolis-garc%C3%ADa,RF,33,5.095,,,2026 Injured List,2026 Injured List,Philadelphia Phillies Contracts,,,Free Agent,Free Agent,,10000000,,10000000,10000000,,,2026,2026,2026,1,10000000,10000000,666969,PHI,Injured 60-Day,true,https://www.spotrac.com/mlb/philadelphia-phillies/cash/_/year/2026 | https://www.spotrac.com/mlb/philadelphia-phillies/contracts | https://www.spotrac.com/mlb/philadelphia-phillies/tax/_/year/2026,,
2026-07-08T14:16:26+00:00,2026,PHI,Philadelphia Phillies,philadelphia-phillies,Alan Rangel,alanrangel,https://www.spotrac.com/mlb/player/_/id/74812/alan-rangel,RP,28,0.039,,,2026 Minor,2026 Minor,,,,Pre-Arbitration,,,54223,0.02,54223,54223,,,,,,,,,660604,PHI,Reassigned to Minors,true,https://www.spotrac.com/mlb/philadelphia-phillies/cash/_/year/2026 | https://www.spotrac.com/mlb/philadelphia-phillies/tax/_/year/2026,not_found_on_contracts_page,
2026-07-08T14:16:26+00:00,2026,PHI,Philadelphia Phillies,philadelphia-phillies,Alec Bohm,alecbohm,https://www.spotrac.com/mlb/player/_/id/26026/alec-bohm,3B,29,5.106,,,2026 Active Roster,2026 Active Roster,Philadelphia Phillies Contracts,,,Arbitration 3,Arbitration,,10200000,4.18,10200000,10200000,,,2026,2026,2026,1,10200000,10200000,664761,PHI,Active,true,https://www.spotrac.com/mlb/philadelphia-phillies/cash/_/year/2026 | https://www.spotrac.com/mlb/philadelphia-phillies/contracts | https://www.spotrac.com/mlb/philadelphia-phillies/tax/_/year/2026,,
2026-07-08T14:16:26+00:00,2026,PHI,Philadelphia Phillies,philadelphia-phillies,Alexander McFarlane,alexandermcfarlane,https://www.spotrac.com/mlb/player/_/id/32181/alexander-mcfarlane,RP,25,,,,2026 Minor,2026 Minor,,,,Pre-Arbitration,,,4171,0.00,4171,4171,,,,,,,,,,,,false,https://www.spotrac.com/mlb/philadelphia-phillies/cash/_/year/2026 | https://www.spotrac.com/mlb/philadelphia-phillies/tax/_/year/2026,not_found_on_contracts_page,
2026-07-08T14:16:26+00:00,2026,PHI,Philadelphia Phillies,philadelphia-phillies,Alexandre Moreti,alexandremoreti,https://www.spotrac.com/mlb/player/_/id/105608/alexandre-moreti,P,19,,,,,2026 Signing Bonus,,,,,,,,,10000,,10000,,,,,,,,,,,false,https://www.spotrac.com/mlb/philadelphia-phillies/cash/_/year/2026,not_found_on_tax_page;not_found_on_contracts_page,
2026-07-08T14:16:26+00:00,2026,PHI,Philadelphia Phillies,philadelphia-phillies,Andrew Painter,andrewpainter,https://www.spotrac.com/mlb/player/_/id/73275/andrew-painter,SP,23,,,,2026 Minor,2026 Minor,,,,Pre-Arbitration,,,358706,0.15,358706,358706,,,,,,,,,691725,PHI,Reassigned to Minors,true,https://www.spotrac.com/mlb/philadelphia-phillies/cash/_/year/2026 | https://www.spotrac.com/mlb/philadelphia-phillies/tax/_/year/2026,not_found_on_contracts_page,
2026-07-08T14:16:26+00:00,2026,PHI,Philadelphia Phillies,philadelphia-phillies,Brad Keller,bradkeller,https://www.spotrac.com/mlb/player/_/id/24672/brad-keller,RP,30,7.062,,,2026 Injured List,2026 Injured List,Philadelphia Phillies Contracts,,,Free Agent,Free Agent,,11000000,4.51,11000000,7000000,4000000,,2026,2026,2027,2,22000000,11000000,641745,PHI,Injured 15-Day,true,https://www.spotrac.com/mlb/philadelphia-phillies/cash/_/year/2026 | https://www.spotrac.com/mlb/philadelphia-phillies/contracts | https://www.spotrac.com/mlb/philadelphia-phillies/tax/_/year/2026,,
2026-07-08T14:16:26+00:00,2026,PHI,Philadelphia Phillies,philadelphia-phillies,Brandon Marsh,brandonmarsh,https://www.spotrac.com/mlb/player/_/id/20765/brandon-marsh,LF,28,4.078,,,2026 Active Roster,2026 Active Roster,Philadelphia Phillies Contracts,,,Arbitration 2,Arbitration,,5200000,2.13,5200000,5200000,,,2026,2026,2026,1,5200000,5200000,669016,PHI,Active,true,https://www.spotrac.com/mlb/philadelphia-phillies/cash/_/year/2026 | https://www.spotrac.com/mlb/philadelphia-phillies/contracts | https://www.spotrac.com/mlb/philadelphia-phillies/tax/_/year/2026,,
2026-07-08T14:16:26+00:00,2026,PHI,Philadelphia Phillies,philadelphia-phillies,Bryan De La Cruz,bryandelacruz,https://www.spotrac.com/mlb/player/_/id/74170/bryan-de-la-cruz,RF,,3.077,,,2026 Minor,,,,,Free Agent,,,,,,,,,,,,,,,650559,PHI,Reassigned to Minors,true,https://www.spotrac.com/mlb/philadelphia-phillies/tax/_/year/2026,missing_all_money_fields;not_found_on_cash_page;not_found_on_contracts_page,
2026-07-08T14:16:26+00:00,2026,PHI,Philadelphia Phillies,philadelphia-phillies,Bryce Harper,bryceharper,https://www.spotrac.com/mlb/player/_/id/8658/bryce-harper,1B,33,13.159,,,2026 Active Roster,2026 Active Roster,Philadelphia Phillies Contracts,,,Free Agent,Free Agent,,25384615,10.40,26050000,26000000,,,2019,2019,2031,13,330000000,25384615,547180,PHI,Active,true,https://www.spotrac.com/mlb/philadelphia-phillies/cash/_/year/2026 | https://www.spotrac.com/mlb/philadelphia-phillies/contracts | https://www.spotrac.com/mlb/philadelphia-phillies/tax/_/year/2026,,
2026-07-08T14:16:26+00:00,2026,PHI,Philadelphia Phillies,philadelphia-phillies,Bryse Wilson,brysewilson,https://www.spotrac.com/mlb/player/_/id/20114/bryse-wilson,RP,28,4.123,,,2026 Dead Money,2026 Dead Money,,,,,,,18180,0.01,18180,18180,,,,,,,,,,,,false,https://www.spotrac.com/mlb/philadelphia-phillies/cash/_/year/2026 | https://www.spotrac.com/mlb/philadelphia-phillies/tax/_/year/2026,not_found_on_contracts_page,
2026-07-08T14:16:26+00:00,2026,PHI,Philadelphia Phillies,philadelphia-phillies,Bryson Stott,brysonstott,https://www.spotrac.com/mlb/player/_/id/30412/bryson-stott,2B,28,4.000,,,2026 Active Roster,2026 Active Roster,Philadelphia Phillies Contracts,,,Arbitration 2,Arbitration,,5900000,2.42,5900000,5900000,,,2026,2026,2026,1,5900000,5900000,681082,PHI,Active,true,https://www.spotrac.com/mlb/philadelphia-phillies/cash/_/year/2026 | https://www.spotrac.com/mlb/philadelphia-phillies/contracts | https://www.spotrac.com/mlb/philadelphia-phillies/tax/_/year/2026,,
2026-07-08T14:16:26+00:00,2026,PHI,Philadelphia Phillies,philadelphia-phillies,Chase Shugart,chaseshugart,https://www.spotrac.com/mlb/player/_/id/27607/chase-shugart,RP,29,1.001,,,2026 Minor,2026 Minor,,,,Pre-Arbitration,,,321167,0.13,321167,321167,,,,,,,,,663767,PHI,Reassigned to Minors,true,https://www.spotrac.com/mlb/philadelphia-phillies/cash/_/year/2026 | https://www.spotrac.com/mlb/philadelphia-phillies/tax/_/year/2026,not_found_on_contracts_page,
2026-07-08T14:16:26+00:00,2026,PHI,Philadelphia Phillies,philadelphia-phillies,Christian Cairo,christiancairo,https://www.spotrac.com/mlb/player/_/id/30530/christian-cairo,SS,,,,,2026 Minor,,,,,Free Agent,,,,,,,,,,,,,,,686551,PHI,Reassigned to Minors,true,https://www.spotrac.com/mlb/philadelphia-phillies/tax/_/year/2026,missing_all_money_fields;not_found_on_cash_page;not_found_on_contracts_page,
2026-07-08T14:16:26+00:00,2026,PHI,Philadelphia Phillies,philadelphia-phillies,Cristopher Sanchez,cristophersanchez,https://www.spotrac.com/mlb/player/_/id/35694/cristopher-sanchez,SP,29,3.083,,,2026 Active Roster,2026 Active Roster,Philadelphia Phillies Contracts,,,Extension,Extension,,5625000,2.31,9000000,3000000,6000000,,2027,2027,2033,6,104000000,17333333,650911,PHI,Active,true,https://www.spotrac.com/mlb/philadelphia-phillies/cash/_/year/2026 | https://www.spotrac.com/mlb/philadelphia-phillies/contracts | https://www.spotrac.com/mlb/philadelphia-phillies/tax/_/year/2026,,
2026-07-08T14:16:26+00:00,2026,PHI,Philadelphia Phillies,philadelphia-phillies,David Victorino,davidvictorino,https://www.spotrac.com/mlb/player/_/id/105657/david-victorino,P,19,,,,,2026 Signing Bonus,,,,,,,,,10000,,10000,,,,,,,,,,,false,https://www.spotrac.com/mlb/philadelphia-phillies/cash/_/year/2026,not_found_on_tax_page;not_found_on_contracts_page,
2026-07-08T14:16:26+00:00,2026,PHI,Philadelphia Phillies,philadelphia-phillies,Derek Hill,derekhill,https://www.spotrac.com/mlb/player/_/id/17699/derek-hill,CF,30,3.040,,,2026 Active Roster,2026 Active Roster,Philadelphia Phillies Contracts,,,Arbitration 1,Arbitration,,519804,0.21,519804,519804,,,2026,2026,2026,1,900000,900000,656537,PHI,Active,true,https://www.spotrac.com/mlb/philadelphia-phillies/cash/_/year/2026 | https://www.spotrac.com/mlb/philadelphia-phillies/contracts | https://www.spotrac.com/mlb/philadelphia-phillies/tax/_/year/2026,,
2026-07-08T14:16:26+00:00,2026,PHI,Philadelphia Phillies,philadelphia-phillies,Didi Gregorius,didigregorius,https://www.spotrac.com/mlb/player/_/id/11457/didi-gregorius,SS,36,,,,,2026 Deferred,,,,,,,,,2000000,2000000,,,,,,,,,,,,false,https://www.spotrac.com/mlb/philadelphia-phillies/cash/_/year/2026,not_found_on_tax_page;not_found_on_contracts_page,
2026-07-08T14:16:26+00:00,2026,PHI,Philadelphia Phillies,philadelphia-phillies,Dylan Moore,dylanmoore,https://www.spotrac.com/mlb/player/_/id/28142/dylan-moore,2B,33,7.000,,,2026 Minor,2026 Minor,,,,Free Agent,,,1450000,,1450000,1450000,,,,,,,,,,,,false,https://www.spotrac.com/mlb/philadelphia-phillies/cash/_/year/2026 | https://www.spotrac.com/mlb/philadelphia-phillies/tax/_/year/2026,not_found_on_contracts_page,
2026-07-08T14:16:26+00:00,2026,PHI,Philadelphia Phillies,philadelphia-phillies,Edmundo Sosa,edmundososa,https://www.spotrac.com/mlb/player/_/id/21200/edmundo-sosa,3B,30,5.140,,,2026 Active Roster,2026 Active Roster,Philadelphia Phillies Contracts,,,Arbitration 4,Arbitration,,4400000,1.80,4400000,4400000,,,2026,2026,2026,1,4400000,4400000,624641,PHI,Active,true,https://www.spotrac.com/mlb/philadelphia-phillies/cash/_/year/2026 | https://www.spotrac.com/mlb/philadelphia-phillies/contracts | https://www.spotrac.com/mlb/philadelphia-phillies/tax/_/year/2026,,
2026-07-08T14:16:26+00:00,2026,PHI,Philadelphia Phillies,philadelphia-phillies,Felix Reyes,felixreyes,https://www.spotrac.com/mlb/player/_/id/87968/felix-reyes,OF,25,,,,2026 Minor,2026 Minor,,,,Pre-Arbitration,,,125130,0.05,125130,125130,,,,,,,,,694025,PHI,Reassigned to Minors,true,https://www.spotrac.com/mlb/philadelphia-phillies/cash/_/year/2026 | https://www.spotrac.com/mlb/philadelphia-phillies/tax/_/year/2026,not_found_on_contracts_page,
2026-07-08T14:16:26+00:00,2026,PHI,Philadelphia Phillies,philadelphia-phillies,Francisco Renteria,franciscorenteria,https://www.spotrac.com/mlb/player/_/id/105468/francisco-renteria,OF,17,,,,,2026 Signing Bonus,,,,,,,,,4000000,,4000000,,,,,,,,,,,false,https://www.spotrac.com/mlb/philadelphia-phillies/cash/_/year/2026,not_found_on_tax_page;not_found_on_contracts_page,
2026-07-08T14:16:26+00:00,2026,PHI,Philadelphia Phillies,philadelphia-phillies,Gabriel Rincones Jr.,gabrielrincones,https://www.spotrac.com/mlb/player/_/id/78690/gabriel-rincones-jr,RF,25,,,,2026 Active Roster,2026 Active Roster,Philadelphia Phillies Contracts,,,Pre-Arbitration,Pre-Arbitration,,446297,0.18,446297,446297,,,2026,2026,2026,1,780000,780000,687282,PHI,Active,true,https://www.spotrac.com/mlb/philadelphia-phillies/cash/_/year/2026 | https://www.spotrac.com/mlb/philadelphia-phillies/contracts | https://www.spotrac.com/mlb/philadelphia-phillies/tax/_/year/2026,,
2026-07-08T14:16:26+00:00,2026,PHI,Philadelphia Phillies,philadelphia-phillies,Garrett Stubbs,garrettstubbs,https://www.spotrac.com/mlb/player/_/id/28207/garrett-stubbs,C,33,4.148,,,2026 Active Roster,2026 Active Roster,Philadelphia Phillies Contracts,,,Arbitration 3,Arbitration,,870797,0.36,870797,870797,,,2026,2026,2026,1,975000,975000,596117,PHI,Active,true,https://www.spotrac.com/mlb/philadelphia-phillies/cash/_/year/2026 | https://www.spotrac.com/mlb/philadelphia-phillies/contracts | https://www.spotrac.com/mlb/philadelphia-phillies/tax/_/year/2026,,
2026-07-08T14:16:26+00:00,2026,PHI,Philadelphia Phillies,philadelphia-phillies,Grant Holman,grantholman,https://www.spotrac.com/mlb/player/_/id/73450/grant-holman,RP,,1.031,,,2026 Minor,,,,,Pre-Arbitration,,,,,,,,,,,,,,,680880,PHI,Reassigned to Minors,true,https://www.spotrac.com/mlb/philadelphia-phillies/tax/_/year/2026,missing_all_money_fields;not_found_on_cash_page;not_found_on_contracts_page,
2026-07-08T14:16:26+00:00,2026,PHI,Philadelphia Phillies,philadelphia-phillies,J.T. Realmuto,jtrealmuto,https://www.spotrac.com/mlb/player/_/id/16097/jt-realmuto,C,35,11.038,,,2026 Active Roster,2026 Active Roster,Philadelphia Phillies Contracts,,,Free Agent,Free Agent,,15000000,6.15,15000000,15000000,,,2026,2026,2028,3,45000000,15000000,592663,PHI,Active,true,https://www.spotrac.com/mlb/philadelphia-phillies/cash/_/year/2026 | https://www.spotrac.com/mlb/philadelphia-phillies/contracts | https://www.spotrac.com/mlb/philadelphia-phillies/tax/_/year/2026,,
2026-07-08T14:16:26+00:00,2026,PHI,Philadelphia Phillies,philadelphia-phillies,Javen Maduro,javenmaduro,https://www.spotrac.com/mlb/player/_/id/105658/javen-maduro,SS,17,,,,,2026 Signing Bonus,,,,,,,,,125000,,125000,,,,,,,,,,,false,https://www.spotrac.com/mlb/philadelphia-phillies/cash/_/year/2026,not_found_on_tax_page;not_found_on_contracts_page,
2026-07-08T14:16:26+00:00,2026,PHI,Philadelphia Phillies,philadelphia-phillies,Jesús Luzardo,jesusluzardo,https://www.spotrac.com/mlb/player/_/id/19945/jes%C3%BAs-luzardo,SP,28,5.165,,,2026 Active Roster,2026 Active Roster,Philadelphia Phillies Contracts,,,Arbitration 4,Extension,,11000000,4.51,11000000,11000000,,,2027,2027,2032,5,135000000,27000000,666200,PHI,Active,true,https://www.spotrac.com/mlb/philadelphia-phillies/cash/_/year/2026 | https://www.spotrac.com/mlb/philadelphia-phillies/contracts | https://www.spotrac.com/mlb/philadelphia-phillies/tax/_/year/2026,,
2026-07-08T14:16:26+00:00,2026,PHI,Philadelphia Phillies,philadelphia-phillies,Jhoan Duran,jhoanduran,https://www.spotrac.com/mlb/player/_/id/35710/jhoan-duran,RP,28,4.000,,,2026 Active Roster,2026 Active Roster,Philadelphia Phillies Contracts,,,Arbitration 2,Arbitration,,7500000,3.07,7500000,7500000,,,2026,2026,2026,1,7500000,7500000,661395,PHI,Active,true,https://www.spotrac.com/mlb/philadelphia-phillies/cash/_/year/2026 | https://www.spotrac.com/mlb/philadelphia-phillies/contracts | https://www.spotrac.com/mlb/philadelphia-phillies/tax/_/year/2026,,
2026-07-08T14:16:26+00:00,2026,PHI,Philadelphia Phillies,philadelphia-phillies,Jhoener Tovar,jhoenertovar,https://www.spotrac.com/mlb/player/_/id/105640/jhoener-tovar,P,17,,,,,2026 Signing Bonus,,,,,,,,,10000,,10000,,,,,,,,,,,false,https://www.spotrac.com/mlb/philadelphia-phillies/cash/_/year/2026,not_found_on_tax_page;not_found_on_contracts_page,
2026-07-08T14:16:26+00:00,2026,PHI,Philadelphia Phillies,philadelphia-phillies,Johan Rojas,johanrojas,https://www.spotrac.com/mlb/player/_/id/74938/johan-rojas,CF,25,2.036,,,2026 Injured List,2026 Injured List,Philadelphia Phillies Contracts,,,Pre-Arbitration,Pre-Arbitration,,820000,,820000,820000,,,2026,2026,2026,1,820000,820000,679032,PHI,Injured 60-Day,true,https://www.spotrac.com/mlb/philadelphia-phillies/cash/_/year/2026 | https://www.spotrac.com/mlb/philadelphia-phillies/contracts | https://www.spotrac.com/mlb/philadelphia-phillies/tax/_/year/2026,,
2026-07-08T14:16:26+00:00,2026,PHI,Philadelphia Phillies,philadelphia-phillies,Jonathan Bowlan,jonathanbowlan,https://www.spotrac.com/mlb/player/_/id/26081/jonathan-bowlan,RP,29,0.116,,,2026 Active Roster,2026 Active Roster,Philadelphia Phillies Contracts,,,Pre-Arbitration,Pre-Arbitration,,785000,0.32,785000,785000,,,2026,2026,2026,1,785000,785000,680742,PHI,Active,true,https://www.spotrac.com/mlb/philadelphia-phillies/cash/_/year/2026 | https://www.spotrac.com/mlb/philadelphia-phillies/contracts | https://www.spotrac.com/mlb/philadelphia-phillies/tax/_/year/2026,,
2026-07-08T14:16:26+00:00,2026,PHI,Philadelphia Phillies,philadelphia-phillies,Jorge Miranda,jorgemiranda,https://www.spotrac.com/mlb/player/_/id/105605/jorge-miranda,P,17,,,,,2026 Signing Bonus,,,,,,,,,20000,,20000,,,,,,,,,,,false,https://www.spotrac.com/mlb/philadelphia-phillies/cash/_/year/2026,not_found_on_tax_page;not_found_on_contracts_page,
2026-07-08T14:16:26+00:00,2026,PHI,Philadelphia Phillies,philadelphia-phillies,Jose Alvarado,josealvarado,https://www.spotrac.com/mlb/player/_/id/21172/jose-alvarado,RP,31,8.009,,,2026 Active Roster,2026 Active Roster,Philadelphia Phillies Contracts,,,Extension Arbitration,Extension Arbitration,,8500000,3.48,9000000,9000000,,,2023,2023,2026,3,22000000,7333333,621237,PHI,Active,true,https://www.spotrac.com/mlb/philadelphia-phillies/cash/_/year/2026 | https://www.spotrac.com/mlb/philadelphia-phillies/contracts | https://www.spotrac.com/mlb/philadelphia-phillies/tax/_/year/2026,,
2026-07-08T14:16:26+00:00,2026,PHI,Philadelphia Phillies,philadelphia-phillies,Jose Briceno,josebriceno,https://www.spotrac.com/mlb/player/_/id/105550/jose-briceno,SS,17,,,,,2026 Signing Bonus,,,,,,,,,20000,,20000,,,,,,,,,,,false,https://www.spotrac.com/mlb/philadelphia-phillies/cash/_/year/2026,not_found_on_tax_page;not_found_on_contracts_page,
2026-07-08T14:16:26+00:00,2026,PHI,Philadelphia Phillies,philadelphia-phillies,Juan Parra,juanparra,https://www.spotrac.com/mlb/player/_/id/105471/juan-parra,SS,17,,,,,2026 Signing Bonus,,,,,,,,,550000,,550000,,,,,,,,,,,false,https://www.spotrac.com/mlb/philadelphia-phillies/cash/_/year/2026,not_found_on_tax_page;not_found_on_contracts_page,
2026-07-08T14:16:26+00:00,2026,PHI,Philadelphia Phillies,philadelphia-phillies,Justin Burgos,justinburgos,https://www.spotrac.com/mlb/player/_/id/105473/justin-burgos,P,17,,,,,2026 Signing Bonus,,,,,,,,,300000,,300000,,,,,,,,,,,false,https://www.spotrac.com/mlb/philadelphia-phillies/cash/_/year/2026,not_found_on_tax_page;not_found_on_contracts_page,
2026-07-08T14:16:26+00:00,2026,PHI,Philadelphia Phillies,philadelphia-phillies,Justin Crawford,justincrawford,https://www.spotrac.com/mlb/player/_/id/78005/justin-crawford,CF,22,,,,2026 Active Roster,2026 Active Roster,Philadelphia Phillies Contracts,,,Pre-Arbitration,Pre-Arbitration,,780000,0.32,780000,780000,,,2026,2026,2026,1,780000,780000,702222,PHI,Active,true,https://www.spotrac.com/mlb/philadelphia-phillies/cash/_/year/2026 | https://www.spotrac.com/mlb/philadelphia-phillies/contracts | https://www.spotrac.com/mlb/philadelphia-phillies/tax/_/year/2026,,
2026-07-08T14:16:26+00:00,2026,PHI,Philadelphia Phillies,philadelphia-phillies,Kevin Alvarado,kevinalvarado,https://www.spotrac.com/mlb/player/_/id/105656/kevin-alvarado,SS,17,,,,,2026 Signing Bonus,,,,,,,,,20000,,20000,,,,,,,,,,,false,https://www.spotrac.com/mlb/philadelphia-phillies/cash/_/year/2026,not_found_on_tax_page;not_found_on_contracts_page,
2026-07-08T14:16:26+00:00,2026,PHI,Philadelphia Phillies,philadelphia-phillies,Kyle Backhus,kylebackhus,https://www.spotrac.com/mlb/player/_/id/85650/kyle-backhus,RP,28,0.113,,,2026 Active Roster,2026 Active Roster,Philadelphia Phillies Contracts,,,Pre-Arbitration,Pre-Arbitration,,751442,0.31,751442,751442,,,2026,2026,2026,1,785000,785000,679775,PHI,Reassigned to Minors,true,https://www.spotrac.com/mlb/philadelphia-phillies/cash/_/year/2026 | https://www.spotrac.com/mlb/philadelphia-phillies/contracts | https://www.spotrac.com/mlb/philadelphia-phillies/tax/_/year/2026,,
2026-07-08T14:16:26+00:00,2026,PHI,Philadelphia Phillies,philadelphia-phillies,Kyle Schwarber,kyleschwarber,https://www.spotrac.com/mlb/player/_/id/15329/kyle-schwarber,DH,33,10.086,,,2026 Active Roster,2026 Active Roster,Philadelphia Phillies Contracts,,,Free Agent,Free Agent,,30000000,12.30,30000000,15000000,15000000,,2026,2026,2030,5,150000000,30000000,656941,PHI,Active,true,https://www.spotrac.com/mlb/philadelphia-phillies/cash/_/year/2026 | https://www.spotrac.com/mlb/philadelphia-phillies/contracts | https://www.spotrac.com/mlb/philadelphia-phillies/tax/_/year/2026,,
2026-07-08T14:16:26+00:00,2026,PHI,Philadelphia Phillies,philadelphia-phillies,Lou Trivino,loutrivino,https://www.spotrac.com/mlb/player/_/id/24639/lou-trivino,RP,34,7.140,,,2026 Active Roster,2026 Active Roster,Philadelphia Phillies Contracts,,,Free Agent,Free Agent,,404505,0.17,404505,404505,,,2026,2026,2026,1,850000,850000,642152,PHI,Active,true,https://www.spotrac.com/mlb/philadelphia-phillies/cash/_/year/2026 | https://www.spotrac.com/mlb/philadelphia-phillies/contracts | https://www.spotrac.com/mlb/philadelphia-phillies/tax/_/year/2026,,
2026-07-08T14:16:26+00:00,2026,PHI,Philadelphia Phillies,philadelphia-phillies,Max Lazar,maxlazar,https://www.spotrac.com/mlb/player/_/id/23542/max-lazar,RP,27,0.170,,,2026 Minor,2026 Minor,,,,Pre-Arbitration,,,25188,0.01,25188,25188,,,,,,,,,676661,PHI,Active,true,https://www.spotrac.com/mlb/philadelphia-phillies/cash/_/year/2026 | https://www.spotrac.com/mlb/philadelphia-phillies/tax/_/year/2026,not_found_on_contracts_page,
2026-07-08T14:16:26+00:00,2026,PHI,Philadelphia Phillies,philadelphia-phillies,Moises Chace,moiseschace,https://www.spotrac.com/mlb/player/_/id/85926/moises-chace,SP,,,,,2026 Minor,,,,,Pre-Arbitration,,,,,,,,,,,,,,,691330,PHI,Reassigned to Minors,true,https://www.spotrac.com/mlb/philadelphia-phillies/tax/_/year/2026,missing_all_money_fields;not_found_on_cash_page;not_found_on_contracts_page,
2026-07-08T14:16:26+00:00,2026,PHI,Philadelphia Phillies,philadelphia-phillies,Nick Castellanos,nickcastellanos,https://www.spotrac.com/mlb/player/_/id/14145/nick-castellanos,RF,34,12.029,,,2026 Retained,2026 Retained,,,,Retained,,,19220000,,19220000,19220000,,,,,,,,,,,,false,https://www.spotrac.com/mlb/philadelphia-phillies/cash/_/year/2026 | https://www.spotrac.com/mlb/philadelphia-phillies/tax/_/year/2026,not_found_on_contracts_page,
2026-07-08T14:16:26+00:00,2026,PHI,Philadelphia Phillies,philadelphia-phillies,Nolan Hoffman,nolanhoffman,https://www.spotrac.com/mlb/player/_/id/26181/nolan-hoffman,RP,28,0.002,,,2026 Minor,2026 Minor,,,,Pre-Arbitration,,,45881,0.02,45881,45881,,,,,,,,,676510,PHI,Reassigned to Minors,true,https://www.spotrac.com/mlb/philadelphia-phillies/cash/_/year/2026 | https://www.spotrac.com/mlb/philadelphia-phillies/tax/_/year/2026,not_found_on_contracts_page,
2026-07-08T14:16:26+00:00,2026,PHI,Philadelphia Phillies,philadelphia-phillies,Orion Kerkering,orionkerkering,https://www.spotrac.com/mlb/player/_/id/78736/orion-kerkering,RP,25,2.010,,,2026 Active Roster,2026 Active Roster,Philadelphia Phillies Contracts,,,Pre-Arbitration,Pre-Arbitration,,805500,0.33,805500,805500,,,2026,2026,2026,1,805500,805500,689147,PHI,Active,true,https://www.spotrac.com/mlb/philadelphia-phillies/cash/_/year/2026 | https://www.spotrac.com/mlb/philadelphia-phillies/contracts | https://www.spotrac.com/mlb/philadelphia-phillies/tax/_/year/2026,,
2026-07-08T14:16:26+00:00,2026,PHI,Philadelphia Phillies,philadelphia-phillies,Otto Kemp,ottokemp,https://www.spotrac.com/mlb/player/_/id/79403/otto-kemp,3B,26,0.092,,,2026 Minor,2026 Minor,,,,Pre-Arbitration,,,147035,0.06,147035,147035,,,,,,,,,805249,PHI,Reassigned to Minors,true,https://www.spotrac.com/mlb/philadelphia-phillies/cash/_/year/2026 | https://www.spotrac.com/mlb/philadelphia-phillies/tax/_/year/2026,not_found_on_contracts_page,
2026-07-08T14:16:26+00:00,2026,PHI,Philadelphia Phillies,philadelphia-phillies,Patrick Silva,patricksilva,https://www.spotrac.com/mlb/player/_/id/105614/patrick-silva,3B,17,,,,,2026 Signing Bonus,,,,,,,,,20000,,20000,,,,,,,,,,,false,https://www.spotrac.com/mlb/philadelphia-phillies/cash/_/year/2026,not_found_on_tax_page;not_found_on_contracts_page,
2026-07-08T14:16:26+00:00,2026,PHI,Philadelphia Phillies,philadelphia-phillies,Rafael Marchán,rafaelmarchan,https://www.spotrac.com/mlb/player/_/id/48853/rafael-march%C3%A1n,C,27,3.006,,,2026 Active Roster,2026 Active Roster,Philadelphia Phillies Contracts,,,Arbitration 1,Arbitration,,860000,0.35,860000,860000,,,2026,2026,2026,1,860000,860000,665561,PHI,Active,true,https://www.spotrac.com/mlb/philadelphia-phillies/cash/_/year/2026 | https://www.spotrac.com/mlb/philadelphia-phillies/contracts | https://www.spotrac.com/mlb/philadelphia-phillies/tax/_/year/2026,,
2026-07-08T14:16:26+00:00,2026,PHI,Philadelphia Phillies,philadelphia-phillies,Samuel Ortiz,samuelortiz,https://www.spotrac.com/mlb/player/_/id/105472/samuel-ortiz,P,17,,,,,2026 Signing Bonus,,,,,,,,,100000,,100000,,,,,,,,,,,false,https://www.spotrac.com/mlb/philadelphia-phillies/cash/_/year/2026,not_found_on_tax_page;not_found_on_contracts_page,
2026-07-08T14:16:26+00:00,2026,PHI,Philadelphia Phillies,philadelphia-phillies,Sebastian Saenz,sebastiansaenz,https://www.spotrac.com/mlb/player/_/id/105469/sebastian-saenz,C,17,,,,,2026 Signing Bonus,,,,,,,,,200000,,200000,,,,,,,,,,,false,https://www.spotrac.com/mlb/philadelphia-phillies/cash/_/year/2026,not_found_on_tax_page;not_found_on_contracts_page,
2026-07-08T14:16:26+00:00,2026,PHI,Philadelphia Phillies,philadelphia-phillies,Seth Johnson,sethjohnson,https://www.spotrac.com/mlb/player/_/id/30438/seth-johnson,RP,27,0.061,,,2026 Active Roster,2026 Active Roster,Philadelphia Phillies Contracts,,,Pre-Arbitration,Pre-Arbitration,,437955,0.18,437955,437955,,,2026,2026,2026,1,780000,780000,686751,PHI,Active,true,https://www.spotrac.com/mlb/philadelphia-phillies/cash/_/year/2026 | https://www.spotrac.com/mlb/philadelphia-phillies/contracts | https://www.spotrac.com/mlb/philadelphia-phillies/tax/_/year/2026,,
2026-07-08T14:16:26+00:00,2026,PHI,Philadelphia Phillies,philadelphia-phillies,Steward Berroa,stewardberroa,https://www.spotrac.com/mlb/player/_/id/87176/steward-berroa,OF,27,0.077,,,2026 Minor,2026 Minor,,,,Pre-Arbitration,,,75078,0.03,75078,75078,,,,,,,,,672642,PHI,Reassigned to Minors,true,https://www.spotrac.com/mlb/philadelphia-phillies/cash/_/year/2026 | https://www.spotrac.com/mlb/philadelphia-phillies/tax/_/year/2026,not_found_on_contracts_page,
2026-07-08T14:16:26+00:00,2026,PHI,Philadelphia Phillies,philadelphia-phillies,Taijuan Walker,taijuanwalker,https://www.spotrac.com/mlb/player/_/id/14342/taijuan-walker,SP,33,11.142,,,2026 Retained,2026 Retained,,,,Retained,,,18000000,,18000000,18000000,,,,,,,,,,,,false,https://www.spotrac.com/mlb/philadelphia-phillies/cash/_/year/2026 | https://www.spotrac.com/mlb/philadelphia-phillies/tax/_/year/2026,not_found_on_contracts_page,
2026-07-08T14:16:26+00:00,2026,PHI,Philadelphia Phillies,philadelphia-phillies,Tanner Banks,tannerbanks,https://www.spotrac.com/mlb/player/_/id/74502/tanner-banks,RP,34,3.092,,,2026 Active Roster,2026 Active Roster,Philadelphia Phillies Contracts,,,Arbitration 1,Arbitration,,1200000,0.49,1200000,1200000,,,2026,2026,2026,1,1200000,1200000,621383,PHI,Active,true,https://www.spotrac.com/mlb/philadelphia-phillies/cash/_/year/2026 | https://www.spotrac.com/mlb/philadelphia-phillies/contracts | https://www.spotrac.com/mlb/philadelphia-phillies/tax/_/year/2026,,
2026-07-08T14:16:26+00:00,2026,PHI,Philadelphia Phillies,philadelphia-phillies,Tim Mayza,timmayza,https://www.spotrac.com/mlb/player/_/id/24365/tim-mayza,RP,34,6.129,,,2026 Active Roster,2026 Active Roster,Philadelphia Phillies Contracts,,,Free Agent,Free Agent,,1750000,0.72,1750000,1750000,,,2026,2026,2026,1,1750000,1750000,641835,PHI,Active,true,https://www.spotrac.com/mlb/philadelphia-phillies/cash/_/year/2026 | https://www.spotrac.com/mlb/philadelphia-phillies/contracts | https://www.spotrac.com/mlb/philadelphia-phillies/tax/_/year/2026,,
2026-07-08T14:16:26+00:00,2026,PHI,Philadelphia Phillies,philadelphia-phillies,Trea Turner,treaturner,https://www.spotrac.com/mlb/player/_/id/17690/trea-turner,SS,33,9.135,,,2026 Active Roster,2026 Active Roster,Philadelphia Phillies Contracts,,,Free Agent,Free Agent,,27272727,11.18,27272727,27272727,,,2023,2023,2033,11,300000000,27272727,607208,PHI,Active,true,https://www.spotrac.com/mlb/philadelphia-phillies/cash/_/year/2026 | https://www.spotrac.com/mlb/philadelphia-phillies/contracts | https://www.spotrac.com/mlb/philadelphia-phillies/tax/_/year/2026,,
2026-07-08T14:16:26+00:00,2026,PHI,Philadelphia Phillies,philadelphia-phillies,Trevor Richards,trevorrichards,https://www.spotrac.com/mlb/player/_/id/20753/trevor-richards,RP,33,6.088,,,2026 Dead Money,2026 Dead Money,,,,,,,32088,0.01,32088,32088,,,,,,,,,670950,CHW,Active,true_other_team,https://www.spotrac.com/mlb/philadelphia-phillies/cash/_/year/2026 | https://www.spotrac.com/mlb/philadelphia-phillies/tax/_/year/2026,not_found_on_contracts_page,
2026-07-08T14:16:26+00:00,2026,PHI,Philadelphia Phillies,philadelphia-phillies,Yilmar Samudio,yilmarsamudio,https://www.spotrac.com/mlb/player/_/id/105470/yilmar-samudio,P,17,,,,,2026 Signing Bonus,,,,,,,,,100000,,100000,,,,,,,,,,,false,https://www.spotrac.com/mlb/philadelphia-phillies/cash/_/year/2026,not_found_on_tax_page;not_found_on_contracts_page,
2026-07-08T14:16:26+00:00,2026,PHI,Philadelphia Phillies,philadelphia-phillies,Zach Pop,zachpop,https://www.spotrac.com/mlb/player/_/id/23433/zach-pop,RP,29,3.032,,,2026 Dead Money,2026 Dead Money,,,,,,,322471,0.13,322471,322471,,,,,,,,,,,,false,https://www.spotrac.com/mlb/philadelphia-phillies/cash/_/year/2026 | https://www.spotrac.com/mlb/philadelphia-phillies/tax/_/year/2026,not_found_on_contracts_page,
2026-07-08T14:16:26+00:00,2026,PHI,Philadelphia Phillies,philadelphia-phillies,Zack Wheeler,zackwheeler,https://www.spotrac.com/mlb/player/_/id/11933/zack-wheeler,SP,36,12.098,,,2026 Active Roster,2026 Active Roster,Philadelphia Phillies Contracts,,,Extension,Extension,,42000000,17.21,42000000,42000000,,,2025,2025,2027,3,126000000,42000000,554430,PHI,Active,true,https://www.spotrac.com/mlb/philadelphia-phillies/cash/_/year/2026 | https://www.spotrac.com/mlb/philadelphia-phillies/contracts | https://www.spotrac.com/mlb/philadelphia-phillies/tax/_/year/2026,,
2026-07-08T14:16:26+00:00,2026,PIT,Pittsburgh Pirates,pittsburgh-pirates,Alexandel Pio,alexandelpio,https://www.spotrac.com/mlb/player/_/id/105476/alexandel-pio,SS,17,,,,,2026 Signing Bonus,,,,,,,,,450000,,450000,,,,,,,,,,,false,https://www.spotrac.com/mlb/pittsburgh-pirates/cash/_/year/2026,not_found_on_tax_page;not_found_on_contracts_page,
2026-07-08T14:16:26+00:00,2026,PIT,Pittsburgh Pirates,pittsburgh-pirates,Angel Alvarez,angelalvarez,https://www.spotrac.com/mlb/player/_/id/105914/angel-alvarez,SS,17,,,,,2026 Signing Bonus,,,,,,,,,80000,,80000,,,,,,,,,,,false,https://www.spotrac.com/mlb/pittsburgh-pirates/cash/_/year/2026,not_found_on_tax_page;not_found_on_contracts_page,
2026-07-08T14:16:26+00:00,2026,PIT,Pittsburgh Pirates,pittsburgh-pirates,Angel Nieto,angelnieto,https://www.spotrac.com/mlb/player/_/id/105477/angel-nieto,C,17,,,,,2026 Signing Bonus,,,,,,,,,150000,,150000,,,,,,,,,,,false,https://www.spotrac.com/mlb/pittsburgh-pirates/cash/_/year/2026,not_found_on_tax_page;not_found_on_contracts_page,
2026-07-08T14:16:26+00:00,2026,PIT,Pittsburgh Pirates,pittsburgh-pirates,Antwone Kelly,antwonekelly,https://www.spotrac.com/mlb/player/_/id/71447/antwone-kelly,RP,22,,,,2026 Minor,2026 Minor,,,,Pre-Arbitration,,,4171,0.00,4171,4171,,,,,,,,,699008,PIT,Reassigned to Minors,true,https://www.spotrac.com/mlb/pittsburgh-pirates/cash/_/year/2026 | https://www.spotrac.com/mlb/pittsburgh-pirates/tax/_/year/2026,not_found_on_contracts_page,
2026-07-08T14:16:26+00:00,2026,PIT,Pittsburgh Pirates,pittsburgh-pirates,Anyelo Jean,anyelojean,https://www.spotrac.com/mlb/player/_/id/105660/anyelo-jean,SS,17,,,,,2026 Signing Bonus,,,,,,,,,90000,,90000,,,,,,,,,,,false,https://www.spotrac.com/mlb/pittsburgh-pirates/cash/_/year/2026,not_found_on_tax_page;not_found_on_contracts_page,
2026-07-08T14:16:26+00:00,2026,PIT,Pittsburgh Pirates,pittsburgh-pirates,Ashton Kennedy,ashtonkennedy,https://www.spotrac.com/mlb/player/_/id/108243/ashton-kennedy,P,18,,,,,2026 Signing Bonus,,,,,,,,,120000,,120000,,,,,,,,,,,false,https://www.spotrac.com/mlb/pittsburgh-pirates/cash/_/year/2026,not_found_on_tax_page;not_found_on_contracts_page,
2026-07-08T14:16:26+00:00,2026,PIT,Pittsburgh Pirates,pittsburgh-pirates,Billy Cook,billycook,https://www.spotrac.com/mlb/player/_/id/73552/billy-cook,OF,27,0.025,,,2026 Active Roster,2026 Active Roster,Pittsburgh Pirates Contracts,,,Pre-Arbitration,Pre-Arbitration,,690690,0.28,690690,690690,,,2026,2026,2026,1,782800,782800,695257,PIT,Active,true,https://www.spotrac.com/mlb/pittsburgh-pirates/cash/_/year/2026 | https://www.spotrac.com/mlb/pittsburgh-pirates/contracts | https://www.spotrac.com/mlb/pittsburgh-pirates/tax/_/year/2026,,
2026-07-08T14:16:26+00:00,2026,PIT,Pittsburgh Pirates,pittsburgh-pirates,Brandan Bidois,brandanbidois,https://www.spotrac.com/mlb/player/_/id/88006/brandan-bidois,RP,25,,,,2026 Minor,2026 Minor,,,,Pre-Arbitration,,,204379,0.08,204379,204379,,,,,,,,,684049,PIT,Reassigned to Minors,true,https://www.spotrac.com/mlb/pittsburgh-pirates/cash/_/year/2026 | https://www.spotrac.com/mlb/pittsburgh-pirates/tax/_/year/2026,not_found_on_contracts_page,
2026-07-08T14:16:26+00:00,2026,PIT,Pittsburgh Pirates,pittsburgh-pirates,Brandon Lowe,brandonlowe,https://www.spotrac.com/mlb/player/_/id/17746/brandon-lowe,2B,31,7.058,,,2026 Active Roster,2026 Active Roster,Pittsburgh Pirates Contracts,,,Extension Pre-Arbitration,Extension Pre-Arbitration,,11000000,4.51,11500000,11500000,,,2019,2019,2026,6,24000000,4000000,664040,PIT,Active,true,https://www.spotrac.com/mlb/pittsburgh-pirates/cash/_/year/2026 | https://www.spotrac.com/mlb/pittsburgh-pirates/contracts | https://www.spotrac.com/mlb/pittsburgh-pirates/tax/_/year/2026,,
2026-07-08T14:16:26+00:00,2026,PIT,Pittsburgh Pirates,pittsburgh-pirates,Braxton Ashcraft,braxtonashcraft,https://www.spotrac.com/mlb/player/_/id/26074/braxton-ashcraft,SP,26,0.126,,,2026 Active Roster,2026 Active Roster,Pittsburgh Pirates Contracts,,,Pre-Arbitration,Pre-Arbitration,,795100,0.33,795100,795100,,,2026,2026,2026,1,795100,795100,677952,PIT,Active,true,https://www.spotrac.com/mlb/pittsburgh-pirates/cash/_/year/2026 | https://www.spotrac.com/mlb/pittsburgh-pirates/contracts | https://www.spotrac.com/mlb/pittsburgh-pirates/tax/_/year/2026,,
2026-07-08T14:16:26+00:00,2026,PIT,Pittsburgh Pirates,pittsburgh-pirates,Bryan Reynolds,bryanreynolds,https://www.spotrac.com/mlb/player/_/id/20193/bryan-reynolds,LF,31,6.163,,,2026 Active Roster,2026 Active Roster,Pittsburgh Pirates Contracts,,,Extension Arbitration,Extension Arbitration,,13343750,5.47,14000000,14000000,,,2023,2023,2031,8,106750000,13343750,668804,PIT,Active,true,https://www.spotrac.com/mlb/pittsburgh-pirates/cash/_/year/2026 | https://www.spotrac.com/mlb/pittsburgh-pirates/contracts | https://www.spotrac.com/mlb/pittsburgh-pirates/tax/_/year/2026,,
2026-07-08T14:16:26+00:00,2026,PIT,Pittsburgh Pirates,pittsburgh-pirates,Bubba Chandler,bubbachandler,https://www.spotrac.com/mlb/player/_/id/73334/bubba-chandler,SP,23,0.038,,,2026 Active Roster,2026 Active Roster,Pittsburgh Pirates Contracts,,,Pre-Arbitration,Pre-Arbitration,,787200,0.32,787200,787200,,,2026,2026,2026,1,787200,787200,696149,PIT,Active,true,https://www.spotrac.com/mlb/pittsburgh-pirates/cash/_/year/2026 | https://www.spotrac.com/mlb/pittsburgh-pirates/contracts | https://www.spotrac.com/mlb/pittsburgh-pirates/tax/_/year/2026,,
2026-07-08T14:16:26+00:00,2026,PIT,Pittsburgh Pirates,pittsburgh-pirates,Cam Sanders,camsanders,https://www.spotrac.com/mlb/player/_/id/27029/cam-sanders,RP,29,0.037,,,2026 Active Roster,2026 Active Roster,Pittsburgh Pirates Contracts,,,Pre-Arbitration,Pre-Arbitration,,408758,0.17,408758,408758,,,2026,2026,2026,1,780000,780000,676742,PIT,Active,true,https://www.spotrac.com/mlb/pittsburgh-pirates/cash/_/year/2026 | https://www.spotrac.com/mlb/pittsburgh-pirates/contracts | https://www.spotrac.com/mlb/pittsburgh-pirates/tax/_/year/2026,,
2026-07-08T14:16:26+00:00,2026,PIT,Pittsburgh Pirates,pittsburgh-pirates,Carlos Tejera,carlostejera,https://www.spotrac.com/mlb/player/_/id/105481/carlos-tejera,OF,17,,,,,2026 Signing Bonus,,,,,,,,,95000,,95000,,,,,,,,,,,false,https://www.spotrac.com/mlb/pittsburgh-pirates/cash/_/year/2026,not_found_on_tax_page;not_found_on_contracts_page,
2026-07-08T14:16:26+00:00,2026,PIT,Pittsburgh Pirates,pittsburgh-pirates,Carmen Mlodzinski,carmenmlodzinski,https://www.spotrac.com/mlb/player/_/id/48387/carmen-mlodzinski,SP,27,2.081,,,2026 Active Roster,2026 Active Roster,Pittsburgh Pirates Contracts,,,Pre-Arbitration,Pre-Arbitration,,806800,0.33,806800,806800,,,2026,2026,2026,1,806800,806800,669387,PIT,Active,true,https://www.spotrac.com/mlb/pittsburgh-pirates/cash/_/year/2026 | https://www.spotrac.com/mlb/pittsburgh-pirates/contracts | https://www.spotrac.com/mlb/pittsburgh-pirates/tax/_/year/2026,,
2026-07-08T14:16:26+00:00,2026,PIT,Pittsburgh Pirates,pittsburgh-pirates,Chris Devenski,chrisdevenski,https://www.spotrac.com/mlb/player/_/id/18908/chris-devenski,RP,35,7.115,,,2026 Injured List,2026 Injured List,Pittsburgh Pirates Contracts,,,Free Agent,Free Agent,,686364,,686363,686364,,,2026,2026,2026,1,850000,850000,606965,PIT,Injured 60-Day,true,https://www.spotrac.com/mlb/pittsburgh-pirates/cash/_/year/2026 | https://www.spotrac.com/mlb/pittsburgh-pirates/contracts | https://www.spotrac.com/mlb/pittsburgh-pirates/tax/_/year/2026,,
2026-07-08T14:16:26+00:00,2026,PIT,Pittsburgh Pirates,pittsburgh-pirates,Chun Hsi Lin,chunhsilin,https://www.spotrac.com/mlb/player/_/id/108547/chun-hsi-lin,P,18,,,,,2026 Signing Bonus,,,,,,,,,350000,,350000,,,,,,,,,,,false,https://www.spotrac.com/mlb/pittsburgh-pirates/cash/_/year/2026,not_found_on_tax_page;not_found_on_contracts_page,
2026-07-08T14:16:26+00:00,2026,PIT,Pittsburgh Pirates,pittsburgh-pirates,Davis Wendzel,daviswendzel,https://www.spotrac.com/mlb/player/_/id/30439/davis-wendzel,3B,29,0.070,,,2026 Dead Money,2026 Dead Money,,,,,,,16684,0.01,16684,16684,,,,,,,,,,,,false,https://www.spotrac.com/mlb/pittsburgh-pirates/cash/_/year/2026 | https://www.spotrac.com/mlb/pittsburgh-pirates/tax/_/year/2026,not_found_on_contracts_page,
2026-07-08T14:16:26+00:00,2026,PIT,Pittsburgh Pirates,pittsburgh-pirates,Dennis Santana,dennissantana,https://www.spotrac.com/mlb/player/_/id/24607/dennis-santana,RP,30,5.126,,,2026 Active Roster,2026 Active Roster,Pittsburgh Pirates Contracts,,,Arbitration 3,Arbitration,,3500000,1.43,3500000,3500000,,,2026,2026,2026,1,3500000,3500000,642701,PIT,Active,true,https://www.spotrac.com/mlb/pittsburgh-pirates/cash/_/year/2026 | https://www.spotrac.com/mlb/pittsburgh-pirates/contracts | https://www.spotrac.com/mlb/pittsburgh-pirates/tax/_/year/2026,,
2026-07-08T14:16:26+00:00,2026,PIT,Pittsburgh Pirates,pittsburgh-pirates,Dennison Rodriguez,dennisonrodriguez,https://www.spotrac.com/mlb/player/_/id/105661/dennison-rodriguez,P,17,,,,,2026 Signing Bonus,,,,,,,,,50000,,50000,,,,,,,,,,,false,https://www.spotrac.com/mlb/pittsburgh-pirates/cash/_/year/2026,not_found_on_tax_page;not_found_on_contracts_page,
2026-07-08T14:16:26+00:00,2026,PIT,Pittsburgh Pirates,pittsburgh-pirates,Derek Garcia,derekgarcia,https://www.spotrac.com/mlb/player/_/id/105667/derek-garcia,P,17,,,,,2026 Signing Bonus,,,,,,,,,80000,,80000,,,,,,,,,,,false,https://www.spotrac.com/mlb/pittsburgh-pirates/cash/_/year/2026,not_found_on_tax_page;not_found_on_contracts_page,
2026-07-08T14:16:26+00:00,2026,PIT,Pittsburgh Pirates,pittsburgh-pirates,Dionis Leyba,dionisleyba,https://www.spotrac.com/mlb/player/_/id/105611/dionis-leyba,OF,17,,,,,2026 Signing Bonus,,,,,,,,,200000,,200000,,,,,,,,,,,false,https://www.spotrac.com/mlb/pittsburgh-pirates/cash/_/year/2026,not_found_on_tax_page;not_found_on_contracts_page,
2026-07-08T14:16:26+00:00,2026,PIT,Pittsburgh Pirates,pittsburgh-pirates,Endy Rodríguez,endyrodriguez,https://www.spotrac.com/mlb/player/_/id/71503/endy-rodr%C3%ADguez,1B,26,2.077,,,2026 Active Roster,2026 Active Roster,Pittsburgh Pirates Contracts,,,Pre-Arbitration,Pre-Arbitration,,605130,0.25,605130,605130,,,2026,2026,2026,1,820000,820000,682848,PIT,Active,true,https://www.spotrac.com/mlb/pittsburgh-pirates/cash/_/year/2026 | https://www.spotrac.com/mlb/pittsburgh-pirates/contracts | https://www.spotrac.com/mlb/pittsburgh-pirates/tax/_/year/2026,,
2026-07-08T14:16:26+00:00,2026,PIT,Pittsburgh Pirates,pittsburgh-pirates,Enrique Quintana,enriquequintana,https://www.spotrac.com/mlb/player/_/id/105665/enrique-quintana,P,18,,,,,2026 Signing Bonus,,,,,,,,,60000,,60000,,,,,,,,,,,false,https://www.spotrac.com/mlb/pittsburgh-pirates/cash/_/year/2026,not_found_on_tax_page;not_found_on_contracts_page,
2026-07-08T14:16:26+00:00,2026,PIT,Pittsburgh Pirates,pittsburgh-pirates,Esmerlyn Valdez,esmerlynvaldez,https://www.spotrac.com/mlb/player/_/id/71451/esmerlyn-valdez,RF,22,,,,2026 Active Roster,2026 Active Roster,Pittsburgh Pirates Contracts,,,Pre-Arbitration,Pre-Arbitration,,475494,0.19,475494,475494,,,2026,2026,2026,1,780000,780000,699013,PIT,Active,true,https://www.spotrac.com/mlb/pittsburgh-pirates/cash/_/year/2026 | https://www.spotrac.com/mlb/pittsburgh-pirates/contracts | https://www.spotrac.com/mlb/pittsburgh-pirates/tax/_/year/2026,,
2026-07-08T14:16:26+00:00,2026,PIT,Pittsburgh Pirates,pittsburgh-pirates,Evan Sisk,evansisk,https://www.spotrac.com/mlb/player/_/id/26607/evan-sisk,RP,29,0.060,,,2026 Injured List,2026 Injured List,Pittsburgh Pirates Contracts,,,Pre-Arbitration,Pre-Arbitration,,696557,0.29,696557,696557,,,2026,2026,2026,1,780000,780000,681895,PIT,Injured 15-Day,true,https://www.spotrac.com/mlb/pittsburgh-pirates/cash/_/year/2026 | https://www.spotrac.com/mlb/pittsburgh-pirates/contracts | https://www.spotrac.com/mlb/pittsburgh-pirates/tax/_/year/2026,,
2026-07-08T14:16:26+00:00,2026,PIT,Pittsburgh Pirates,pittsburgh-pirates,Fernando Triana,fernandotriana,https://www.spotrac.com/mlb/player/_/id/105662/fernando-triana,OF,17,,,,,2026 Signing Bonus,,,,,,,,,40000,,40000,,,,,,,,,,,false,https://www.spotrac.com/mlb/pittsburgh-pirates/cash/_/year/2026,not_found_on_tax_page;not_found_on_contracts_page,
2026-07-08T14:16:26+00:00,2026,PIT,Pittsburgh Pirates,pittsburgh-pirates,Fredery Solano,frederysolano,https://www.spotrac.com/mlb/player/_/id/105664/fredery-solano,P,17,,,,,2026 Signing Bonus,,,,,,,,,115000,,115000,,,,,,,,,,,false,https://www.spotrac.com/mlb/pittsburgh-pirates/cash/_/year/2026,not_found_on_tax_page;not_found_on_contracts_page,
2026-07-08T14:16:26+00:00,2026,PIT,Pittsburgh Pirates,pittsburgh-pirates,Freilyn Rodriguez,freilynrodriguez,https://www.spotrac.com/mlb/player/_/id/105603/freilyn-rodriguez,SS,17,,,,,2026 Signing Bonus,,,,,,,,,20000,,20000,,,,,,,,,,,false,https://www.spotrac.com/mlb/pittsburgh-pirates/cash/_/year/2026,not_found_on_tax_page;not_found_on_contracts_page,
2026-07-08T14:16:26+00:00,2026,PIT,Pittsburgh Pirates,pittsburgh-pirates,Gilbert Ramirez,gilbertramirez,https://www.spotrac.com/mlb/player/_/id/105666/gilbert-ramirez,C,17,,,,,2026 Signing Bonus,,,,,,,,,60000,,60000,,,,,,,,,,,false,https://www.spotrac.com/mlb/pittsburgh-pirates/cash/_/year/2026,not_found_on_tax_page;not_found_on_contracts_page,
2026-07-08T14:16:26+00:00,2026,PIT,Pittsburgh Pirates,pittsburgh-pirates,Gregory Soto,gregorysoto,https://www.spotrac.com/mlb/player/_/id/24622/gregory-soto,RP,31,6.102,,,2026 Active Roster,2026 Active Roster,Pittsburgh Pirates Contracts,,,Free Agent,Free Agent,,7750000,3.18,7750000,7750000,,,2026,2026,2026,1,7750000,7750000,642397,PIT,Active,true,https://www.spotrac.com/mlb/pittsburgh-pirates/cash/_/year/2026 | https://www.spotrac.com/mlb/pittsburgh-pirates/contracts | https://www.spotrac.com/mlb/pittsburgh-pirates/tax/_/year/2026,,
2026-07-08T14:16:26+00:00,2026,PIT,Pittsburgh Pirates,pittsburgh-pirates,Henry Davis,henrydavis,https://www.spotrac.com/mlb/player/_/id/73263/henry-davis,C,26,2.037,,,2026 Active Roster,2026 Active Roster,Pittsburgh Pirates Contracts,,,Pre-Arbitration,Pre-Arbitration,,800400,0.33,800400,800400,,,2026,2026,2026,1,800400,800400,680779,PIT,Active,true,https://www.spotrac.com/mlb/pittsburgh-pirates/cash/_/year/2026 | https://www.spotrac.com/mlb/pittsburgh-pirates/contracts | https://www.spotrac.com/mlb/pittsburgh-pirates/tax/_/year/2026,,
2026-07-08T14:16:26+00:00,2026,PIT,Pittsburgh Pirates,pittsburgh-pirates,Hunter Barco,hunterbarco,https://www.spotrac.com/mlb/player/_/id/78617/hunter-barco,RP,25,0.006,,,2026 Minor,2026 Minor,,,,Pre-Arbitration,,,87927,0.04,87927,87927,,,,,,,,,682995,PIT,Reassigned to Minors,true,https://www.spotrac.com/mlb/pittsburgh-pirates/cash/_/year/2026 | https://www.spotrac.com/mlb/pittsburgh-pirates/tax/_/year/2026,not_found_on_contracts_page,
2026-07-08T14:16:26+00:00,2026,PIT,Pittsburgh Pirates,pittsburgh-pirates,Hunter Stratton,hunterstratton,https://www.spotrac.com/mlb/player/_/id/74655/hunter-stratton,RP,29,1.071,,,2026 Active Roster,2026 Active Roster,Pittsburgh Pirates Contracts,,,Pre-Arbitration,Pre-Arbitration,,354535,0.15,354535,354535,,,2026,2026,2026,1,780000,780000,676702,PIT,Active,true,https://www.spotrac.com/mlb/pittsburgh-pirates/cash/_/year/2026 | https://www.spotrac.com/mlb/pittsburgh-pirates/contracts | https://www.spotrac.com/mlb/pittsburgh-pirates/tax/_/year/2026,,
2026-07-08T14:16:26+00:00,2026,PIT,Pittsburgh Pirates,pittsburgh-pirates,Isaac Mattson,isaacmattson,https://www.spotrac.com/mlb/player/_/id/46492/isaac-mattson,RP,30,0.150,,,2026 Active Roster,2026 Active Roster,Pittsburgh Pirates Contracts,,,Pre-Arbitration,Pre-Arbitration,,692261,0.28,692261,692261,,,2026,2026,2026,1,794200,794200,676755,PIT,Active,true,https://www.spotrac.com/mlb/pittsburgh-pirates/cash/_/year/2026 | https://www.spotrac.com/mlb/pittsburgh-pirates/contracts | https://www.spotrac.com/mlb/pittsburgh-pirates/tax/_/year/2026,,
2026-07-08T14:16:26+00:00,2026,PIT,Pittsburgh Pirates,pittsburgh-pirates,Jack Brannigan,jackbrannigan,https://www.spotrac.com/mlb/player/_/id/78686/jack-brannigan,3B,25,,,,2026 Active Roster,2026 Active Roster,Pittsburgh Pirates Contracts,,,Pre-Arbitration,Pre-Arbitration,,346193,0.14,346193,346193,,,2026,2026,2026,1,780000,780000,687394,PIT,Active,true,https://www.spotrac.com/mlb/pittsburgh-pirates/cash/_/year/2026 | https://www.spotrac.com/mlb/pittsburgh-pirates/contracts | https://www.spotrac.com/mlb/pittsburgh-pirates/tax/_/year/2026,,
2026-07-08T14:16:26+00:00,2026,PIT,Pittsburgh Pirates,pittsburgh-pirates,Jake Mangum,jakemangum,https://www.spotrac.com/mlb/player/_/id/30518/jake-mangum,CF,30,1.000,,,2026 Active Roster,2026 Active Roster,Pittsburgh Pirates Contracts,,,Pre-Arbitration,Pre-Arbitration,,800200,0.33,800200,800200,,,2026,2026,2026,1,800200,800200,663968,PIT,Active,true,https://www.spotrac.com/mlb/pittsburgh-pirates/cash/_/year/2026 | https://www.spotrac.com/mlb/pittsburgh-pirates/contracts | https://www.spotrac.com/mlb/pittsburgh-pirates/tax/_/year/2026,,
2026-07-08T14:16:26+00:00,2026,PIT,Pittsburgh Pirates,pittsburgh-pirates,Jared Jones,jaredjones,https://www.spotrac.com/mlb/player/_/id/48400/jared-jones,SP,24,2.000,,,2026 Active Roster,2026 Active Roster,Pittsburgh Pirates Contracts,,,Pre-Arbitration,Pre-Arbitration,,801600,0.33,801600,801600,,,2026,2026,2026,1,801600,801600,683003,PIT,Active,true,https://www.spotrac.com/mlb/pittsburgh-pirates/cash/_/year/2026 | https://www.spotrac.com/mlb/pittsburgh-pirates/contracts | https://www.spotrac.com/mlb/pittsburgh-pirates/tax/_/year/2026,,
2026-07-08T14:16:26+00:00,2026,PIT,Pittsburgh Pirates,pittsburgh-pirates,Jared Triolo,jaredtriolo,https://www.spotrac.com/mlb/player/_/id/30470/jared-triolo,SS,28,2.071,,,2026 Active Roster,2026 Active Roster,Pittsburgh Pirates Contracts,,,Pre-Arbitration,Pre-Arbitration,,818900,0.34,818900,818900,,,2026,2026,2026,1,818900,818900,669707,PIT,Active,true,https://www.spotrac.com/mlb/pittsburgh-pirates/cash/_/year/2026 | https://www.spotrac.com/mlb/pittsburgh-pirates/contracts | https://www.spotrac.com/mlb/pittsburgh-pirates/tax/_/year/2026,,
2026-07-08T14:16:26+00:00,2026,PIT,Pittsburgh Pirates,pittsburgh-pirates,Jeancer Custodio,jeancercustodio,https://www.spotrac.com/mlb/player/_/id/105475/jeancer-custodio,OF,17,,,,,2026 Signing Bonus,,,,,,,,,900000,,900000,,,,,,,,,,,false,https://www.spotrac.com/mlb/pittsburgh-pirates/cash/_/year/2026,not_found_on_tax_page;not_found_on_contracts_page,
2026-07-08T14:16:26+00:00,2026,PIT,Pittsburgh Pirates,pittsburgh-pirates,Jhostynxon Garcia,jhostynxongarcia,https://www.spotrac.com/mlb/player/_/id/86579/jhostynxon-garcia,OF,23,0.009,,,2026 Minor,2026 Minor,,,,Pre-Arbitration,,,79249,0.03,79249,79249,,,,,,,,,691373,PIT,Reassigned to Minors,true,https://www.spotrac.com/mlb/pittsburgh-pirates/cash/_/year/2026 | https://www.spotrac.com/mlb/pittsburgh-pirates/tax/_/year/2026,not_found_on_contracts_page,
2026-07-08T14:16:26+00:00,2026,PIT,Pittsburgh Pirates,pittsburgh-pirates,John Reynoso,johnreynoso,https://www.spotrac.com/mlb/player/_/id/105599/john-reynoso,P,17,,,,,2026 Signing Bonus,,,,,,,,,135000,,135000,,,,,,,,,,,false,https://www.spotrac.com/mlb/pittsburgh-pirates/cash/_/year/2026,not_found_on_tax_page;not_found_on_contracts_page,
2026-07-08T14:16:26+00:00,2026,PIT,Pittsburgh Pirates,pittsburgh-pirates,José Urquidy,joseurquidy,https://www.spotrac.com/mlb/player/_/id/31965/jos%C3%A9-urquidy,RP,31,6.049,,,2026 Minor,2026 Minor,,,,Free Agent,,,1500000,0.61,1500000,1500000,,,,,,,,,664353,PIT,Reassigned to Minors,true,https://www.spotrac.com/mlb/pittsburgh-pirates/cash/_/year/2026 | https://www.spotrac.com/mlb/pittsburgh-pirates/tax/_/year/2026,not_found_on_contracts_page,
2026-07-08T14:16:26+00:00,2026,PIT,Pittsburgh Pirates,pittsburgh-pirates,Juan Figueroa,juanfigueroa,https://www.spotrac.com/mlb/player/_/id/105478/juan-figueroa,OF,17,,,,,2026 Signing Bonus,,,,,,,,,115000,,115000,,,,,,,,,,,false,https://www.spotrac.com/mlb/pittsburgh-pirates/cash/_/year/2026,not_found_on_tax_page;not_found_on_contracts_page,
2026-07-08T14:16:26+00:00,2026,PIT,Pittsburgh Pirates,pittsburgh-pirates,Konnor Griffin,konnorgriffin,https://www.spotrac.com/mlb/player/_/id/94546/konnor-griffin,SS,20,,,,2026 Injured List,2026 Injured List,Pittsburgh Pirates Contracts,,,Extension Pre-Arbitration,Extension Pre-Arbitration,,15555556,6.38,6000000,1000000,5000000,,2026,2026,2034,9,140000000,15555556,804606,PIT,Injured 10-Day,true,https://www.spotrac.com/mlb/pittsburgh-pirates/cash/_/year/2026 | https://www.spotrac.com/mlb/pittsburgh-pirates/contracts | https://www.spotrac.com/mlb/pittsburgh-pirates/tax/_/year/2026,,
2026-07-08T14:16:26+00:00,2026,PIT,Pittsburgh Pirates,pittsburgh-pirates,Marcell Ozuna,marcellozuna,https://www.spotrac.com/mlb/player/_/id/12103/marcell-ozuna,DH,35,12.124,,,2026 Active Roster,2026 Active Roster,Pittsburgh Pirates Contracts,,,Free Agent,Free Agent,,12000000,4.92,10500000,10500000,,,2026,2026,2027,1,12000000,12000000,542303,PIT,Active,true,https://www.spotrac.com/mlb/pittsburgh-pirates/cash/_/year/2026 | https://www.spotrac.com/mlb/pittsburgh-pirates/contracts | https://www.spotrac.com/mlb/pittsburgh-pirates/tax/_/year/2026,,
2026-07-08T14:16:26+00:00,2026,PIT,Pittsburgh Pirates,pittsburgh-pirates,Mason Montgomery,masonmontgomery,https://www.spotrac.com/mlb/player/_/id/73453/mason-montgomery,RP,26,1.021,,,2026 Active Roster,2026 Active Roster,Pittsburgh Pirates Contracts,,,Pre-Arbitration,Pre-Arbitration,,793000,0.33,793000,793000,,,2026,2026,2026,1,793000,793000,682254,PIT,Active,true,https://www.spotrac.com/mlb/pittsburgh-pirates/cash/_/year/2026 | https://www.spotrac.com/mlb/pittsburgh-pirates/contracts | https://www.spotrac.com/mlb/pittsburgh-pirates/tax/_/year/2026,,
2026-07-08T14:16:26+00:00,2026,PIT,Pittsburgh Pirates,pittsburgh-pirates,Micael De La Cruz,micaeldelacruz,https://www.spotrac.com/mlb/player/_/id/105663/micael-de-la-cruz,P,17,,,,,2026 Signing Bonus,,,,,,,,,60000,,60000,,,,,,,,,,,false,https://www.spotrac.com/mlb/pittsburgh-pirates/cash/_/year/2026,not_found_on_tax_page;not_found_on_contracts_page,
2026-07-08T14:16:26+00:00,2026,PIT,Pittsburgh Pirates,pittsburgh-pirates,Miguel Molina,miguelmolina,https://www.spotrac.com/mlb/player/_/id/105758/miguel-molina,P,16,,,,,2026 Signing Bonus,,,,,,,,,40000,,40000,,,,,,,,,,,false,https://www.spotrac.com/mlb/pittsburgh-pirates/cash/_/year/2026,not_found_on_tax_page;not_found_on_contracts_page,
2026-07-08T14:16:26+00:00,2026,PIT,Pittsburgh Pirates,pittsburgh-pirates,Mitch Keller,mitchkeller,https://www.spotrac.com/mlb/player/_/id/17730/mitch-keller,SP,30,6.026,,,2026 Active Roster,2026 Active Roster,Pittsburgh Pirates Contracts,,,Extension Arbitration,Extension Arbitration,,15400000,6.31,16500000,16500000,,,2024,2024,2028,5,77000000,15400000,656605,PIT,Active,true,https://www.spotrac.com/mlb/pittsburgh-pirates/cash/_/year/2026 | https://www.spotrac.com/mlb/pittsburgh-pirates/contracts | https://www.spotrac.com/mlb/pittsburgh-pirates/tax/_/year/2026,,
2026-07-08T14:16:26+00:00,2026,PIT,Pittsburgh Pirates,pittsburgh-pirates,Neomar Urbina,neomarurbina,https://www.spotrac.com/mlb/player/_/id/105479/neomar-urbina,P,17,,,,,2026 Signing Bonus,,,,,,,,,220000,,220000,,,,,,,,,,,false,https://www.spotrac.com/mlb/pittsburgh-pirates/cash/_/year/2026,not_found_on_tax_page;not_found_on_contracts_page,
2026-07-08T14:16:26+00:00,2026,PIT,Pittsburgh Pirates,pittsburgh-pirates,Nick Gonzales,nickgonzales,https://www.spotrac.com/mlb/player/_/id/48362/nick-gonzales,3B,27,2.018,,,2026 Active Roster,2026 Active Roster,Pittsburgh Pirates Contracts,,,Pre-Arbitration,Pre-Arbitration,,801600,0.33,801600,801600,,,2026,2026,2026,1,801600,801600,693304,PIT,Active,true,https://www.spotrac.com/mlb/pittsburgh-pirates/cash/_/year/2026 | https://www.spotrac.com/mlb/pittsburgh-pirates/contracts | https://www.spotrac.com/mlb/pittsburgh-pirates/tax/_/year/2026,,
2026-07-08T14:16:26+00:00,2026,PIT,Pittsburgh Pirates,pittsburgh-pirates,Nick Yorke,nickyorke,https://www.spotrac.com/mlb/player/_/id/48372/nick-yorke,2B,24,0.042,,,2026 Minor,2026 Minor,,,,Pre-Arbitration,,,41950,0.02,41950,41950,,,,,,,,,694377,PIT,Reassigned to Minors,true,https://www.spotrac.com/mlb/pittsburgh-pirates/cash/_/year/2026 | https://www.spotrac.com/mlb/pittsburgh-pirates/tax/_/year/2026,not_found_on_contracts_page,
2026-07-08T14:16:26+00:00,2026,PIT,Pittsburgh Pirates,pittsburgh-pirates,Noah Murdock,noahmurdock,https://www.spotrac.com/mlb/player/_/id/31139/noah-murdock,RP,,0.047,,,2026 Minor,,,,,Free Agent,,,,,,,,,,,,,,,668716,PIT,Reassigned to Minors,true,https://www.spotrac.com/mlb/pittsburgh-pirates/tax/_/year/2026,missing_all_money_fields;not_found_on_cash_page;not_found_on_contracts_page,
2026-07-08T14:16:26+00:00,2026,PIT,Pittsburgh Pirates,pittsburgh-pirates,Oneil Cruz,oneilcruz,https://www.spotrac.com/mlb/player/_/id/29148/oneil-cruz,CF,27,3.110,,,2026 Injured List,2026 Injured List,Pittsburgh Pirates Contracts,,,Arbitration 1,Arbitration,,3300000,1.35,3300000,3300000,,,2026,2026,2026,1,3300000,3300000,665833,PIT,Injured 10-Day,true,https://www.spotrac.com/mlb/pittsburgh-pirates/cash/_/year/2026 | https://www.spotrac.com/mlb/pittsburgh-pirates/contracts | https://www.spotrac.com/mlb/pittsburgh-pirates/tax/_/year/2026,,
2026-07-08T14:16:26+00:00,2026,PIT,Pittsburgh Pirates,pittsburgh-pirates,Paul Skenes,paulskenes,https://www.spotrac.com/mlb/player/_/id/83150/paul-skenes,SP,24,2.000,,,2026 Active Roster,2026 Active Roster,Pittsburgh Pirates Contracts,,,Pre-Arbitration,Pre-Arbitration,,1085000,0.44,1085000,1085000,,,2026,2026,2026,1,1085000,1085000,694973,PIT,Active,true,https://www.spotrac.com/mlb/pittsburgh-pirates/cash/_/year/2026 | https://www.spotrac.com/mlb/pittsburgh-pirates/contracts | https://www.spotrac.com/mlb/pittsburgh-pirates/tax/_/year/2026,,
2026-07-08T14:16:26+00:00,2026,PIT,Pittsburgh Pirates,pittsburgh-pirates,Pietro Pires,pietropires,https://www.spotrac.com/mlb/player/_/id/105615/pietro-pires,P,,,,,,2026 Signing Bonus,,,,,,,,,30000,,30000,,,,,,,,,,,false,https://www.spotrac.com/mlb/pittsburgh-pirates/cash/_/year/2026,not_found_on_tax_page;not_found_on_contracts_page,
2026-07-08T14:16:26+00:00,2026,PIT,Pittsburgh Pirates,pittsburgh-pirates,Rafael Flores,rafaelflores,https://www.spotrac.com/mlb/player/_/id/100589/rafael-flores,C,25,0.013,,,2026 Minor,2026 Minor,,,,Pre-Arbitration,,,12513,0.01,12513,12513,,,,,,,,,804668,PIT,Reassigned to Minors,true,https://www.spotrac.com/mlb/pittsburgh-pirates/cash/_/year/2026 | https://www.spotrac.com/mlb/pittsburgh-pirates/tax/_/year/2026,not_found_on_contracts_page,
2026-07-08T14:16:26+00:00,2026,PIT,Pittsburgh Pirates,pittsburgh-pirates,Ronaldo Serrano,ronaldoserrano,https://www.spotrac.com/mlb/player/_/id/105609/ronaldo-serrano,P,19,,,,,2026 Signing Bonus,,,,,,,,,35000,,35000,,,,,,,,,,,false,https://www.spotrac.com/mlb/pittsburgh-pirates/cash/_/year/2026,not_found_on_tax_page;not_found_on_contracts_page,
2026-07-08T14:16:26+00:00,2026,PIT,Pittsburgh Pirates,pittsburgh-pirates,Rothemnay Marquetti,rothemnaymarquetti,https://www.spotrac.com/mlb/player/_/id/105797/rothemnay-marquetti,OF,17,,,,,2026 Signing Bonus,,,,,,,,,40000,,40000,,,,,,,,,,,false,https://www.spotrac.com/mlb/pittsburgh-pirates/cash/_/year/2026,not_found_on_tax_page;not_found_on_contracts_page,
2026-07-08T14:16:26+00:00,2026,PIT,Pittsburgh Pirates,pittsburgh-pirates,Ryan Harbin,ryanharbin,https://www.spotrac.com/mlb/player/_/id/31502/ryan-harbin,RP,24,,,,2026 Dead Money,2026 Dead Money,,,,,,,157860,0.06,157860,157860,,,,,,,,,,,,false,https://www.spotrac.com/mlb/pittsburgh-pirates/cash/_/year/2026 | https://www.spotrac.com/mlb/pittsburgh-pirates/tax/_/year/2026,not_found_on_contracts_page,
2026-07-08T14:16:26+00:00,2026,PIT,Pittsburgh Pirates,pittsburgh-pirates,Ryan O'Hearn,ryanohearn,https://www.spotrac.com/mlb/player/_/id/27816/ryan-ohearn,RF,32,7.002,,,2026 Active Roster,2026 Active Roster,Pittsburgh Pirates Contracts,,,Free Agent,Free Agent,,14500000,5.94,14000000,14000000,,,2026,2026,2027,2,29000000,14500000,656811,PIT,Active,true,https://www.spotrac.com/mlb/pittsburgh-pirates/cash/_/year/2026 | https://www.spotrac.com/mlb/pittsburgh-pirates/contracts | https://www.spotrac.com/mlb/pittsburgh-pirates/tax/_/year/2026,,
2026-07-08T14:16:26+00:00,2026,PIT,Pittsburgh Pirates,pittsburgh-pirates,Spencer Horwitz,spencerhorwitz,https://www.spotrac.com/mlb/player/_/id/32098/spencer-horwitz,1B,28,1.152,,,2026 Injured List,2026 Injured List,Pittsburgh Pirates Contracts,,,Pre-Arbitration,Pre-Arbitration,,802000,0.33,802000,802000,,,2026,2026,2026,1,802000,802000,687462,PIT,Injured 10-Day,true,https://www.spotrac.com/mlb/pittsburgh-pirates/cash/_/year/2026 | https://www.spotrac.com/mlb/pittsburgh-pirates/contracts | https://www.spotrac.com/mlb/pittsburgh-pirates/tax/_/year/2026,,
2026-07-08T14:16:26+00:00,2026,PIT,Pittsburgh Pirates,pittsburgh-pirates,Thomas Harrington,thomasharrington,https://www.spotrac.com/mlb/player/_/id/78033/thomas-harrington,SP,,0.010,,,2026 Minor,,,,,Pre-Arbitration,,,,,,,,,,,,,,,802419,PIT,Reassigned to Minors,true,https://www.spotrac.com/mlb/pittsburgh-pirates/tax/_/year/2026,missing_all_money_fields;not_found_on_cash_page;not_found_on_contracts_page,
2026-07-08T14:16:26+00:00,2026,PIT,Pittsburgh Pirates,pittsburgh-pirates,Tyler Callihan,tylercallihan,https://www.spotrac.com/mlb/player/_/id/30483/tyler-callihan,2B,26,0.152,,,2026 Active Roster,2026 Active Roster,Pittsburgh Pirates Contracts,,,Pre-Arbitration,Pre-Arbitration,,508862,0.21,508862,508862,,,2026,2026,2026,1,780000,780000,682997,PIT,Active,true,https://www.spotrac.com/mlb/pittsburgh-pirates/cash/_/year/2026 | https://www.spotrac.com/mlb/pittsburgh-pirates/contracts | https://www.spotrac.com/mlb/pittsburgh-pirates/tax/_/year/2026,,
2026-07-08T14:16:26+00:00,2026,PIT,Pittsburgh Pirates,pittsburgh-pirates,Wilber Dotel,wilberdotel,https://www.spotrac.com/mlb/player/_/id/88002/wilber-dotel,RP,23,,,,2026 Injured List,2026 Injured List,Pittsburgh Pirates Contracts,,,Pre-Arbitration,Pre-Arbitration,,579769,0.24,579769,579769,,,2026,2026,2026,1,780000,780000,696062,PIT,Injured 15-Day,true,https://www.spotrac.com/mlb/pittsburgh-pirates/cash/_/year/2026 | https://www.spotrac.com/mlb/pittsburgh-pirates/contracts | https://www.spotrac.com/mlb/pittsburgh-pirates/tax/_/year/2026,,
2026-07-08T14:16:26+00:00,2026,PIT,Pittsburgh Pirates,pittsburgh-pirates,Wilton Guerrero Jr.,wiltonguerrero,https://www.spotrac.com/mlb/player/_/id/105474/wilton-guerrero-jr,SS,17,,,,,2026 Signing Bonus,,,,,,,,,1900000,,1900000,,,,,,,,,,,false,https://www.spotrac.com/mlb/pittsburgh-pirates/cash/_/year/2026,not_found_on_tax_page;not_found_on_contracts_page,
2026-07-08T14:16:26+00:00,2026,PIT,Pittsburgh Pirates,pittsburgh-pirates,Yohan Ramirez,yohanramirez,https://www.spotrac.com/mlb/player/_/id/20846/yohan-ramirez,RP,31,3.135,,,2026 Active Roster,2026 Active Roster,Pittsburgh Pirates Contracts,,,Arbitration 1,Arbitration,,825000,0.34,825000,825000,,,2026,2026,2026,1,825000,825000,670990,PIT,Active,true,https://www.spotrac.com/mlb/pittsburgh-pirates/cash/_/year/2026 | https://www.spotrac.com/mlb/pittsburgh-pirates/contracts | https://www.spotrac.com/mlb/pittsburgh-pirates/tax/_/year/2026,,
2026-07-08T14:16:26+00:00,2026,SD,San Diego Padres,san-diego-padres,Adrian Morejon,adrianmorejon,https://www.spotrac.com/mlb/player/_/id/20747/adrian-morejon,RP,27,5.140,,,2026 Active Roster,2026 Active Roster,San Diego Padres Contracts,,,Arbitration 4,Arbitration,,3900000,1.60,3900000,3900000,,,2026,2026,2026,1,3900000,3900000,670970,SD,Active,true,https://www.spotrac.com/mlb/san-diego-padres/cash/_/year/2026 | https://www.spotrac.com/mlb/san-diego-padres/contracts | https://www.spotrac.com/mlb/san-diego-padres/tax/_/year/2026,,
2026-07-08T14:16:26+00:00,2026,SD,San Diego Padres,san-diego-padres,Alek Jacob,alekjacob,https://www.spotrac.com/mlb/player/_/id/73686/alek-jacob,RP,28,1.059,,,2026 Minor,2026 Minor,,,,Pre-Arbitration,,,35080,0.01,35080,35080,,,,,,,,,689690,SD,Reassigned to Minors,true,https://www.spotrac.com/mlb/san-diego-padres/cash/_/year/2026 | https://www.spotrac.com/mlb/san-diego-padres/tax/_/year/2026,not_found_on_contracts_page,
2026-07-08T14:16:26+00:00,2026,SD,San Diego Padres,san-diego-padres,Antoni Duran,antoniduran,https://www.spotrac.com/mlb/player/_/id/105606/antoni-duran,SS,17,,,,,2026 Signing Bonus,,,,,,,,,200000,,200000,,,,,,,,,,,false,https://www.spotrac.com/mlb/san-diego-padres/cash/_/year/2026,not_found_on_tax_page;not_found_on_contracts_page,
2026-07-08T14:16:26+00:00,2026,SD,San Diego Padres,san-diego-padres,Berman Moreno,bermanmoreno,https://www.spotrac.com/mlb/player/_/id/105935/berman-moreno,INF,17,,,,,2026 Signing Bonus,,,,,,,,,100000,,100000,,,,,,,,,,,false,https://www.spotrac.com/mlb/san-diego-padres/cash/_/year/2026,not_found_on_tax_page;not_found_on_contracts_page,
2026-07-08T14:16:26+00:00,2026,SD,San Diego Padres,san-diego-padres,Blake Hunt,blakehunt,https://www.spotrac.com/mlb/player/_/id/23278/blake-hunt,C,27,0.002,,,2026 Minor,2026 Minor,,,,Free Agent,,,37539,0.02,37539,37539,,,,,,,,,675448,SD,Reassigned to Minors,true,https://www.spotrac.com/mlb/san-diego-padres/cash/_/year/2026 | https://www.spotrac.com/mlb/san-diego-padres/tax/_/year/2026,not_found_on_contracts_page,
2026-07-08T14:16:26+00:00,2026,SD,San Diego Padres,san-diego-padres,Bradgley Rodriguez,bradgleyrodriguez,https://www.spotrac.com/mlb/player/_/id/71322/bradgley-rodriguez,RP,22,0.020,,,2026 Active Roster,2026 Active Roster,San Diego Padres Contracts,,,Pre-Arbitration,Pre-Arbitration,,740922,0.30,740922,740922,,,2026,2026,2026,1,782800,782800,699134,SD,Active,true,https://www.spotrac.com/mlb/san-diego-padres/cash/_/year/2026 | https://www.spotrac.com/mlb/san-diego-padres/contracts | https://www.spotrac.com/mlb/san-diego-padres/tax/_/year/2026,,
2026-07-08T14:16:26+00:00,2026,SD,San Diego Padres,san-diego-padres,Bryan Hoeing,bryanhoeing,https://www.spotrac.com/mlb/player/_/id/31141/bryan-hoeing,RP,29,2.133,,,2026 Injured List,2026 Injured List,San Diego Padres Contracts,,,Pre-Arbitration,Pre-Arbitration,,807000,,807000,807000,,,2026,2026,2026,1,807000,807000,663773,SD,Injured 60-Day,true,https://www.spotrac.com/mlb/san-diego-padres/cash/_/year/2026 | https://www.spotrac.com/mlb/san-diego-padres/contracts | https://www.spotrac.com/mlb/san-diego-padres/tax/_/year/2026,,
2026-07-08T14:16:26+00:00,2026,SD,San Diego Padres,san-diego-padres,Bryce Johnson,brycejohnson,https://www.spotrac.com/mlb/player/_/id/23399/bryce-johnson,CF,30,1.097,,,2026 Minor,2026 Minor,,,,Pre-Arbitration,,,344400,,344400,344400,,,,,,,,,,,,false,https://www.spotrac.com/mlb/san-diego-padres/cash/_/year/2026 | https://www.spotrac.com/mlb/san-diego-padres/tax/_/year/2026,not_found_on_contracts_page,
2026-07-08T14:16:26+00:00,2026,SD,San Diego Padres,san-diego-padres,Chrystian Herrero,chrystianherrero,https://www.spotrac.com/mlb/player/_/id/105938/chrystian-herrero,SS,17,,,,,2026 Signing Bonus,,,,,,,,,20000,,20000,,,,,,,,,,,false,https://www.spotrac.com/mlb/san-diego-padres/cash/_/year/2026,not_found_on_tax_page;not_found_on_contracts_page,
2026-07-08T14:16:26+00:00,2026,SD,San Diego Padres,san-diego-padres,Daison Acosta,daisonacosta,https://www.spotrac.com/mlb/player/_/id/88441/daison-acosta,P,27,,,,,2026 Minor,,,,,,,,,780000,780000,,,,,,,,,,,,false,https://www.spotrac.com/mlb/san-diego-padres/cash/_/year/2026,not_found_on_tax_page;not_found_on_contracts_page,
2026-07-08T14:16:26+00:00,2026,SD,San Diego Padres,san-diego-padres,David Morgan,davidmorgan,https://www.spotrac.com/mlb/player/_/id/79422/david-morgan,RP,26,0.134,,,2026 Injured List,2026 Injured List,San Diego Padres Contracts,,,Pre-Arbitration,Pre-Arbitration,,636314,0.26,636314,636314,,,2026,2026,2026,1,788000,788000,688158,SD,Injured 15-Day,true,https://www.spotrac.com/mlb/san-diego-padres/cash/_/year/2026 | https://www.spotrac.com/mlb/san-diego-padres/contracts | https://www.spotrac.com/mlb/san-diego-padres/tax/_/year/2026,,
2026-07-08T14:16:26+00:00,2026,SD,San Diego Padres,san-diego-padres,Diego Castelo,diegocastelo,https://www.spotrac.com/mlb/player/_/id/105483/diego-castelo,P,17,,,,,2026 Signing Bonus,,,,,,,,,1000000,,1000000,,,,,,,,,,,false,https://www.spotrac.com/mlb/san-diego-padres/cash/_/year/2026,not_found_on_tax_page;not_found_on_contracts_page,
2026-07-08T14:16:26+00:00,2026,SD,San Diego Padres,san-diego-padres,Diego Roldan,diegoroldan,https://www.spotrac.com/mlb/player/_/id/105857/diego-roldan,P,17,,,,,2026 Signing Bonus,,,,,,,,,200000,,200000,,,,,,,,,,,false,https://www.spotrac.com/mlb/san-diego-padres/cash/_/year/2026,not_found_on_tax_page;not_found_on_contracts_page,
2026-07-08T14:16:26+00:00,2026,SD,San Diego Padres,san-diego-padres,Dioscoride Sarit,dioscoridesarit,https://www.spotrac.com/mlb/player/_/id/105937/dioscoride-sarit,P,17,,,,,2026 Signing Bonus,,,,,,,,,50000,,50000,,,,,,,,,,,false,https://www.spotrac.com/mlb/san-diego-padres/cash/_/year/2026,not_found_on_tax_page;not_found_on_contracts_page,
2026-07-08T14:16:26+00:00,2026,SD,San Diego Padres,san-diego-padres,Donavan Tate,donavantate,https://www.spotrac.com/mlb/player/_/id/18444/donavan-tate,LF,35,,,,,2026 Signing Bonus,,,,,,,,,1250000,,1250000,,,,,,,,,,,false,https://www.spotrac.com/mlb/san-diego-padres/cash/_/year/2026,not_found_on_tax_page;not_found_on_contracts_page,
2026-07-08T14:16:26+00:00,2026,SD,San Diego Padres,san-diego-padres,Edward Bonifacio,edwardbonifacio,https://www.spotrac.com/mlb/player/_/id/105600/edward-bonifacio,P,17,,,,,2026 Signing Bonus,,,,,,,,,50000,,50000,,,,,,,,,,,false,https://www.spotrac.com/mlb/san-diego-padres/cash/_/year/2026,not_found_on_tax_page;not_found_on_contracts_page,
2026-07-08T14:16:26+00:00,2026,SD,San Diego Padres,san-diego-padres,Eric Cerantola,ericcerantola,https://www.spotrac.com/mlb/player/_/id/73401/eric-cerantola,RP,,,,,2026 Minor,,,,,Pre-Arbitration,,,,,,,,,,,,,,,672021,SF,Reassigned to Minors,true_other_team,https://www.spotrac.com/mlb/san-diego-padres/tax/_/year/2026,missing_all_money_fields;not_found_on_cash_page;not_found_on_contracts_page,
2026-07-08T14:16:26+00:00,2026,SD,San Diego Padres,san-diego-padres,Fernando Tatis Jr.,fernandotatis,https://www.spotrac.com/mlb/player/_/id/28791/fernando-tatis-jr,RF,27,6.120,,,2026 Active Roster,2026 Active Roster,San Diego Padres Contracts,,,Extension Pre-Arbitration,Extension Pre-Arbitration,,24285714,9.95,20000000,20000000,,,2021,2021,2034,14,340000000,24285714,665487,SD,Active,true,https://www.spotrac.com/mlb/san-diego-padres/cash/_/year/2026 | https://www.spotrac.com/mlb/san-diego-padres/contracts | https://www.spotrac.com/mlb/san-diego-padres/tax/_/year/2026,,
2026-07-08T14:16:26+00:00,2026,SD,San Diego Padres,san-diego-padres,Freddy Fermin,freddyfermin,https://www.spotrac.com/mlb/player/_/id/74749/freddy-fermin,C,31,2.165,,,2026 Injured List,2026 Injured List,San Diego Padres Contracts,,,Arbitration 1 Super Two,Arbitration,,2100000,0.86,2100000,2100000,,,2026,2026,2026,1,2100000,2100000,666023,SD,Injured 10-Day,true,https://www.spotrac.com/mlb/san-diego-padres/cash/_/year/2026 | https://www.spotrac.com/mlb/san-diego-padres/contracts | https://www.spotrac.com/mlb/san-diego-padres/tax/_/year/2026,,
2026-07-08T14:16:26+00:00,2026,SD,San Diego Padres,san-diego-padres,Garrett Hawkins,garretthawkins,https://www.spotrac.com/mlb/player/_/id/73545/garrett-hawkins,RP,,,,,2026 Minor,,,,,Pre-Arbitration,,,,,,,,,,,,,,,678184,SD,Reassigned to Minors,true,https://www.spotrac.com/mlb/san-diego-padres/tax/_/year/2026,missing_all_money_fields;not_found_on_cash_page;not_found_on_contracts_page,
2026-07-08T14:16:26+00:00,2026,SD,San Diego Padres,san-diego-padres,Gavin Sheets,gavinsheets,https://www.spotrac.com/mlb/player/_/id/23258/gavin-sheets,1B,30,4.076,,,2026 Active Roster,2026 Active Roster,San Diego Padres Contracts,,,Arbitration 2,Arbitration,,4500000,1.84,4500000,4500000,,,2026,2026,2026,1,4500000,4500000,657757,SD,Active,true,https://www.spotrac.com/mlb/san-diego-padres/cash/_/year/2026 | https://www.spotrac.com/mlb/san-diego-padres/contracts | https://www.spotrac.com/mlb/san-diego-padres/tax/_/year/2026,,
2026-07-08T14:16:26+00:00,2026,SD,San Diego Padres,san-diego-padres,Germán Márquez,germanmarquez,https://www.spotrac.com/mlb/player/_/id/18355/germ%C3%A1n-m%C3%A1rquez,SP,31,9.027,,,2026 Active Roster,2026 Active Roster,San Diego Padres Contracts,,,Free Agent,Free Agent,,1750000,0.72,1000000,1000000,,,2026,2026,2027,1,1750000,1750000,608566,SD,Active,true,https://www.spotrac.com/mlb/san-diego-padres/cash/_/year/2026 | https://www.spotrac.com/mlb/san-diego-padres/contracts | https://www.spotrac.com/mlb/san-diego-padres/tax/_/year/2026,,
2026-07-08T14:16:26+00:00,2026,SD,San Diego Padres,san-diego-padres,Griffin Canning,griffincanning,https://www.spotrac.com/mlb/player/_/id/23256/griffin-canning,SP,30,6.075,,,2026 Active Roster,2026 Active Roster,San Diego Padres Contracts,,,Free Agent,Free Agent,,2500000,1.02,1000000,1000000,,,2026,2026,2027,1,2500000,2500000,656288,SD,Active,true,https://www.spotrac.com/mlb/san-diego-padres/cash/_/year/2026 | https://www.spotrac.com/mlb/san-diego-padres/contracts | https://www.spotrac.com/mlb/san-diego-padres/tax/_/year/2026,,
2026-07-08T14:16:26+00:00,2026,SD,San Diego Padres,san-diego-padres,JP Sears,jpsears,https://www.spotrac.com/mlb/player/_/id/23551/jp-sears,SP,30,3.065,,,2026 Active Roster,2026 Active Roster,San Diego Padres Contracts,,,Arbitration 1,Arbitration,,2750000,1.13,2750000,2750000,,,2026,2026,2026,1,2750000,2750000,676664,SD,Active,true,https://www.spotrac.com/mlb/san-diego-padres/cash/_/year/2026 | https://www.spotrac.com/mlb/san-diego-padres/contracts | https://www.spotrac.com/mlb/san-diego-padres/tax/_/year/2026,,
2026-07-08T14:16:26+00:00,2026,SD,San Diego Padres,san-diego-padres,Jackson Merrill,jacksonmerrill,https://www.spotrac.com/mlb/player/_/id/73289/jackson-merrill,CF,23,2.000,,,2026 Active Roster,2026 Active Roster,San Diego Padres Contracts,,,Extension Pre-Arbitration,Extension Pre-Arbitration,,15000000,6.15,11000000,1000000,10000000,,2026,2026,2035,9,135000000,15000000,701538,SD,Active,true,https://www.spotrac.com/mlb/san-diego-padres/cash/_/year/2026 | https://www.spotrac.com/mlb/san-diego-padres/contracts | https://www.spotrac.com/mlb/san-diego-padres/tax/_/year/2026,,
2026-07-08T14:16:26+00:00,2026,SD,San Diego Padres,san-diego-padres,Jake Cronenworth,jakecronenworth,https://www.spotrac.com/mlb/player/_/id/35700/jake-cronenworth,2B,32,6.000,,,2026 Active Roster,2026 Active Roster,San Diego Padres Contracts,,,Extension Arbitration,Extension Arbitration,,11428571,4.68,12000000,12000000,,,2024,2024,2030,7,80000000,11428571,630105,SD,Active,true,https://www.spotrac.com/mlb/san-diego-padres/cash/_/year/2026 | https://www.spotrac.com/mlb/san-diego-padres/contracts | https://www.spotrac.com/mlb/san-diego-padres/tax/_/year/2026,,
2026-07-08T14:16:26+00:00,2026,SD,San Diego Padres,san-diego-padres,Jase Bowen,jasebowen,https://www.spotrac.com/mlb/player/_/id/31289/jase-bowen,CF,25,,,,2026 Active Roster,2026 Active Roster,San Diego Padres Contracts,,,Pre-Arbitration,Pre-Arbitration,,488007,0.20,488007,488007,,,2026,2026,2026,1,780000,780000,687749,SD,Active,true,https://www.spotrac.com/mlb/san-diego-padres/cash/_/year/2026 | https://www.spotrac.com/mlb/san-diego-padres/contracts | https://www.spotrac.com/mlb/san-diego-padres/tax/_/year/2026,,
2026-07-08T14:16:26+00:00,2026,SD,San Diego Padres,san-diego-padres,Jason Adam,jasonadam,https://www.spotrac.com/mlb/player/_/id/25669/jason-adam,RP,34,5.132,,,2026 Injured List,2026 Injured List,San Diego Padres Contracts,,,Arbitration 4,Arbitration,,6675000,2.74,6675000,6675000,,,2026,2026,2026,1,6675000,6675000,592094,SD,Injured 15-Day,true,https://www.spotrac.com/mlb/san-diego-padres/cash/_/year/2026 | https://www.spotrac.com/mlb/san-diego-padres/contracts | https://www.spotrac.com/mlb/san-diego-padres/tax/_/year/2026,,
2026-07-08T14:16:26+00:00,2026,SD,San Diego Padres,san-diego-padres,Jeferson Ogando,jefersonogando,https://www.spotrac.com/mlb/player/_/id/105683/jeferson-ogando,P,17,,,,,2026 Signing Bonus,,,,,,,,,75000,,75000,,,,,,,,,,,false,https://www.spotrac.com/mlb/san-diego-padres/cash/_/year/2026,not_found_on_tax_page;not_found_on_contracts_page,
2026-07-08T14:16:26+00:00,2026,SD,San Diego Padres,san-diego-padres,Jeremiah Estrada,jeremiahestrada,https://www.spotrac.com/mlb/player/_/id/23408/jeremiah-estrada,RP,27,2.069,,,2026 Injured List,2026 Injured List,San Diego Padres Contracts,,,Pre-Arbitration,Pre-Arbitration,,809500,0.33,809500,809500,,,2026,2026,2026,1,809500,809500,669093,SD,Injured 15-Day,true,https://www.spotrac.com/mlb/san-diego-padres/cash/_/year/2026 | https://www.spotrac.com/mlb/san-diego-padres/contracts | https://www.spotrac.com/mlb/san-diego-padres/tax/_/year/2026,,
2026-07-08T14:16:26+00:00,2026,SD,San Diego Padres,san-diego-padres,Jhoneiker Leon,jhoneikerleon,https://www.spotrac.com/mlb/player/_/id/105486/jhoneiker-leon,C,17,,,,,2026 Signing Bonus,,,,,,,,,400000,,400000,,,,,,,,,,,false,https://www.spotrac.com/mlb/san-diego-padres/cash/_/year/2026,not_found_on_tax_page;not_found_on_contracts_page,
2026-07-08T14:16:26+00:00,2026,SD,San Diego Padres,san-diego-padres,Jhony Brito,jhonybrito,https://www.spotrac.com/mlb/player/_/id/80088/jhony-brito,RP,28,2.048,,,2026 Active Roster,2026 Active Roster,San Diego Padres Contracts,,,Pre-Arbitration,Pre-Arbitration,,656115,0.27,656115,656115,,,2026,2026,2026,1,791500,791500,666745,SD,Active,true,https://www.spotrac.com/mlb/san-diego-padres/cash/_/year/2026 | https://www.spotrac.com/mlb/san-diego-padres/contracts | https://www.spotrac.com/mlb/san-diego-padres/tax/_/year/2026,,
2026-07-08T14:16:26+00:00,2026,SD,San Diego Padres,san-diego-padres,Joe Musgrove,joemusgrove,https://www.spotrac.com/mlb/player/_/id/18406/joe-musgrove,SP,33,9.063,,,2026 Injured List,2026 Injured List,San Diego Padres Contracts,,,Extension,Extension,,20000000,,20000000,20000000,,,2023,2023,2027,5,100000000,20000000,605397,SD,Injured 60-Day,true,https://www.spotrac.com/mlb/san-diego-padres/cash/_/year/2026 | https://www.spotrac.com/mlb/san-diego-padres/contracts | https://www.spotrac.com/mlb/san-diego-padres/tax/_/year/2026,,
2026-07-08T14:16:26+00:00,2026,SD,San Diego Padres,san-diego-padres,Joel Gonzalez,joelgonzalez,https://www.spotrac.com/mlb/player/_/id/105684/joel-gonzalez,P,18,,,,,2026 Signing Bonus,,,,,,,,,100000,,100000,,,,,,,,,,,false,https://www.spotrac.com/mlb/san-diego-padres/cash/_/year/2026,not_found_on_tax_page;not_found_on_contracts_page,
2026-07-08T14:16:26+00:00,2026,SD,San Diego Padres,san-diego-padres,Joniel Hernandez,jonielhernandez,https://www.spotrac.com/mlb/player/_/id/105482/joniel-hernandez,SS,17,,,,,2026 Signing Bonus,,,,,,,,,1400000,,1400000,,,,,,,,,,,false,https://www.spotrac.com/mlb/san-diego-padres/cash/_/year/2026,not_found_on_tax_page;not_found_on_contracts_page,
2026-07-08T14:16:26+00:00,2026,SD,San Diego Padres,san-diego-padres,Jordan Perez,jordanperez,https://www.spotrac.com/mlb/player/_/id/105487/jordan-perez,P,17,,,,,2026 Signing Bonus,,,,,,,,,300000,,300000,,,,,,,,,,,false,https://www.spotrac.com/mlb/san-diego-padres/cash/_/year/2026,not_found_on_tax_page;not_found_on_contracts_page,
2026-07-08T14:16:26+00:00,2026,SD,San Diego Padres,san-diego-padres,Kyle Hart,kylehart,https://www.spotrac.com/mlb/player/_/id/35717/kyle-hart,RP,33,1.022,,,2026 Active Roster,2026 Active Roster,San Diego Padres Contracts,,,Free Agent,Free Agent,,1200000,0.49,1000000,1000000,,,2026,2026,2027,1,1200000,1200000,606996,SD,Active,true,https://www.spotrac.com/mlb/san-diego-padres/cash/_/year/2026 | https://www.spotrac.com/mlb/san-diego-padres/contracts | https://www.spotrac.com/mlb/san-diego-padres/tax/_/year/2026,,
2026-07-08T14:16:26+00:00,2026,SD,San Diego Padres,san-diego-padres,Lucas Giolito,lucasgiolito,https://www.spotrac.com/mlb/player/_/id/20518/lucas-giolito,SP,31,8.080,,,2026 Injured List,2026 Injured List,San Diego Padres Contracts,,,Free Agent,Free Agent,,3000000,1.23,1500000,1500000,,,2026,2026,2027,1,3000000,3000000,608337,SD,Injured 15-Day,true,https://www.spotrac.com/mlb/san-diego-padres/cash/_/year/2026 | https://www.spotrac.com/mlb/san-diego-padres/contracts | https://www.spotrac.com/mlb/san-diego-padres/tax/_/year/2026,,
2026-07-08T14:16:26+00:00,2026,SD,San Diego Padres,san-diego-padres,Luis Campusano,luiscampusano,https://www.spotrac.com/mlb/player/_/id/23248/luis-campusano,C,27,3.003,,,2026 Active Roster,2026 Active Roster,San Diego Padres Contracts,,,Arbitration 2 Super Two,Arbitration,,900000,0.37,900000,900000,,,2026,2026,2026,1,900000,900000,669134,SD,Active,true,https://www.spotrac.com/mlb/san-diego-padres/cash/_/year/2026 | https://www.spotrac.com/mlb/san-diego-padres/contracts | https://www.spotrac.com/mlb/san-diego-padres/tax/_/year/2026,,
2026-07-08T14:16:26+00:00,2026,SD,San Diego Padres,san-diego-padres,Luis Rodriguez,luisrodriguez,https://www.spotrac.com/mlb/player/_/id/105936/luis-rodriguez,OF,17,,,,,2026 Signing Bonus,,,,,,,,,50000,,50000,,,,,,,,,,,false,https://www.spotrac.com/mlb/san-diego-padres/cash/_/year/2026,not_found_on_tax_page;not_found_on_contracts_page,
2026-07-08T14:16:26+00:00,2026,SD,San Diego Padres,san-diego-padres,Manny Machado,mannymachado,https://www.spotrac.com/mlb/player/_/id/11638/manny-machado,3B,33,13.056,,,2026 Active Roster,2026 Active Roster,San Diego Padres Contracts,,,Extension,Extension,,31818182,13.04,21000000,21000000,,,2023,2023,2033,11,350000000,31818182,592518,SD,Active,true,https://www.spotrac.com/mlb/san-diego-padres/cash/_/year/2026 | https://www.spotrac.com/mlb/san-diego-padres/contracts | https://www.spotrac.com/mlb/san-diego-padres/tax/_/year/2026,,
2026-07-08T14:16:26+00:00,2026,SD,San Diego Padres,san-diego-padres,Mason McCoy,masonmccoy,https://www.spotrac.com/mlb/player/_/id/23401/mason-mccoy,SS,,0.144,,,2026 Minor,,,,,Pre-Arbitration,,,,,,,,,,,,,,,669200,SD,Reassigned to Minors,true,https://www.spotrac.com/mlb/san-diego-padres/tax/_/year/2026,missing_all_money_fields;not_found_on_cash_page;not_found_on_contracts_page,
2026-07-08T14:16:26+00:00,2026,SD,San Diego Padres,san-diego-padres,Mason Miller,masonmiller,https://www.spotrac.com/mlb/player/_/id/73359/mason-miller,RP,27,2.166,,,2026 Active Roster,2026 Active Roster,San Diego Padres Contracts,,,Arbitration 2 Super Two,Arbitration,,4000000,1.64,4000000,4000000,,,2026,2026,2026,1,4000000,4000000,695243,SD,Active,true,https://www.spotrac.com/mlb/san-diego-padres/cash/_/year/2026 | https://www.spotrac.com/mlb/san-diego-padres/contracts | https://www.spotrac.com/mlb/san-diego-padres/tax/_/year/2026,,
2026-07-08T14:16:26+00:00,2026,SD,San Diego Padres,san-diego-padres,Matt Waldron,mattwaldron,https://www.spotrac.com/mlb/player/_/id/74947/matt-waldron,SP,29,1.107,,,2026 Injured List,2026 Injured List,San Diego Padres Contracts,,,Pre-Arbitration,Pre-Arbitration,,796800,0.33,796800,796800,,,2026,2026,2026,1,796800,796800,663362,SD,Injured 15-Day,true,https://www.spotrac.com/mlb/san-diego-padres/cash/_/year/2026 | https://www.spotrac.com/mlb/san-diego-padres/contracts | https://www.spotrac.com/mlb/san-diego-padres/tax/_/year/2026,,
2026-07-08T14:16:26+00:00,2026,SD,San Diego Padres,san-diego-padres,Michael King,michaelking,https://www.spotrac.com/mlb/player/_/id/28931/michael-king,SP,31,6.004,,,2026 Active Roster,2026 Active Roster,San Diego Padres Contracts,,,Free Agent,Free Agent,,25000000,10.25,17000000,5000000,12000000,,2026,2026,2028,3,75000000,25000000,650633,SD,Active,true,https://www.spotrac.com/mlb/san-diego-padres/cash/_/year/2026 | https://www.spotrac.com/mlb/san-diego-padres/contracts | https://www.spotrac.com/mlb/san-diego-padres/tax/_/year/2026,,
2026-07-08T14:16:26+00:00,2026,SD,San Diego Padres,san-diego-padres,Miguel Andujar,miguelandujar,https://www.spotrac.com/mlb/player/_/id/18503/miguel-andujar,OF,31,6.053,,,2026 Active Roster,2026 Active Roster,San Diego Padres Contracts,,,Free Agent,Free Agent,,4000000,1.64,1700000,1500000,,,2026,2026,2027,1,4000000,4000000,609280,SD,Active,true,https://www.spotrac.com/mlb/san-diego-padres/cash/_/year/2026 | https://www.spotrac.com/mlb/san-diego-padres/contracts | https://www.spotrac.com/mlb/san-diego-padres/tax/_/year/2026,,
2026-07-08T14:16:26+00:00,2026,SD,San Diego Padres,san-diego-padres,Miguel Mendez,miguelmendez,https://www.spotrac.com/mlb/player/_/id/88027/miguel-mendez,SP,,,,,2026 Minor,,,,,Pre-Arbitration,,,,,,,,,,,,,,,700280,SD,Reassigned to Minors,true,https://www.spotrac.com/mlb/san-diego-padres/tax/_/year/2026,missing_all_money_fields;not_found_on_cash_page;not_found_on_contracts_page,
2026-07-08T14:16:26+00:00,2026,SD,San Diego Padres,san-diego-padres,Nick Castellanos,nickcastellanos,https://www.spotrac.com/mlb/player/_/id/14145/nick-castellanos,RF,34,12.029,,,2026 Dead Money,2026 Dead Money,,,,,,,296141,0.12,296141,296141,,,,,,,,,,,,false,https://www.spotrac.com/mlb/san-diego-padres/cash/_/year/2026 | https://www.spotrac.com/mlb/san-diego-padres/tax/_/year/2026,not_found_on_contracts_page,
2026-07-08T14:16:26+00:00,2026,SD,San Diego Padres,san-diego-padres,Nick Pivetta,nickpivetta,https://www.spotrac.com/mlb/player/_/id/21218/nick-pivetta,SP,33,7.166,,,2026 Injured List,2026 Injured List,San Diego Padres Contracts,,,Free Agent,Free Agent,,13750000,,19000000,19000000,,,2025,2025,2028,4,55000000,13750000,601713,SD,Injured 60-Day,true,https://www.spotrac.com/mlb/san-diego-padres/cash/_/year/2026 | https://www.spotrac.com/mlb/san-diego-padres/contracts | https://www.spotrac.com/mlb/san-diego-padres/tax/_/year/2026,,
2026-07-08T14:16:26+00:00,2026,SD,San Diego Padres,san-diego-padres,Nick Solak,nicksolak,https://www.spotrac.com/mlb/player/_/id/20194/nick-solak,LF,31,2.150,,,2026 Dead Money,2026 Dead Money,,,,,,,36360,0.01,36360,36360,,,,,,,,,,,,false,https://www.spotrac.com/mlb/san-diego-padres/cash/_/year/2026 | https://www.spotrac.com/mlb/san-diego-padres/tax/_/year/2026,not_found_on_contracts_page,
2026-07-08T14:16:26+00:00,2026,SD,San Diego Padres,san-diego-padres,Osmy Osorio,osmyosorio,https://www.spotrac.com/mlb/player/_/id/105682/osmy-osorio,SS,17,,,,,2026 Signing Bonus,,,,,,,,,75000,,75000,,,,,,,,,,,false,https://www.spotrac.com/mlb/san-diego-padres/cash/_/year/2026,not_found_on_tax_page;not_found_on_contracts_page,
2026-07-08T14:16:26+00:00,2026,SD,San Diego Padres,san-diego-padres,Rafael Moran,rafaelmoran,https://www.spotrac.com/mlb/player/_/id/105681/rafael-moran,OF,17,,,,,2026 Signing Bonus,,,,,,,,,10000,,10000,,,,,,,,,,,false,https://www.spotrac.com/mlb/san-diego-padres/cash/_/year/2026,not_found_on_tax_page;not_found_on_contracts_page,
2026-07-08T14:16:26+00:00,2026,SD,San Diego Padres,san-diego-padres,Ramon Laureano,ramonlaureano,https://www.spotrac.com/mlb/player/_/id/24637/ramon-laureano,LF,31,6.159,,,2026 Injured List,2026 Injured List,San Diego Padres Contracts,,,Free Agent,Free Agent,,6500000,,6500000,6500000,,,2025,2025,2026,1,4000000,4000000,657656,SD,Injured 60-Day,true,https://www.spotrac.com/mlb/san-diego-padres/cash/_/year/2026 | https://www.spotrac.com/mlb/san-diego-padres/contracts | https://www.spotrac.com/mlb/san-diego-padres/tax/_/year/2026,,
2026-07-08T14:16:26+00:00,2026,SD,San Diego Padres,san-diego-padres,Randy Vasquez,randyvasquez,https://www.spotrac.com/mlb/player/_/id/31905/randy-vasquez,SP,27,1.129,,,2026 Injured List,2026 Injured List,San Diego Padres Contracts,,,Pre-Arbitration,Pre-Arbitration,,808800,0.33,808800,808800,,,2026,2026,2026,1,808800,808800,681190,SD,Injured 15-Day,true,https://www.spotrac.com/mlb/san-diego-padres/cash/_/year/2026 | https://www.spotrac.com/mlb/san-diego-padres/contracts | https://www.spotrac.com/mlb/san-diego-padres/tax/_/year/2026,,
2026-07-08T14:16:26+00:00,2026,SD,San Diego Padres,san-diego-padres,Ricardo De La Paz,ricardodelapaz,https://www.spotrac.com/mlb/player/_/id/105601/ricardo-de-la-paz,OF,16,,,,,2026 Signing Bonus,,,,,,,,,325000,,325000,,,,,,,,,,,false,https://www.spotrac.com/mlb/san-diego-padres/cash/_/year/2026,not_found_on_tax_page;not_found_on_contracts_page,
2026-07-08T14:16:26+00:00,2026,SD,San Diego Padres,san-diego-padres,Rickelby Ramos,rickelbyramos,https://www.spotrac.com/mlb/player/_/id/105595/rickelby-ramos,P,17,,,,,2026 Signing Bonus,,,,,,,,,75000,,75000,,,,,,,,,,,false,https://www.spotrac.com/mlb/san-diego-padres/cash/_/year/2026,not_found_on_tax_page;not_found_on_contracts_page,
2026-07-08T14:16:26+00:00,2026,SD,San Diego Padres,san-diego-padres,Rodolfo Durán,rodolfoduran,https://www.spotrac.com/mlb/player/_/id/74672/rodolfo-dur%C3%A1n,C,28,,,,2026 Active Roster,2026 Active Roster,San Diego Padres Contracts,,,Pre-Arbitration,Pre-Arbitration,,596453,0.24,596453,596453,,,2026,2026,2026,1,780000,780000,660710,SD,Active,true,https://www.spotrac.com/mlb/san-diego-padres/cash/_/year/2026 | https://www.spotrac.com/mlb/san-diego-padres/contracts | https://www.spotrac.com/mlb/san-diego-padres/tax/_/year/2026,,
2026-07-08T14:16:26+00:00,2026,SD,San Diego Padres,san-diego-padres,Ron Marinaccio,ronmarinaccio,https://www.spotrac.com/mlb/player/_/id/74683/ron-marinaccio,RP,31,2.064,,,2026 Active Roster,2026 Active Roster,San Diego Padres Contracts,,,Pre-Arbitration,Pre-Arbitration,,807650,0.33,807650,807650,,,2026,2026,2026,1,807650,807650,676760,SD,Active,true,https://www.spotrac.com/mlb/san-diego-padres/cash/_/year/2026 | https://www.spotrac.com/mlb/san-diego-padres/contracts | https://www.spotrac.com/mlb/san-diego-padres/tax/_/year/2026,,
2026-07-08T14:16:26+00:00,2026,SD,San Diego Padres,san-diego-padres,Samad Taylor,samadtaylor,https://www.spotrac.com/mlb/player/_/id/20076/samad-taylor,SS,28,0.078,,,2026 Active Roster,2026 Active Roster,San Diego Padres Contracts,,,Pre-Arbitration,Pre-Arbitration,,483836,0.20,483836,483836,,,2026,2026,2026,1,780000,780000,669392,SD,Active,true,https://www.spotrac.com/mlb/san-diego-padres/cash/_/year/2026 | https://www.spotrac.com/mlb/san-diego-padres/contracts | https://www.spotrac.com/mlb/san-diego-padres/tax/_/year/2026,,
2026-07-08T14:16:26+00:00,2026,SD,San Diego Padres,san-diego-padres,Sung Mun Song,sungmunsong,https://www.spotrac.com/mlb/player/_/id/101015/sung-mun-song,INF,29,,,,2026 Active Roster,2026 Active Roster,San Diego Padres Contracts,,,Free Agent Foreign Professional,Free Agent Foreign Professional,,3750000,1.54,3000000,2500000,500000,,2026,2026,2030,4,15000000,3750000,823550,SD,Active,true,https://www.spotrac.com/mlb/san-diego-padres/cash/_/year/2026 | https://www.spotrac.com/mlb/san-diego-padres/contracts | https://www.spotrac.com/mlb/san-diego-padres/tax/_/year/2026,,
2026-07-08T14:16:26+00:00,2026,SD,San Diego Padres,san-diego-padres,Timothy Mogen,timothymogen,https://www.spotrac.com/mlb/player/_/id/105863/timothy-mogen,SS,17,,,,,2026 Signing Bonus,,,,,,,,,600000,,600000,,,,,,,,,,,false,https://www.spotrac.com/mlb/san-diego-padres/cash/_/year/2026,not_found_on_tax_page;not_found_on_contracts_page,
2026-07-08T14:16:26+00:00,2026,SD,San Diego Padres,san-diego-padres,Ty Adcock,tyadcock,https://www.spotrac.com/mlb/player/_/id/31193/ty-adcock,RP,29,,,,,2026 Minor,,,,,,,,,850000,850000,,,,,,,,,,,,false,https://www.spotrac.com/mlb/san-diego-padres/cash/_/year/2026,not_found_on_tax_page;not_found_on_contracts_page,
2026-07-08T14:16:26+00:00,2026,SD,San Diego Padres,san-diego-padres,Ty France,tyfrance,https://www.spotrac.com/mlb/player/_/id/28165/ty-france,1B,31,6.089,,,2026 Active Roster,2026 Active Roster,San Diego Padres Contracts,,,Free Agent,Free Agent,,1350000,0.55,1350000,1350000,,,2026,2026,2026,1,1350000,1350000,664034,SD,Active,true,https://www.spotrac.com/mlb/san-diego-padres/cash/_/year/2026 | https://www.spotrac.com/mlb/san-diego-padres/contracts | https://www.spotrac.com/mlb/san-diego-padres/tax/_/year/2026,,
2026-07-08T14:16:26+00:00,2026,SD,San Diego Padres,san-diego-padres,Walker Buehler,walkerbuehler,https://www.spotrac.com/mlb/player/_/id/17639/walker-buehler,SP,31,7.168,,,2026 Active Roster,2026 Active Roster,San Diego Padres Contracts,,,Free Agent,Free Agent,,1500000,0.61,1500000,1500000,,,2026,2026,2026,1,1500000,1500000,621111,SD,Active,true,https://www.spotrac.com/mlb/san-diego-padres/cash/_/year/2026 | https://www.spotrac.com/mlb/san-diego-padres/contracts | https://www.spotrac.com/mlb/san-diego-padres/tax/_/year/2026,,
2026-07-08T14:16:26+00:00,2026,SD,San Diego Padres,san-diego-padres,Wandy Peralta,wandyperalta,https://www.spotrac.com/mlb/player/_/id/21041/wandy-peralta,RP,34,8.168,,,2026 Active Roster,2026 Active Roster,San Diego Padres Contracts,,,Free Agent,Free Agent,,4125000,1.69,4450000,4450000,,,2024,2024,2027,4,16500000,4125000,593974,SD,Active,true,https://www.spotrac.com/mlb/san-diego-padres/cash/_/year/2026 | https://www.spotrac.com/mlb/san-diego-padres/contracts | https://www.spotrac.com/mlb/san-diego-padres/tax/_/year/2026,,
2026-07-08T14:16:26+00:00,2026,SD,San Diego Padres,san-diego-padres,Will Wagner,willwagner,https://www.spotrac.com/mlb/player/_/id/73663/will-wagner,2B,27,0.151,,,2026 Minor,2026 Minor,,,,Pre-Arbitration,,,268160,0.11,268160,268160,,,,,,,,,695238,SD,Reassigned to Minors,true,https://www.spotrac.com/mlb/san-diego-padres/cash/_/year/2026 | https://www.spotrac.com/mlb/san-diego-padres/tax/_/year/2026,not_found_on_contracts_page,
2026-07-08T14:16:26+00:00,2026,SD,San Diego Padres,san-diego-padres,Xander Bogaerts,xanderbogaerts,https://www.spotrac.com/mlb/player/_/id/14035/xander-bogaerts,SS,33,12.042,,,2026 Active Roster,2026 Active Roster,San Diego Padres Contracts,,,Free Agent,Free Agent,,25454545,10.43,25000000,25000000,,,2023,2023,2033,11,280000000,25454545,593428,SD,Active,true,https://www.spotrac.com/mlb/san-diego-padres/cash/_/year/2026 | https://www.spotrac.com/mlb/san-diego-padres/contracts | https://www.spotrac.com/mlb/san-diego-padres/tax/_/year/2026,,
2026-07-08T14:16:26+00:00,2026,SD,San Diego Padres,san-diego-padres,Yoel Duarte,yoelduarte,https://www.spotrac.com/mlb/player/_/id/105485/yoel-duarte,P,17,,,,,2026 Signing Bonus,,,,,,,,,150000,,150000,,,,,,,,,,,false,https://www.spotrac.com/mlb/san-diego-padres/cash/_/year/2026,not_found_on_tax_page;not_found_on_contracts_page,
2026-07-08T14:16:26+00:00,2026,SD,San Diego Padres,san-diego-padres,Yu Darvish,yudarvish,https://www.spotrac.com/mlb/player/_/id/8680/yu-darvish,SP,39,13.146,,,2026 Retained,2026 Suspended/Restricted,San Diego Padres Contracts,,,Retained,Extension,,3000000,,15000000,15000000,,,2023,2023,2028,6,108000000,18000000,,,,false,https://www.spotrac.com/mlb/san-diego-padres/cash/_/year/2026 | https://www.spotrac.com/mlb/san-diego-padres/contracts | https://www.spotrac.com/mlb/san-diego-padres/tax/_/year/2026,,
2026-07-08T14:16:26+00:00,2026,SD,San Diego Padres,san-diego-padres,Yuki Matsui,yukimatsui,https://www.spotrac.com/mlb/player/_/id/86416/yuki-matsui,RP,30,2.000,,,2026 Active Roster,2026 Active Roster,San Diego Padres Contracts,,,Free Agent Foreign Professional,Free Agent Foreign Professional,,5600000,2.30,5750000,5750000,,,2024,2024,2028,5,28000000,5600000,673513,SD,Active,true,https://www.spotrac.com/mlb/san-diego-padres/cash/_/year/2026 | https://www.spotrac.com/mlb/san-diego-padres/contracts | https://www.spotrac.com/mlb/san-diego-padres/tax/_/year/2026,,
2026-07-08T14:16:26+00:00,2026,SEA,Seattle Mariners,seattle-mariners,Alex Hoppe,alexhoppe,https://www.spotrac.com/mlb/player/_/id/78772/alex-hoppe,RP,27,,,,2026 Minor,2026 Minor,,,,Pre-Arbitration,,,279457,0.11,279457,279457,,,,,,,,,695380,SEA,Reassigned to Minors,true,https://www.spotrac.com/mlb/seattle-mariners/cash/_/year/2026 | https://www.spotrac.com/mlb/seattle-mariners/tax/_/year/2026,not_found_on_contracts_page,
2026-07-08T14:16:26+00:00,2026,SEA,Seattle Mariners,seattle-mariners,Ambeiro Recio,ambeirorecio,https://www.spotrac.com/mlb/player/_/id/105496/ambeiro-recio,OF,17,,,,,2026 Signing Bonus,,,,,,,,,300000,,300000,,,,,,,,,,,false,https://www.spotrac.com/mlb/seattle-mariners/cash/_/year/2026,not_found_on_tax_page;not_found_on_contracts_page,
2026-07-08T14:16:26+00:00,2026,SEA,Seattle Mariners,seattle-mariners,Andres Munoz,andresmunoz,https://www.spotrac.com/mlb/player/_/id/32385/andres-munoz,RP,27,6.080,,,2026 Active Roster,2026 Active Roster,Seattle Mariners Contracts,,,Extension Pre-Arbitration,Extension Pre-Arbitration,,7000000,2.87,7500000,7000000,,,2022,2022,2028,4,7500000,1875000,662253,SEA,Active,true,https://www.spotrac.com/mlb/seattle-mariners/cash/_/year/2026 | https://www.spotrac.com/mlb/seattle-mariners/contracts | https://www.spotrac.com/mlb/seattle-mariners/tax/_/year/2026,,
2026-07-08T14:16:26+00:00,2026,SEA,Seattle Mariners,seattle-mariners,Andrew Knizner,andrewknizner,https://www.spotrac.com/mlb/player/_/id/20184/andrew-knizner,C,31,5.090,,,2026 Retained,2026 Retained,,,,Retained,,,1000000,,1000000,1000000,,,,,,,,,,,,false,https://www.spotrac.com/mlb/seattle-mariners/cash/_/year/2026 | https://www.spotrac.com/mlb/seattle-mariners/tax/_/year/2026,not_found_on_contracts_page,
2026-07-08T14:16:26+00:00,2026,SEA,Seattle Mariners,seattle-mariners,Brendan Donovan,brendandonovan,https://www.spotrac.com/mlb/player/_/id/26246/brendan-donovan,3B,29,4.000,,,2026 Injured List,2026 Injured List,Seattle Mariners Contracts,,,Arbitration 2,Arbitration,,5800000,2.38,5800000,5800000,,,2026,2026,2026,1,5800000,5800000,680977,SEA,Injured 10-Day,true,https://www.spotrac.com/mlb/seattle-mariners/cash/_/year/2026 | https://www.spotrac.com/mlb/seattle-mariners/contracts | https://www.spotrac.com/mlb/seattle-mariners/tax/_/year/2026,,
2026-07-08T14:16:26+00:00,2026,SEA,Seattle Mariners,seattle-mariners,Brennen Davis,brennendavis,https://www.spotrac.com/mlb/player/_/id/26085/brennen-davis,OF,,0.017,,,2026 Minor,,,,,Pre-Arbitration,,,,,,,,,,,,,,,680695,SEA,Reassigned to Minors,true,https://www.spotrac.com/mlb/seattle-mariners/tax/_/year/2026,missing_all_money_fields;not_found_on_cash_page;not_found_on_contracts_page,
2026-07-08T14:16:26+00:00,2026,SEA,Seattle Mariners,seattle-mariners,Bryan Woo,bryanwoo,https://www.spotrac.com/mlb/player/_/id/73436/bryan-woo,SP,26,2.121,,,2026 Active Roster,2026 Active Roster,Seattle Mariners Contracts,,,Pre-Arbitration,Pre-Arbitration,,831600,0.34,831600,831600,,,2026,2026,2026,1,831600,831600,693433,SEA,Active,true,https://www.spotrac.com/mlb/seattle-mariners/cash/_/year/2026 | https://www.spotrac.com/mlb/seattle-mariners/contracts | https://www.spotrac.com/mlb/seattle-mariners/tax/_/year/2026,,
2026-07-08T14:16:26+00:00,2026,SEA,Seattle Mariners,seattle-mariners,Bryce Miller,brycemiller,https://www.spotrac.com/mlb/player/_/id/73376/bryce-miller,SP,27,2.153,,,2026 Active Roster,2026 Active Roster,Seattle Mariners Contracts,,,Arbitration 1 Super Two,Arbitration,,2452500,1.01,2437500,2437500,,,2026,2026,2027,1,2452500,2452500,682243,SEA,Active,true,https://www.spotrac.com/mlb/seattle-mariners/cash/_/year/2026 | https://www.spotrac.com/mlb/seattle-mariners/contracts | https://www.spotrac.com/mlb/seattle-mariners/tax/_/year/2026,,
2026-07-08T14:16:26+00:00,2026,SEA,Seattle Mariners,seattle-mariners,Buddy Kennedy,buddykennedy,https://www.spotrac.com/mlb/player/_/id/23355/buddy-kennedy,2B,27,1.006,,,2026 Active Roster,2026 Active Roster,Seattle Mariners Contracts,,,Free Agent,Free Agent,,375390,0.15,375390,375390,,,2026,2026,2026,1,780000,780000,671083,SEA,Active,true,https://www.spotrac.com/mlb/seattle-mariners/cash/_/year/2026 | https://www.spotrac.com/mlb/seattle-mariners/contracts | https://www.spotrac.com/mlb/seattle-mariners/tax/_/year/2026,,
2026-07-08T14:16:26+00:00,2026,SEA,Seattle Mariners,seattle-mariners,Cal Raleigh,calraleigh,https://www.spotrac.com/mlb/player/_/id/26119/cal-raleigh,C,29,4.085,,,2026 Active Roster,2026 Active Roster,Seattle Mariners Contracts,,,Extension Arbitration,Extension Arbitration,,17500000,7.17,11000000,11000000,,,2025,2025,2030,6,105000000,17500000,663728,SEA,Active,true,https://www.spotrac.com/mlb/seattle-mariners/cash/_/year/2026 | https://www.spotrac.com/mlb/seattle-mariners/contracts | https://www.spotrac.com/mlb/seattle-mariners/tax/_/year/2026,,
2026-07-08T14:16:26+00:00,2026,SEA,Seattle Mariners,seattle-mariners,Carlos Vargas,carlosvargas,https://www.spotrac.com/mlb/player/_/id/20577/carlos-vargas,RP,26,1.140,,,2026 Injured List,2026 Injured List,Seattle Mariners Contracts,,,Pre-Arbitration,Pre-Arbitration,,790100,,790100,790100,,,2026,2026,2026,1,790100,790100,672841,SEA,Injured 60-Day,true,https://www.spotrac.com/mlb/seattle-mariners/cash/_/year/2026 | https://www.spotrac.com/mlb/seattle-mariners/contracts | https://www.spotrac.com/mlb/seattle-mariners/tax/_/year/2026,,
2026-07-08T14:16:26+00:00,2026,SEA,Seattle Mariners,seattle-mariners,Casey Legumina,caseylegumina,https://www.spotrac.com/mlb/player/_/id/31186/casey-legumina,RP,29,1.111,,,2026 Dead Money,2026 Dead Money,,,,,,,117974,0.05,117974,117974,,,,,,,,,668984,TB,Active,true_other_team,https://www.spotrac.com/mlb/seattle-mariners/cash/_/year/2026 | https://www.spotrac.com/mlb/seattle-mariners/tax/_/year/2026,not_found_on_contracts_page,
2026-07-08T14:16:26+00:00,2026,SEA,Seattle Mariners,seattle-mariners,Cole Wilcox,colewilcox,https://www.spotrac.com/mlb/player/_/id/48436/cole-wilcox,RP,26,0.012,,,2026 Active Roster,2026 Active Roster,Seattle Mariners Contracts,,,Pre-Arbitration,Pre-Arbitration,,542230,0.22,542230,542230,,,2026,2026,2026,1,780000,780000,677961,SEA,Active,true,https://www.spotrac.com/mlb/seattle-mariners/cash/_/year/2026 | https://www.spotrac.com/mlb/seattle-mariners/contracts | https://www.spotrac.com/mlb/seattle-mariners/tax/_/year/2026,,
2026-07-08T14:16:26+00:00,2026,SEA,Seattle Mariners,seattle-mariners,Cole Young,coleyoung,https://www.spotrac.com/mlb/player/_/id/78010/cole-young,2B,22,0.121,,,2026 Active Roster,2026 Active Roster,Seattle Mariners Contracts,,,Pre-Arbitration,Pre-Arbitration,,786100,0.32,786100,786100,,,2026,2026,2026,1,786100,786100,702284,SEA,Active,true,https://www.spotrac.com/mlb/seattle-mariners/cash/_/year/2026 | https://www.spotrac.com/mlb/seattle-mariners/contracts | https://www.spotrac.com/mlb/seattle-mariners/tax/_/year/2026,,
2026-07-08T14:16:26+00:00,2026,SEA,Seattle Mariners,seattle-mariners,Colt Emerson,coltemerson,https://www.spotrac.com/mlb/player/_/id/84779/colt-emerson,SS,20,,,,2026 Active Roster,2026 Active Roster,Seattle Mariners Contracts,,,Extension Pre-Arbitration,Extension Pre-Arbitration,,11875000,4.87,9000000,1000000,8000000,,2026,2026,2034,8,95000000,11875000,806068,SEA,Active,true,https://www.spotrac.com/mlb/seattle-mariners/cash/_/year/2026 | https://www.spotrac.com/mlb/seattle-mariners/contracts | https://www.spotrac.com/mlb/seattle-mariners/tax/_/year/2026,,
2026-07-08T14:16:26+00:00,2026,SEA,Seattle Mariners,seattle-mariners,Connor Joe,connorjoe,https://www.spotrac.com/mlb/player/_/id/28251/connor-joe,1B,33,4.068,,,2026 Minor,2026 Minor,,,,Free Agent,,,227250,0.09,227250,227250,,,,,,,,,656582,SEA,Reassigned to Minors,true,https://www.spotrac.com/mlb/seattle-mariners/cash/_/year/2026 | https://www.spotrac.com/mlb/seattle-mariners/tax/_/year/2026,not_found_on_contracts_page,
2026-07-08T14:16:26+00:00,2026,SEA,Seattle Mariners,seattle-mariners,Cooper Criswell,coopercriswell,https://www.spotrac.com/mlb/player/_/id/27608/cooper-criswell,RP,29,1.143,,,2026 Injured List,2026 Injured List,Seattle Mariners Contracts,,,Pre-Arbitration,Pre-Arbitration,,800000,,800000,800000,,,2026,2026,2026,1,800000,800000,681867,SEA,Injured 60-Day,true,https://www.spotrac.com/mlb/seattle-mariners/cash/_/year/2026 | https://www.spotrac.com/mlb/seattle-mariners/contracts | https://www.spotrac.com/mlb/seattle-mariners/tax/_/year/2026,,
2026-07-08T14:16:26+00:00,2026,SEA,Seattle Mariners,seattle-mariners,Curtis Washington Jr.,curtiswashington,https://www.spotrac.com/mlb/player/_/id/79155/curtis-washington-jr,OF,26,,,,2026 Minor,2026 Minor,,,,Pre-Arbitration,,,4171,,4171,4171,,,,,,,,,,,,false,https://www.spotrac.com/mlb/seattle-mariners/cash/_/year/2026 | https://www.spotrac.com/mlb/seattle-mariners/tax/_/year/2026,not_found_on_contracts_page,
2026-07-08T14:16:26+00:00,2026,SEA,Seattle Mariners,seattle-mariners,Domingo Gonzalez,domingogonzalez,https://www.spotrac.com/mlb/player/_/id/95808/domingo-gonzalez,RP,26,,,,2026 Minor,2026 Minor,,,,Pre-Arbitration,,,33368,,517204,483836,33368,,,,,,,,,,,false,https://www.spotrac.com/mlb/seattle-mariners/cash/_/year/2026 | https://www.spotrac.com/mlb/seattle-mariners/tax/_/year/2026,not_found_on_contracts_page,
2026-07-08T14:16:26+00:00,2026,SEA,Seattle Mariners,seattle-mariners,Dominic Canzone,dominiccanzone,https://www.spotrac.com/mlb/player/_/id/31189/dominic-canzone,RF,28,2.014,,,2026 Active Roster,2026 Active Roster,Seattle Mariners Contracts,,,Pre-Arbitration,Pre-Arbitration,,796600,0.33,796600,796600,,,2026,2026,2026,1,796600,796600,686527,SEA,Active,true,https://www.spotrac.com/mlb/seattle-mariners/cash/_/year/2026 | https://www.spotrac.com/mlb/seattle-mariners/contracts | https://www.spotrac.com/mlb/seattle-mariners/tax/_/year/2026,,
2026-07-08T14:16:26+00:00,2026,SEA,Seattle Mariners,seattle-mariners,Eduard Bazardo,eduardbazardo,https://www.spotrac.com/mlb/player/_/id/70746/eduard-bazardo,RP,30,2.118,,,2026 Active Roster,2026 Active Roster,Seattle Mariners Contracts,,,Pre-Arbitration,Pre-Arbitration,,923000,0.38,923000,923000,,,2026,2026,2026,1,923000,923000,660825,SEA,Active,true,https://www.spotrac.com/mlb/seattle-mariners/cash/_/year/2026 | https://www.spotrac.com/mlb/seattle-mariners/contracts | https://www.spotrac.com/mlb/seattle-mariners/tax/_/year/2026,,
2026-07-08T14:16:26+00:00,2026,SEA,Seattle Mariners,seattle-mariners,Emerson Hancock,emersonhancock,https://www.spotrac.com/mlb/player/_/id/48361/emerson-hancock,SP,27,1.059,,,2026 Active Roster,2026 Active Roster,Seattle Mariners Contracts,,,Pre-Arbitration,Pre-Arbitration,,793300,0.33,793300,793300,,,2026,2026,2026,1,793300,793300,676106,SEA,Active,true,https://www.spotrac.com/mlb/seattle-mariners/cash/_/year/2026 | https://www.spotrac.com/mlb/seattle-mariners/contracts | https://www.spotrac.com/mlb/seattle-mariners/tax/_/year/2026,,
2026-07-08T14:16:26+00:00,2026,SEA,Seattle Mariners,seattle-mariners,Gabe Speier,gabespeier,https://www.spotrac.com/mlb/player/_/id/28875/gabe-speier,RP,31,4.000,,,2026 Active Roster,2026 Active Roster,Seattle Mariners Contracts,,,Arbitration 2,Arbitration,,2125000,0.87,2125000,2125000,,,2026,2026,2026,1,2125000,2125000,642100,SEA,Active,true,https://www.spotrac.com/mlb/seattle-mariners/cash/_/year/2026 | https://www.spotrac.com/mlb/seattle-mariners/contracts | https://www.spotrac.com/mlb/seattle-mariners/tax/_/year/2026,,
2026-07-08T14:16:26+00:00,2026,SEA,Seattle Mariners,seattle-mariners,George Kirby,georgekirby,https://www.spotrac.com/mlb/player/_/id/30418/george-kirby,SP,28,3.151,,,2026 Active Roster,2026 Active Roster,Seattle Mariners Contracts,,,Arbitration 2 Super Two,Arbitration,,6550000,2.68,6550000,6550000,,,2026,2026,2026,1,6550000,6550000,669923,SEA,Active,true,https://www.spotrac.com/mlb/seattle-mariners/cash/_/year/2026 | https://www.spotrac.com/mlb/seattle-mariners/contracts | https://www.spotrac.com/mlb/seattle-mariners/tax/_/year/2026,,
2026-07-08T14:16:26+00:00,2026,SEA,Seattle Mariners,seattle-mariners,Gregory Pio,gregorypio,https://www.spotrac.com/mlb/player/_/id/105493/gregory-pio,OF,17,,,,,2026 Signing Bonus,,,,,,,,,2900000,,2900000,,,,,,,,,,,false,https://www.spotrac.com/mlb/seattle-mariners/cash/_/year/2026,not_found_on_tax_page;not_found_on_contracts_page,
2026-07-08T14:16:26+00:00,2026,SEA,Seattle Mariners,seattle-mariners,J.P. Crawford,jpcrawford,https://www.spotrac.com/mlb/player/_/id/24452/jp-crawford,SS,31,7.163,,,2026 Active Roster,2026 Active Roster,Seattle Mariners Contracts,,,Extension Arbitration,Extension Arbitration,,10200000,4.18,11000000,11000000,,,2022,2022,2026,5,51000000,10200000,641487,SEA,Active,true,https://www.spotrac.com/mlb/seattle-mariners/cash/_/year/2026 | https://www.spotrac.com/mlb/seattle-mariners/contracts | https://www.spotrac.com/mlb/seattle-mariners/tax/_/year/2026,,
2026-07-08T14:16:26+00:00,2026,SEA,Seattle Mariners,seattle-mariners,Jarvis Gomez,jarvisgomez,https://www.spotrac.com/mlb/player/_/id/105497/jarvis-gomez,OF,17,,,,,2026 Signing Bonus,,,,,,,,,100000,,100000,,,,,,,,,,,false,https://www.spotrac.com/mlb/seattle-mariners/cash/_/year/2026,not_found_on_tax_page;not_found_on_contracts_page,
2026-07-08T14:16:26+00:00,2026,SEA,Seattle Mariners,seattle-mariners,Jhonny Pereda,jhonnypereda,https://www.spotrac.com/mlb/player/_/id/48856/jhonny-pereda,C,30,0.140,,,2026 Minor,2026 Minor,,,,Pre-Arbitration,,,162669,0.07,162669,162669,,,,,,,,,640902,SEA,Reassigned to Minors,true,https://www.spotrac.com/mlb/seattle-mariners/cash/_/year/2026 | https://www.spotrac.com/mlb/seattle-mariners/tax/_/year/2026,not_found_on_contracts_page,
2026-07-08T14:16:26+00:00,2026,SEA,Seattle Mariners,seattle-mariners,Josh Naylor,joshnaylor,https://www.spotrac.com/mlb/player/_/id/17627/josh-naylor,1B,29,6.127,,,2026 Active Roster,2026 Active Roster,Seattle Mariners Contracts,,,Free Agent,Free Agent,,18500000,7.58,16500000,10000000,6500000,,2026,2026,2030,5,92500000,18500000,647304,SEA,Active,true,https://www.spotrac.com/mlb/seattle-mariners/cash/_/year/2026 | https://www.spotrac.com/mlb/seattle-mariners/contracts | https://www.spotrac.com/mlb/seattle-mariners/tax/_/year/2026,,
2026-07-08T14:16:26+00:00,2026,SEA,Seattle Mariners,seattle-mariners,Josh Simpson,joshsimpson,https://www.spotrac.com/mlb/player/_/id/79814/josh-simpson,RP,28,1.099,,,2026 Minor,2026 Minor,,,,Pre-Arbitration,,,58394,0.02,58394,58394,,,,,,,,,681006,SEA,Reassigned to Minors,true,https://www.spotrac.com/mlb/seattle-mariners/cash/_/year/2026 | https://www.spotrac.com/mlb/seattle-mariners/tax/_/year/2026,not_found_on_contracts_page,
2026-07-08T14:16:26+00:00,2026,SEA,Seattle Mariners,seattle-mariners,José Ferrer,joseferrer,https://www.spotrac.com/mlb/player/_/id/80136/jos%C3%A9-ferrer,RP,26,2.094,,,2026 Active Roster,2026 Active Roster,Seattle Mariners Contracts,,,Pre-Arbitration,Pre-Arbitration,,796600,0.33,796600,796600,,,2026,2026,2026,1,796600,796600,,,,false,https://www.spotrac.com/mlb/seattle-mariners/cash/_/year/2026 | https://www.spotrac.com/mlb/seattle-mariners/contracts | https://www.spotrac.com/mlb/seattle-mariners/tax/_/year/2026,,
2026-07-08T14:16:26+00:00,2026,SEA,Seattle Mariners,seattle-mariners,José Suarez,josesuarez,https://www.spotrac.com/mlb/player/_/id/28162/jos%C3%A9-suarez,RP,28,4.064,,,2026 Retained,2026 Retained,,,,Retained,,,52943,,52943,52943,,,,,,,,,660761,ATH,Active,true_other_team,https://www.spotrac.com/mlb/seattle-mariners/cash/_/year/2026 | https://www.spotrac.com/mlb/seattle-mariners/tax/_/year/2026,not_found_on_contracts_page,
2026-07-08T14:16:26+00:00,2026,SEA,Seattle Mariners,seattle-mariners,Juan Rijo,juanrijo,https://www.spotrac.com/mlb/player/_/id/105492/juan-rijo,OF,17,,,,,2026 Signing Bonus,,,,,,,,,2200000,,2200000,,,,,,,,,,,false,https://www.spotrac.com/mlb/seattle-mariners/cash/_/year/2026,not_found_on_tax_page;not_found_on_contracts_page,
2026-07-08T14:16:26+00:00,2026,SEA,Seattle Mariners,seattle-mariners,Julio Rodriguez,juliorodriguez,https://www.spotrac.com/mlb/player/_/id/23850/julio-rodriguez,CF,25,4.000,,,2026 Injured List,2026 Injured List,Seattle Mariners Contracts,,,Extension Pre-Arbitration,Extension Pre-Arbitration,,17441667,7.15,18000000,18000000,,,2023,2023,2034,12,209300000,17441667,677594,SEA,Injured 7-Day,true,https://www.spotrac.com/mlb/seattle-mariners/cash/_/year/2026 | https://www.spotrac.com/mlb/seattle-mariners/contracts | https://www.spotrac.com/mlb/seattle-mariners/tax/_/year/2026,,
2026-07-08T14:16:26+00:00,2026,SEA,Seattle Mariners,seattle-mariners,Leonardo Reynoso,leonardoreynoso,https://www.spotrac.com/mlb/player/_/id/105494/leonardo-reynoso,SS,17,,,,,2026 Signing Bonus,,,,,,,,,775000,,775000,,,,,,,,,,,false,https://www.spotrac.com/mlb/seattle-mariners/cash/_/year/2026,not_found_on_tax_page;not_found_on_contracts_page,
2026-07-08T14:16:26+00:00,2026,SEA,Seattle Mariners,seattle-mariners,Leonardo Rivas,leonardorivas,https://www.spotrac.com/mlb/player/_/id/74767/leonardo-rivas,SS,28,1.008,,,2026 Minor,2026 Minor,,,,Pre-Arbitration,,,231220,0.09,231220,231220,,,,,,,,,,,,false,https://www.spotrac.com/mlb/seattle-mariners/cash/_/year/2026 | https://www.spotrac.com/mlb/seattle-mariners/tax/_/year/2026,not_found_on_contracts_page,
2026-07-08T14:16:26+00:00,2026,SEA,Seattle Mariners,seattle-mariners,Logan Evans,loganevans,https://www.spotrac.com/mlb/player/_/id/85108/logan-evans,SP,25,0.124,,,2026 Injured List,2026 Injured List,Seattle Mariners Contracts,,,Pre-Arbitration,Pre-Arbitration,,785800,,785800,785800,,,2026,2026,2026,1,785800,785800,688138,SEA,Injured 60-Day,true,https://www.spotrac.com/mlb/seattle-mariners/cash/_/year/2026 | https://www.spotrac.com/mlb/seattle-mariners/contracts | https://www.spotrac.com/mlb/seattle-mariners/tax/_/year/2026,,
2026-07-08T14:16:26+00:00,2026,SEA,Seattle Mariners,seattle-mariners,Logan Gilbert,logangilbert,https://www.spotrac.com/mlb/player/_/id/26037/logan-gilbert,SP,29,4.144,,,2026 Active Roster,2026 Active Roster,Seattle Mariners Contracts,,,Arbitration 3,Arbitration,,10927000,4.48,10927000,10927000,,,2026,2026,2026,1,10927000,10927000,669302,SEA,Active,true,https://www.spotrac.com/mlb/seattle-mariners/cash/_/year/2026 | https://www.spotrac.com/mlb/seattle-mariners/contracts | https://www.spotrac.com/mlb/seattle-mariners/tax/_/year/2026,,
2026-07-08T14:16:26+00:00,2026,SEA,Seattle Mariners,seattle-mariners,Luis Castillo,luiscastillo,https://www.spotrac.com/mlb/player/_/id/21248/luis-castillo,SP,33,8.101,,,2026 Active Roster,2026 Active Roster,Seattle Mariners Contracts,,,Extension Arbitration,Extension Arbitration,,21600000,8.85,22750000,22750000,,,2023,2023,2028,5,108000000,21600000,622491,SEA,Active,true,https://www.spotrac.com/mlb/seattle-mariners/cash/_/year/2026 | https://www.spotrac.com/mlb/seattle-mariners/contracts | https://www.spotrac.com/mlb/seattle-mariners/tax/_/year/2026,,
2026-07-08T14:16:26+00:00,2026,SEA,Seattle Mariners,seattle-mariners,Luke Raley,lukeraley,https://www.spotrac.com/mlb/player/_/id/20140/luke-raley,RF,31,3.106,,,2026 Active Roster,2026 Active Roster,Seattle Mariners Contracts,,,Arbitration 1,Arbitration,,2050000,0.84,2050000,2050000,,,2026,2026,2026,1,2050000,2050000,670042,SEA,Active,true,https://www.spotrac.com/mlb/seattle-mariners/cash/_/year/2026 | https://www.spotrac.com/mlb/seattle-mariners/contracts | https://www.spotrac.com/mlb/seattle-mariners/tax/_/year/2026,,
2026-07-08T14:16:26+00:00,2026,SEA,Seattle Mariners,seattle-mariners,Matt Brash,mattbrash,https://www.spotrac.com/mlb/player/_/id/30513/matt-brash,RP,28,3.121,,,2026 Injured List,2026 Injured List,Seattle Mariners Contracts,,,Arbitration 1,Arbitration,,1550000,0.64,1550000,1550000,,,2026,2026,2026,1,1550000,1550000,666374,SEA,Injured 15-Day,true,https://www.spotrac.com/mlb/seattle-mariners/cash/_/year/2026 | https://www.spotrac.com/mlb/seattle-mariners/contracts | https://www.spotrac.com/mlb/seattle-mariners/tax/_/year/2026,,
2026-07-08T14:16:26+00:00,2026,SEA,Seattle Mariners,seattle-mariners,Michael Rucker,michaelrucker,https://www.spotrac.com/mlb/player/_/id/20821/michael-rucker,RP,32,2.132,,,2026 Active Roster,2026 Active Roster,Seattle Mariners Contracts,,,Free Agent,Free Agent,,450468,0.18,450468,450468,,,2026,2026,2026,1,780000,780000,621074,SEA,Active,true,https://www.spotrac.com/mlb/seattle-mariners/cash/_/year/2026 | https://www.spotrac.com/mlb/seattle-mariners/contracts | https://www.spotrac.com/mlb/seattle-mariners/tax/_/year/2026,,
2026-07-08T14:16:26+00:00,2026,SEA,Seattle Mariners,seattle-mariners,Miles Mastrobuoni,milesmastrobuoni,https://www.spotrac.com/mlb/player/_/id/74561/miles-mastrobuoni,LF,30,2.043,,,2026 Active Roster,2026 Active Roster,Seattle Mariners Contracts,,,Pre-Arbitration,Pre-Arbitration,,733001,0.30,733001,733001,,,2026,2026,2026,1,792300,792300,670156,SEA,Active,true,https://www.spotrac.com/mlb/seattle-mariners/cash/_/year/2026 | https://www.spotrac.com/mlb/seattle-mariners/contracts | https://www.spotrac.com/mlb/seattle-mariners/tax/_/year/2026,,
2026-07-08T14:16:26+00:00,2026,SEA,Seattle Mariners,seattle-mariners,Mitch Garver,mitchgarver,https://www.spotrac.com/mlb/player/_/id/21213/mitch-garver,C,35,8.045,,,2026 Active Roster,2026 Active Roster,Seattle Mariners Contracts,,,Free Agent,Free Agent,,2250000,0.92,2250000,2250000,,,2026,2026,2026,1,2250000,2250000,641598,SEA,Active,true,https://www.spotrac.com/mlb/seattle-mariners/cash/_/year/2026 | https://www.spotrac.com/mlb/seattle-mariners/contracts | https://www.spotrac.com/mlb/seattle-mariners/tax/_/year/2026,,
2026-07-08T14:16:26+00:00,2026,SEA,Seattle Mariners,seattle-mariners,Nick Davila,nickdavila,https://www.spotrac.com/mlb/player/_/id/48830/nick-davila,RP,27,,,,2026 Active Roster,2026 Active Roster,Seattle Mariners Contracts,,,Pre-Arbitration,Pre-Arbitration,,558914,0.23,558914,558914,,,2026,2026,2026,1,780000,780000,689546,SEA,Active,true,https://www.spotrac.com/mlb/seattle-mariners/cash/_/year/2026 | https://www.spotrac.com/mlb/seattle-mariners/contracts | https://www.spotrac.com/mlb/seattle-mariners/tax/_/year/2026,,
2026-07-08T14:16:26+00:00,2026,SEA,Seattle Mariners,seattle-mariners,Patrick Wisdom,patrickwisdom,https://www.spotrac.com/mlb/player/_/id/27918/patrick-wisdom,3B,34,4.058,,,2026 Minor,2026 Minor,,,,Free Agent,,,331576,0.14,331576,331576,,,,,,,,,621550,SEA,Reassigned to Minors,true,https://www.spotrac.com/mlb/seattle-mariners/cash/_/year/2026 | https://www.spotrac.com/mlb/seattle-mariners/tax/_/year/2026,not_found_on_contracts_page,
2026-07-08T14:16:26+00:00,2026,SEA,Seattle Mariners,seattle-mariners,Randy Arozarena,randyarozarena,https://www.spotrac.com/mlb/player/_/id/32777/randy-arozarena,LF,31,5.129,,,2026 Active Roster,2026 Active Roster,Seattle Mariners Contracts,,,Arbitration 4,Arbitration,,15650000,6.41,15650000,15650000,,,2026,2026,2026,1,15650000,15650000,668227,SEA,Active,true,https://www.spotrac.com/mlb/seattle-mariners/cash/_/year/2026 | https://www.spotrac.com/mlb/seattle-mariners/contracts | https://www.spotrac.com/mlb/seattle-mariners/tax/_/year/2026,,
2026-07-08T14:16:26+00:00,2026,SEA,Seattle Mariners,seattle-mariners,Rob Refsnyder,robrefsnyder,https://www.spotrac.com/mlb/player/_/id/18012/rob-refsnyder,RF,35,7.048,,,2026 Injured List,2026 Injured List,Seattle Mariners Contracts,,,Free Agent,Free Agent,,6250000,2.56,6250000,6250000,,,2026,2026,2026,1,6250000,6250000,608701,SEA,Injured 10-Day,true,https://www.spotrac.com/mlb/seattle-mariners/cash/_/year/2026 | https://www.spotrac.com/mlb/seattle-mariners/contracts | https://www.spotrac.com/mlb/seattle-mariners/tax/_/year/2026,,
2026-07-08T14:16:26+00:00,2026,SEA,Seattle Mariners,seattle-mariners,Robinson Ortiz,robinsonortiz,https://www.spotrac.com/mlb/player/_/id/74921/robinson-ortiz,RP,26,,,,2026 Minor,2026 Minor,,,,Pre-Arbitration,,,8342,0.00,8342,8342,,,,,,,,,673662,SEA,Reassigned to Minors,true,https://www.spotrac.com/mlb/seattle-mariners/cash/_/year/2026 | https://www.spotrac.com/mlb/seattle-mariners/tax/_/year/2026,not_found_on_contracts_page,
2026-07-08T14:16:26+00:00,2026,SEA,Seattle Mariners,seattle-mariners,Ryan Bliss,ryanbliss,https://www.spotrac.com/mlb/player/_/id/73304/ryan-bliss,2B,26,1.061,,,2026 Minor,2026 Minor,,,,Pre-Arbitration,,,46057,0.02,46057,46057,,,,,,,,,669208,SEA,Reassigned to Minors,true,https://www.spotrac.com/mlb/seattle-mariners/cash/_/year/2026 | https://www.spotrac.com/mlb/seattle-mariners/tax/_/year/2026,not_found_on_contracts_page,
2026-07-08T14:16:26+00:00,2026,SEA,Seattle Mariners,seattle-mariners,Troy Taylor,troytaylor,https://www.spotrac.com/mlb/player/_/id/78948/troy-taylor,RP,,0.094,,,2026 Minor,,,,,Pre-Arbitration,,,,,,,,,,,,,,,700187,SEA,Reassigned to Minors,true,https://www.spotrac.com/mlb/seattle-mariners/tax/_/year/2026,missing_all_money_fields;not_found_on_cash_page;not_found_on_contracts_page,
2026-07-08T14:16:26+00:00,2026,SEA,Seattle Mariners,seattle-mariners,Victor Robles,victorrobles,https://www.spotrac.com/mlb/player/_/id/21289/victor-robles,RF,29,7.033,,,2026 Active Roster,2026 Active Roster,Seattle Mariners Contracts,,,Extension,Extension,,4875000,2.00,4500000,4500000,,,2025,2025,2027,2,9750000,4875000,645302,SEA,Active,true,https://www.spotrac.com/mlb/seattle-mariners/cash/_/year/2026 | https://www.spotrac.com/mlb/seattle-mariners/contracts | https://www.spotrac.com/mlb/seattle-mariners/tax/_/year/2026,,
2026-07-08T14:16:26+00:00,2026,SEA,Seattle Mariners,seattle-mariners,Weston Wilson,westonwilson,https://www.spotrac.com/mlb/player/_/id/74709/weston-wilson,1B,31,1.097,,,2026 Active Roster,2026 Active Roster,Seattle Mariners Contracts,,,Free Agent,Free Agent,,417100,0.17,417100,417100,,,2026,2026,2026,1,780000,780000,642215,SEA,Active,true,https://www.spotrac.com/mlb/seattle-mariners/cash/_/year/2026 | https://www.spotrac.com/mlb/seattle-mariners/contracts | https://www.spotrac.com/mlb/seattle-mariners/tax/_/year/2026,,
2026-07-08T14:16:26+00:00,2026,SEA,Seattle Mariners,seattle-mariners,Will Wilson,willwilson,https://www.spotrac.com/mlb/player/_/id/30413/will-wilson,SS,27,0.074,,,2026 Injured List,2026 Injured List,Seattle Mariners Contracts,,,Free Agent,Free Agent,,667360,,667360,667360,,,2026,2026,2026,1,780000,780000,669717,SEA,Injured 60-Day,true,https://www.spotrac.com/mlb/seattle-mariners/cash/_/year/2026 | https://www.spotrac.com/mlb/seattle-mariners/contracts | https://www.spotrac.com/mlb/seattle-mariners/tax/_/year/2026,,
2026-07-08T14:16:26+00:00,2026,SF,San Francisco Giants,san-francisco-giants,Adrian Houser,adrianhouser,https://www.spotrac.com/mlb/player/_/id/18235/adrian-houser,SP,33,6.136,,,2026 Active Roster,2026 Active Roster,San Francisco Giants Contracts,,,Free Agent,Free Agent,,11000000,4.51,8500000,5500000,3000000,,2026,2026,2028,2,22000000,11000000,605288,SF,Active,true,https://www.spotrac.com/mlb/san-francisco-giants/cash/_/year/2026 | https://www.spotrac.com/mlb/san-francisco-giants/contracts | https://www.spotrac.com/mlb/san-francisco-giants/tax/_/year/2026,,
2026-07-08T14:16:26+00:00,2026,SF,San Francisco Giants,san-francisco-giants,Alexis Gallegos,alexisgallegos,https://www.spotrac.com/mlb/player/_/id/105490/alexis-gallegos,P,17,,,,,2026 Signing Bonus,,,,,,,,,375000,,375000,,,,,,,,,,,false,https://www.spotrac.com/mlb/san-francisco-giants/cash/_/year/2026,not_found_on_tax_page;not_found_on_contracts_page,
2026-07-08T14:16:26+00:00,2026,SF,San Francisco Giants,san-francisco-giants,Angel Ugueto,angelugueto,https://www.spotrac.com/mlb/player/_/id/105491/angel-ugueto,OF,17,,,,,2026 Signing Bonus,,,,,,,,,100000,,100000,,,,,,,,,,,false,https://www.spotrac.com/mlb/san-francisco-giants/cash/_/year/2026,not_found_on_tax_page;not_found_on_contracts_page,
2026-07-08T14:16:26+00:00,2026,SF,San Francisco Giants,san-francisco-giants,Blade Tidwell,bladetidwell,https://www.spotrac.com/mlb/player/_/id/78014/blade-tidwell,RP,25,0.008,,,2026 Minor,2026 Minor,,,,Pre-Arbitration,,,112617,0.05,112617,112617,,,,,,,,,694918,SF,Reassigned to Minors,true,https://www.spotrac.com/mlb/san-francisco-giants/cash/_/year/2026 | https://www.spotrac.com/mlb/san-francisco-giants/tax/_/year/2026,not_found_on_contracts_page,
2026-07-08T14:16:26+00:00,2026,SF,San Francisco Giants,san-francisco-giants,Bryce Eldridge,bryceeldridge,https://www.spotrac.com/mlb/player/_/id/84455/bryce-eldridge,1B,21,0.014,,,2026 Active Roster,2026 Active Roster,San Francisco Giants Contracts,,,Pre-Arbitration,Pre-Arbitration,,608966,0.25,608966,608966,,,2026,2026,2026,1,780000,780000,805811,SF,Active,true,https://www.spotrac.com/mlb/san-francisco-giants/cash/_/year/2026 | https://www.spotrac.com/mlb/san-francisco-giants/contracts | https://www.spotrac.com/mlb/san-francisco-giants/tax/_/year/2026,,
2026-07-08T14:16:26+00:00,2026,SF,San Francisco Giants,san-francisco-giants,Buddy Kennedy,buddykennedy,https://www.spotrac.com/mlb/player/_/id/23355/buddy-kennedy,2B,27,1.006,,,2026 Dead Money,2026 Dead Money,,,,,,,116788,0.05,116788,116788,,,,,,,,,671083,SEA,Active,true_other_team,https://www.spotrac.com/mlb/san-francisco-giants/cash/_/year/2026 | https://www.spotrac.com/mlb/san-francisco-giants/tax/_/year/2026,not_found_on_contracts_page,
2026-07-08T14:16:26+00:00,2026,SF,San Francisco Giants,san-francisco-giants,Caleb Kilian,calebkilian,https://www.spotrac.com/mlb/player/_/id/31183/caleb-kilian,RP,29,0.153,,,2026 Active Roster,2026 Active Roster,San Francisco Giants Contracts,,,Free Agent,Free Agent,,850000,0.35,850000,850000,,,2026,2026,2026,1,850000,850000,668873,SF,Active,true,https://www.spotrac.com/mlb/san-francisco-giants/cash/_/year/2026 | https://www.spotrac.com/mlb/san-francisco-giants/contracts | https://www.spotrac.com/mlb/san-francisco-giants/tax/_/year/2026,,
2026-07-08T14:16:26+00:00,2026,SF,San Francisco Giants,san-francisco-giants,Carson Seymour,carsonseymour,https://www.spotrac.com/mlb/player/_/id/73434/carson-seymour,RP,27,0.074,,,2026 Minor,2026 Minor,,,,Pre-Arbitration,,,25026,0.01,25026,25026,,,,,,,,,693313,SF,Reassigned to Minors,true,https://www.spotrac.com/mlb/san-francisco-giants/cash/_/year/2026 | https://www.spotrac.com/mlb/san-francisco-giants/tax/_/year/2026,not_found_on_contracts_page,
2026-07-08T14:16:26+00:00,2026,SF,San Francisco Giants,san-francisco-giants,Carson Whisenhunt,carsonwhisenhunt,https://www.spotrac.com/mlb/player/_/id/78027/carson-whisenhunt,SP,25,0.054,,,2026 Minor,2026 Minor,,,,Pre-Arbitration,,,4171,0.00,4171,4171,,,,,,,,,687931,SF,Reassigned to Minors,true,https://www.spotrac.com/mlb/san-francisco-giants/cash/_/year/2026 | https://www.spotrac.com/mlb/san-francisco-giants/tax/_/year/2026,not_found_on_contracts_page,
2026-07-08T14:16:26+00:00,2026,SF,San Francisco Giants,san-francisco-giants,Casey Schmitt,caseyschmitt,https://www.spotrac.com/mlb/player/_/id/48405/casey-schmitt,1B,27,2.035,,,2026 Active Roster,2026 Active Roster,San Francisco Giants Contracts,,,Pre-Arbitration,Pre-Arbitration,,810000,0.33,810000,810000,,,2026,2026,2026,1,810000,810000,669477,SF,Active,true,https://www.spotrac.com/mlb/san-francisco-giants/cash/_/year/2026 | https://www.spotrac.com/mlb/san-francisco-giants/contracts | https://www.spotrac.com/mlb/san-francisco-giants/tax/_/year/2026,,
2026-07-08T14:16:26+00:00,2026,SF,San Francisco Giants,san-francisco-giants,Christian Koss,christiankoss,https://www.spotrac.com/mlb/player/_/id/31353/christian-koss,SS,28,1.000,,,2026 Active Roster,2026 Active Roster,San Francisco Giants Contracts,,,Pre-Arbitration,Pre-Arbitration,,598920,0.25,598920,598920,,,2026,2026,2026,1,800000,800000,683766,SF,Active,true,https://www.spotrac.com/mlb/san-francisco-giants/cash/_/year/2026 | https://www.spotrac.com/mlb/san-francisco-giants/contracts | https://www.spotrac.com/mlb/san-francisco-giants/tax/_/year/2026,,
2026-07-08T14:16:26+00:00,2026,SF,San Francisco Giants,san-francisco-giants,Daniel Susac,danielsusac,https://www.spotrac.com/mlb/player/_/id/78003/daniel-susac,C,25,,,,2026 Injured List,2026 Injured List,San Francisco Giants Contracts,,,Pre-Arbitration,Pre-Arbitration,,780000,0.32,780000,780000,,,2026,2026,2026,1,780000,780000,691740,SF,Injured 10-Day,true,https://www.spotrac.com/mlb/san-francisco-giants/cash/_/year/2026 | https://www.spotrac.com/mlb/san-francisco-giants/contracts | https://www.spotrac.com/mlb/san-francisco-giants/tax/_/year/2026,,
2026-07-08T14:16:26+00:00,2026,SF,San Francisco Giants,san-francisco-giants,Drew Cavanaugh,drewcavanaugh,https://www.spotrac.com/mlb/player/_/id/85249/drew-cavanaugh,C,24,,,,2026 Active Roster,2026 Active Roster,San Francisco Giants Contracts,,,Pre-Arbitration,Pre-Arbitration,,387903,0.16,387903,387903,,,2026,2026,2026,1,780000,780000,701852,SF,Active,true,https://www.spotrac.com/mlb/san-francisco-giants/cash/_/year/2026 | https://www.spotrac.com/mlb/san-francisco-giants/contracts | https://www.spotrac.com/mlb/san-francisco-giants/tax/_/year/2026,,
2026-07-08T14:16:26+00:00,2026,SF,San Francisco Giants,san-francisco-giants,Drew Gilbert,drewgilbert,https://www.spotrac.com/mlb/player/_/id/78019/drew-gilbert,CF,25,0.052,,,2026 Active Roster,2026 Active Roster,San Francisco Giants Contracts,,,Pre-Arbitration,Pre-Arbitration,,688215,0.28,688215,688215,,,2026,2026,2026,1,780000,780000,687551,SF,Active,true,https://www.spotrac.com/mlb/san-francisco-giants/cash/_/year/2026 | https://www.spotrac.com/mlb/san-francisco-giants/contracts | https://www.spotrac.com/mlb/san-francisco-giants/tax/_/year/2026,,
2026-07-08T14:16:26+00:00,2026,SF,San Francisco Giants,san-francisco-giants,Dylan Smith,dylansmith,https://www.spotrac.com/mlb/player/_/id/73336/dylan-smith,RP,26,0.020,,,2026 Active Roster,2026 Active Roster,San Francisco Giants Contracts,,,Pre-Arbitration,Pre-Arbitration,,488007,0.20,488007,488007,,,2026,2026,2026,1,780000,780000,681916,SF,Active,true,https://www.spotrac.com/mlb/san-francisco-giants/cash/_/year/2026 | https://www.spotrac.com/mlb/san-francisco-giants/contracts | https://www.spotrac.com/mlb/san-francisco-giants/tax/_/year/2026,,
2026-07-08T14:16:26+00:00,2026,SF,San Francisco Giants,san-francisco-giants,Eric Haase,erichaase,https://www.spotrac.com/mlb/player/_/id/24540/eric-haase,C,33,4.114,,,2026 Active Roster,2026 Active Roster,San Francisco Giants Contracts,,,Free Agent,Free Agent,,1360428,0.56,1360427,1360428,,,2026,2026,2026,1,1600000,1600000,606992,SF,Active,true,https://www.spotrac.com/mlb/san-francisco-giants/cash/_/year/2026 | https://www.spotrac.com/mlb/san-francisco-giants/contracts | https://www.spotrac.com/mlb/san-francisco-giants/tax/_/year/2026,,
2026-07-08T14:16:26+00:00,2026,SF,San Francisco Giants,san-francisco-giants,Erik Miller,erikmiller,https://www.spotrac.com/mlb/player/_/id/30520/erik-miller,RP,28,2.000,,,2026 Active Roster,2026 Active Roster,San Francisco Giants Contracts,,,Pre-Arbitration,Pre-Arbitration,,810000,0.33,810000,810000,,,2026,2026,2026,1,810000,810000,669062,SF,Active,true,https://www.spotrac.com/mlb/san-francisco-giants/cash/_/year/2026 | https://www.spotrac.com/mlb/san-francisco-giants/contracts | https://www.spotrac.com/mlb/san-francisco-giants/tax/_/year/2026,,
2026-07-08T14:16:26+00:00,2026,SF,San Francisco Giants,san-francisco-giants,Grant McCray,grantmccray,https://www.spotrac.com/mlb/player/_/id/30485/grant-mccray,CF,,0.096,,,2026 Minor,,,,,Pre-Arbitration,,,,,,,,,,,,,,,687529,SF,Reassigned to Minors,true,https://www.spotrac.com/mlb/san-francisco-giants/tax/_/year/2026,missing_all_money_fields;not_found_on_cash_page;not_found_on_contracts_page,
2026-07-08T14:16:26+00:00,2026,SF,San Francisco Giants,san-francisco-giants,Gregory Santos,gregorysantos,https://www.spotrac.com/mlb/player/_/id/70744/gregory-santos,RP,26,3.055,,,2026 Minor,2026 Minor,,,,Free Agent,,,83424,,83424,83424,,,,,,,,,,,,false,https://www.spotrac.com/mlb/san-francisco-giants/cash/_/year/2026 | https://www.spotrac.com/mlb/san-francisco-giants/tax/_/year/2026,not_found_on_contracts_page,
2026-07-08T14:16:26+00:00,2026,SF,San Francisco Giants,san-francisco-giants,Harrison Bader,harrisonbader,https://www.spotrac.com/mlb/player/_/id/17759/harrison-bader,CF,32,8.030,,,2026 Injured List,2026 Injured List,San Francisco Giants Contracts,,,Free Agent,Free Agent,,10250000,4.20,10500000,4500000,6000000,,2026,2026,2027,2,20500000,10250000,664056,SF,Injured 10-Day,true,https://www.spotrac.com/mlb/san-francisco-giants/cash/_/year/2026 | https://www.spotrac.com/mlb/san-francisco-giants/contracts | https://www.spotrac.com/mlb/san-francisco-giants/tax/_/year/2026,,
2026-07-08T14:16:26+00:00,2026,SF,San Francisco Giants,san-francisco-giants,Hayden Birdsong,haydenbirdsong,https://www.spotrac.com/mlb/player/_/id/78779/hayden-birdsong,SP,24,1.041,,,2026 Injured List,2026 Injured List,San Francisco Giants Contracts,,,Pre-Arbitration,Pre-Arbitration,,800000,,800000,800000,,,2026,2026,2026,1,800000,800000,806185,SF,Injured 60-Day,true,https://www.spotrac.com/mlb/san-francisco-giants/cash/_/year/2026 | https://www.spotrac.com/mlb/san-francisco-giants/contracts | https://www.spotrac.com/mlb/san-francisco-giants/tax/_/year/2026,,
2026-07-08T14:16:26+00:00,2026,SF,San Francisco Giants,san-francisco-giants,Heliot Ramos,heliotramos,https://www.spotrac.com/mlb/player/_/id/23228/heliot-ramos,LF,26,2.103,,,2026 Active Roster,2026 Active Roster,San Francisco Giants Contracts,,,Pre-Arbitration,Pre-Arbitration,,810000,0.33,810000,810000,,,2026,2026,2026,1,810000,810000,671218,SF,Active,true,https://www.spotrac.com/mlb/san-francisco-giants/cash/_/year/2026 | https://www.spotrac.com/mlb/san-francisco-giants/contracts | https://www.spotrac.com/mlb/san-francisco-giants/tax/_/year/2026,,
2026-07-08T14:16:26+00:00,2026,SF,San Francisco Giants,san-francisco-giants,JT Brubaker,jtbrubaker,https://www.spotrac.com/mlb/player/_/id/28185/jt-brubaker,RP,32,5.162,,,2026 Active Roster,2026 Active Roster,San Francisco Giants Contracts,,,Arbitration 4,Arbitration,,1820000,0.75,1820000,1820000,,,2026,2026,2026,1,1820000,1820000,664141,SF,Active,true,https://www.spotrac.com/mlb/san-francisco-giants/cash/_/year/2026 | https://www.spotrac.com/mlb/san-francisco-giants/contracts | https://www.spotrac.com/mlb/san-francisco-giants/tax/_/year/2026,,
2026-07-08T14:16:26+00:00,2026,SF,San Francisco Giants,san-francisco-giants,Jared Oliva,jaredoliva,https://www.spotrac.com/mlb/player/_/id/23421/jared-oliva,CF,30,0.050,,,2026 Dead Money,2026 Dead Money,,,,,,,299970,0.12,299970,299970,,,,,,,,,666931,NYM,Reassigned to Minors,true_other_team,https://www.spotrac.com/mlb/san-francisco-giants/cash/_/year/2026 | https://www.spotrac.com/mlb/san-francisco-giants/tax/_/year/2026,not_found_on_contracts_page,
2026-07-08T14:16:26+00:00,2026,SF,San Francisco Giants,san-francisco-giants,Jason Foley,jasonfoley,https://www.spotrac.com/mlb/player/_/id/73058/jason-foley,RP,30,3.150,,,2026 Injured List,2026 Injured List,San Francisco Giants Contracts,,,Free Agent,Free Agent,,2000000,,2000000,2000000,,,2026,2026,2026,1,2000000,2000000,671345,SF,Injured 60-Day,true,https://www.spotrac.com/mlb/san-francisco-giants/cash/_/year/2026 | https://www.spotrac.com/mlb/san-francisco-giants/contracts | https://www.spotrac.com/mlb/san-francisco-giants/tax/_/year/2026,,
2026-07-08T14:16:26+00:00,2026,SF,San Francisco Giants,san-francisco-giants,Jerar Encarnacion,jerarencarnacion,https://www.spotrac.com/mlb/player/_/id/48756/jerar-encarnacion,OF,28,1.112,,,2026 Dead Money,2026 Dead Money,,,,,,,175398,0.07,175398,175398,,,,,,,,,,,,false,https://www.spotrac.com/mlb/san-francisco-giants/cash/_/year/2026 | https://www.spotrac.com/mlb/san-francisco-giants/tax/_/year/2026,not_found_on_contracts_page,
2026-07-08T14:16:26+00:00,2026,SF,San Francisco Giants,san-francisco-giants,Jesus Rodriguez,jesusrodriguez,https://www.spotrac.com/mlb/player/_/id/27482/jesus-rodriguez,C,24,,,,2026 Minor,2026 Minor,,,,Pre-Arbitration,,,116788,0.05,116788,116788,,,,,,,,,683679,SF,Reassigned to Minors,true,https://www.spotrac.com/mlb/san-francisco-giants/cash/_/year/2026 | https://www.spotrac.com/mlb/san-francisco-giants/tax/_/year/2026,not_found_on_contracts_page,
2026-07-08T14:16:26+00:00,2026,SF,San Francisco Giants,san-francisco-giants,Joel Peguero,joelpeguero,https://www.spotrac.com/mlb/player/_/id/74624/joel-peguero,RP,29,0.039,,,2026 Injured List,2026 Injured List,San Francisco Giants Contracts,,,Pre-Arbitration,Pre-Arbitration,,785000,,785000,785000,,,2026,2026,2026,1,785000,785000,666711,SF,Injured 60-Day,true,https://www.spotrac.com/mlb/san-francisco-giants/cash/_/year/2026 | https://www.spotrac.com/mlb/san-francisco-giants/contracts | https://www.spotrac.com/mlb/san-francisco-giants/tax/_/year/2026,,
2026-07-08T14:16:26+00:00,2026,SF,San Francisco Giants,san-francisco-giants,Jonah Cox,jonahcox,https://www.spotrac.com/mlb/player/_/id/84909/jonah-cox,OF,24,,,,2026 Active Roster,2026 Active Roster,San Francisco Giants Contracts,,,Pre-Arbitration,Pre-Arbitration,,496349,0.20,496349,496349,,,2026,2026,2026,1,780000,780000,813841,SF,Active,true,https://www.spotrac.com/mlb/san-francisco-giants/cash/_/year/2026 | https://www.spotrac.com/mlb/san-francisco-giants/contracts | https://www.spotrac.com/mlb/san-francisco-giants/tax/_/year/2026,,
2026-07-08T14:16:26+00:00,2026,SF,San Francisco Giants,san-francisco-giants,Jordan Hicks,jordanhicks,https://www.spotrac.com/mlb/player/_/id/20529/jordan-hicks,RP,,8.000,,,2026 Retained,,,,,Retained,,,1112904,,,,,,,,,,,,663855,CHW,Active,true_other_team,https://www.spotrac.com/mlb/san-francisco-giants/tax/_/year/2026,not_found_on_cash_page;not_found_on_contracts_page,
2026-07-08T14:16:26+00:00,2026,SF,San Francisco Giants,san-francisco-giants,Jorge Soler,jorgesoler,https://www.spotrac.com/mlb/player/_/id/10723/jorge-soler,RF,,10.143,,,2026 Retained,,,,,Retained,,,1875484,,,,,,,,,,,,624585,LAA,Active,true_other_team,https://www.spotrac.com/mlb/san-francisco-giants/tax/_/year/2026,not_found_on_cash_page;not_found_on_contracts_page,
2026-07-08T14:16:26+00:00,2026,SF,San Francisco Giants,san-francisco-giants,Jose Butto,josebutto,https://www.spotrac.com/mlb/player/_/id/74930/jose-butto,RP,28,1.168,,,2026 Injured List,2026 Injured List,San Francisco Giants Contracts,,,Pre-Arbitration,Pre-Arbitration,,800000,,800000,800000,,,2026,2026,2026,1,800000,800000,676130,SF,Injured 60-Day,true,https://www.spotrac.com/mlb/san-francisco-giants/cash/_/year/2026 | https://www.spotrac.com/mlb/san-francisco-giants/contracts | https://www.spotrac.com/mlb/san-francisco-giants/tax/_/year/2026,,
2026-07-08T14:16:26+00:00,2026,SF,San Francisco Giants,san-francisco-giants,Jung Hoo Lee,junghoolee,https://www.spotrac.com/mlb/player/_/id/82037/jung-hoo-lee,RF,27,2.000,,,2026 Active Roster,2026 Active Roster,San Francisco Giants Contracts,,,Free Agent Foreign Professional,Free Agent Foreign Professional,,18833333,7.72,22000000,22000000,,,2024,2024,2029,6,113000000,18833333,808982,SF,Active,true,https://www.spotrac.com/mlb/san-francisco-giants/cash/_/year/2026 | https://www.spotrac.com/mlb/san-francisco-giants/contracts | https://www.spotrac.com/mlb/san-francisco-giants/tax/_/year/2026,,
2026-07-08T14:16:26+00:00,2026,SF,San Francisco Giants,san-francisco-giants,Keaton Winn,keatonwinn,https://www.spotrac.com/mlb/player/_/id/26169/keaton-winn,RP,28,1.090,,,2026 Injured List,2026 Injured List,San Francisco Giants Contracts,,,Pre-Arbitration,Pre-Arbitration,,800000,0.33,800000,800000,,,2026,2026,2026,1,800000,800000,676775,SF,Injured 15-Day,true,https://www.spotrac.com/mlb/san-francisco-giants/cash/_/year/2026 | https://www.spotrac.com/mlb/san-francisco-giants/contracts | https://www.spotrac.com/mlb/san-francisco-giants/tax/_/year/2026,,
2026-07-08T14:16:26+00:00,2026,SF,San Francisco Giants,san-francisco-giants,Landen Roupp,landenroupp,https://www.spotrac.com/mlb/player/_/id/74084/landen-roupp,SP,27,1.085,,,2026 Active Roster,2026 Active Roster,San Francisco Giants Contracts,,,Pre-Arbitration,Pre-Arbitration,,800000,0.33,800000,800000,,,2026,2026,2026,1,800000,800000,694738,SF,Active,true,https://www.spotrac.com/mlb/san-francisco-giants/cash/_/year/2026 | https://www.spotrac.com/mlb/san-francisco-giants/contracts | https://www.spotrac.com/mlb/san-francisco-giants/tax/_/year/2026,,
2026-07-08T14:16:26+00:00,2026,SF,San Francisco Giants,san-francisco-giants,Logan Porter,loganporter,https://www.spotrac.com/mlb/player/_/id/26820/logan-porter,C,30,0.021,,,2026 Dead Money,2026 Dead Money,,,,,,,8342,0.00,8342,8342,,,,,,,,,682515,LAA,Reassigned to Minors,true_other_team,https://www.spotrac.com/mlb/san-francisco-giants/cash/_/year/2026 | https://www.spotrac.com/mlb/san-francisco-giants/tax/_/year/2026,not_found_on_contracts_page,
2026-07-08T14:16:26+00:00,2026,SF,San Francisco Giants,san-francisco-giants,Logan Webb,loganwebb,https://www.spotrac.com/mlb/player/_/id/28182/logan-webb,SP,29,6.044,,,2026 Active Roster,2026 Active Roster,San Francisco Giants Contracts,,,Extension Arbitration,Extension Arbitration,,18000000,7.38,23000000,23000000,,,2024,2024,2028,5,90000000,18000000,657277,SF,Active,true,https://www.spotrac.com/mlb/san-francisco-giants/cash/_/year/2026 | https://www.spotrac.com/mlb/san-francisco-giants/contracts | https://www.spotrac.com/mlb/san-francisco-giants/tax/_/year/2026,,
2026-07-08T14:16:26+00:00,2026,SF,San Francisco Giants,san-francisco-giants,Luis Arraez,luisarraez,https://www.spotrac.com/mlb/player/_/id/28179/luis-arraez,2B,29,6.121,,,2026 Active Roster,2026 Active Roster,San Francisco Giants Contracts,,,Free Agent,Free Agent,,12000000,4.92,12000000,12000000,,,2026,2026,2026,1,12000000,12000000,650333,SF,Active,true,https://www.spotrac.com/mlb/san-francisco-giants/cash/_/year/2026 | https://www.spotrac.com/mlb/san-francisco-giants/contracts | https://www.spotrac.com/mlb/san-francisco-giants/tax/_/year/2026,,
2026-07-08T14:16:26+00:00,2026,SF,San Francisco Giants,san-francisco-giants,Luis Hernandez,luishernandez,https://www.spotrac.com/mlb/player/_/id/105489/luis-hernandez,SS,17,,,,,2026 Signing Bonus,,,,,,,,,5000000,,5000000,,,,,,,,,,,false,https://www.spotrac.com/mlb/san-francisco-giants/cash/_/year/2026,not_found_on_tax_page;not_found_on_contracts_page,
2026-07-08T14:16:26+00:00,2026,SF,San Francisco Giants,san-francisco-giants,Mark Melancon,markmelancon,https://www.spotrac.com/mlb/player/_/id/7335/mark-melancon,RP,41,,,,,2026 Deferred,,,,,,,,,1000000,,1000000,,,,,,,,,,,false,https://www.spotrac.com/mlb/san-francisco-giants/cash/_/year/2026,not_found_on_tax_page;not_found_on_contracts_page,
2026-07-08T14:16:26+00:00,2026,SF,San Francisco Giants,san-francisco-giants,Matt Chapman,mattchapman,https://www.spotrac.com/mlb/player/_/id/17701/matt-chapman,3B,33,8.109,,,2026 Injured List,2026 Injured List,San Francisco Giants Contracts,,,Extension,Extension,,25166667,10.31,25000000,25000000,,,2025,2025,2030,6,151000000,25166667,656305,SF,Injured 10-Day,true,https://www.spotrac.com/mlb/san-francisco-giants/cash/_/year/2026 | https://www.spotrac.com/mlb/san-francisco-giants/contracts | https://www.spotrac.com/mlb/san-francisco-giants/tax/_/year/2026,,
2026-07-08T14:16:26+00:00,2026,SF,San Francisco Giants,san-francisco-giants,Matt Gage,mattgage,https://www.spotrac.com/mlb/player/_/id/27837/matt-gage,RP,33,0.155,,,2026 Injured List,2026 Injured List,San Francisco Giants Contracts,,,Pre-Arbitration,Pre-Arbitration,,850000,0.35,850000,850000,,,2026,2026,2026,1,850000,850000,657424,SF,Injured 15-Day,true,https://www.spotrac.com/mlb/san-francisco-giants/cash/_/year/2026 | https://www.spotrac.com/mlb/san-francisco-giants/contracts | https://www.spotrac.com/mlb/san-francisco-giants/tax/_/year/2026,,
2026-07-08T14:16:26+00:00,2026,SF,San Francisco Giants,san-francisco-giants,Patrick Bailey,patrickbailey,https://www.spotrac.com/mlb/player/_/id/48368/patrick-bailey,C,27,2.136,,,2026 Dead Money,2026 Dead Money,,,,,,,199188,0.08,199188,199188,,,,,,,,,672275,CLE,Active,true_other_team,https://www.spotrac.com/mlb/san-francisco-giants/cash/_/year/2026 | https://www.spotrac.com/mlb/san-francisco-giants/tax/_/year/2026,not_found_on_contracts_page,
2026-07-08T14:16:26+00:00,2026,SF,San Francisco Giants,san-francisco-giants,Rafael Devers,rafaeldevers,https://www.spotrac.com/mlb/player/_/id/18493/rafael-devers,3B,29,8.070,,,2026 Active Roster,2026 Active Roster,San Francisco Giants Contracts,,,Extension,Extension,,29152686,11.95,25000000,20000000,5000000,,2023,2023,2033,10,313500000,31350000,646240,SF,Active,true,https://www.spotrac.com/mlb/san-francisco-giants/cash/_/year/2026 | https://www.spotrac.com/mlb/san-francisco-giants/contracts | https://www.spotrac.com/mlb/san-francisco-giants/tax/_/year/2026,,
2026-07-08T14:16:26+00:00,2026,SF,San Francisco Giants,san-francisco-giants,Randy Rodriguez,randyrodriguez,https://www.spotrac.com/mlb/player/_/id/74977/randy-rodriguez,RP,26,1.148,,,2026 Injured List,2026 Injured List,San Francisco Giants Contracts,,,Pre-Arbitration,Pre-Arbitration,,800000,,800000,800000,,,2026,2026,2026,1,800000,800000,678495,SF,Injured 60-Day,true,https://www.spotrac.com/mlb/san-francisco-giants/cash/_/year/2026 | https://www.spotrac.com/mlb/san-francisco-giants/contracts | https://www.spotrac.com/mlb/san-francisco-giants/tax/_/year/2026,,
2026-07-08T14:16:26+00:00,2026,SF,San Francisco Giants,san-francisco-giants,Reiver Sanmartin,reiversanmartin,https://www.spotrac.com/mlb/player/_/id/74470/reiver-sanmartin,RP,30,1.148,,,2026 Minor,2026 Minor,,,,Pre-Arbitration,,,363630,0.15,363630,363630,,,,,,,,,665665,SF,Reassigned to Minors,true,https://www.spotrac.com/mlb/san-francisco-giants/cash/_/year/2026 | https://www.spotrac.com/mlb/san-francisco-giants/tax/_/year/2026,not_found_on_contracts_page,
2026-07-08T14:16:26+00:00,2026,SF,San Francisco Giants,san-francisco-giants,Robbie Ray,robbieray,https://www.spotrac.com/mlb/player/_/id/14151/robbie-ray,SP,34,11.007,,,2026 Active Roster,2026 Active Roster,San Francisco Giants Contracts,,,Free Agent,Free Agent,,23000000,9.43,25000000,25000000,,,2022,2022,2026,5,115000000,23000000,592662,SF,Active,true,https://www.spotrac.com/mlb/san-francisco-giants/cash/_/year/2026 | https://www.spotrac.com/mlb/san-francisco-giants/contracts | https://www.spotrac.com/mlb/san-francisco-giants/tax/_/year/2026,,
2026-07-08T14:16:26+00:00,2026,SF,San Francisco Giants,san-francisco-giants,Rowan Wick,rowanwick,https://www.spotrac.com/mlb/player/_/id/21199/rowan-wick,RP,33,3.114,,,2026 Injured List,2026 Injured List,San Francisco Giants Contracts,,,Free Agent,Free Agent,,880000,,780000,780000,,,2026,2026,2027,1,880000,880000,592858,SF,Injured 60-Day,true,https://www.spotrac.com/mlb/san-francisco-giants/cash/_/year/2026 | https://www.spotrac.com/mlb/san-francisco-giants/contracts | https://www.spotrac.com/mlb/san-francisco-giants/tax/_/year/2026,,
2026-07-08T14:16:26+00:00,2026,SF,San Francisco Giants,san-francisco-giants,Ryan Borucki,ryanborucki,https://www.spotrac.com/mlb/player/_/id/21170/ryan-borucki,RP,32,6.168,,,2026 Dead Money,2026 Dead Money,,,,,,,1500000,0.61,1550000,1500000,,,,,,,,,,,,false,https://www.spotrac.com/mlb/san-francisco-giants/cash/_/year/2026 | https://www.spotrac.com/mlb/san-francisco-giants/tax/_/year/2026,not_found_on_contracts_page,
2026-07-08T14:16:26+00:00,2026,SF,San Francisco Giants,san-francisco-giants,Ryan Walker,ryanwalker,https://www.spotrac.com/mlb/player/_/id/26681/ryan-walker,RP,30,2.136,,,2026 Active Roster,2026 Active Roster,San Francisco Giants Contracts,,,Pre-Arbitration,Pre-Arbitration,,667128,0.27,667128,667128,,,2026,2026,2026,1,810000,810000,676254,SF,Active,true,https://www.spotrac.com/mlb/san-francisco-giants/cash/_/year/2026 | https://www.spotrac.com/mlb/san-francisco-giants/contracts | https://www.spotrac.com/mlb/san-francisco-giants/tax/_/year/2026,,
2026-07-08T14:16:26+00:00,2026,SF,San Francisco Giants,san-francisco-giants,Sam Hentges,samhentges,https://www.spotrac.com/mlb/player/_/id/28191/sam-hentges,RP,29,4.157,,,2026 Active Roster,2026 Active Roster,San Francisco Giants Contracts,,,Free Agent,Free Agent,,1400000,0.57,1400000,1400000,,,2026,2026,2026,1,1400000,1400000,656529,SF,Active,true,https://www.spotrac.com/mlb/san-francisco-giants/cash/_/year/2026 | https://www.spotrac.com/mlb/san-francisco-giants/contracts | https://www.spotrac.com/mlb/san-francisco-giants/tax/_/year/2026,,
2026-07-08T14:16:26+00:00,2026,SF,San Francisco Giants,san-francisco-giants,Santiago Guerrero,santiagoguerrero,https://www.spotrac.com/mlb/player/_/id/106115/santiago-guerrero,P,18,,,,,2026 Signing Bonus,,,,,,,,,12500,,12500,,,,,,,,,,,false,https://www.spotrac.com/mlb/san-francisco-giants/cash/_/year/2026,not_found_on_tax_page;not_found_on_contracts_page,
2026-07-08T14:16:26+00:00,2026,SF,San Francisco Giants,san-francisco-giants,Spencer Bivens,spencerbivens,https://www.spotrac.com/mlb/player/_/id/93409/spencer-bivens,RP,32,1.077,,,2026 Active Roster,2026 Active Roster,San Francisco Giants Contracts,,,Pre-Arbitration,Pre-Arbitration,,354535,0.15,354535,354535,,,2026,2026,2026,1,780000,780000,702352,SF,Active,true,https://www.spotrac.com/mlb/san-francisco-giants/cash/_/year/2026 | https://www.spotrac.com/mlb/san-francisco-giants/contracts | https://www.spotrac.com/mlb/san-francisco-giants/tax/_/year/2026,,
2026-07-08T14:16:26+00:00,2026,SF,San Francisco Giants,san-francisco-giants,Trevor McDonald,trevormcdonald,https://www.spotrac.com/mlb/player/_/id/31281/trevor-mcdonald,SP,25,0.014,,,2026 Active Roster,2026 Active Roster,San Francisco Giants Contracts,,,Pre-Arbitration,Pre-Arbitration,,596453,0.24,596453,596453,,,2026,2026,2026,1,780000,780000,686790,SF,Active,true,https://www.spotrac.com/mlb/san-francisco-giants/cash/_/year/2026 | https://www.spotrac.com/mlb/san-francisco-giants/contracts | https://www.spotrac.com/mlb/san-francisco-giants/tax/_/year/2026,,
2026-07-08T14:16:26+00:00,2026,SF,San Francisco Giants,san-francisco-giants,Tristan Beck,tristanbeck,https://www.spotrac.com/mlb/player/_/id/26141/tristan-beck,RP,30,2.067,,,2026 Minor,2026 Minor,,,,Pre-Arbitration,,,114010,0.05,114010,114010,,,,,,,,,663941,SF,Reassigned to Minors,true,https://www.spotrac.com/mlb/san-francisco-giants/cash/_/year/2026 | https://www.spotrac.com/mlb/san-francisco-giants/tax/_/year/2026,not_found_on_contracts_page,
2026-07-08T14:16:26+00:00,2026,SF,San Francisco Giants,san-francisco-giants,Tyler Mahle,tylermahle,https://www.spotrac.com/mlb/player/_/id/24414/tyler-mahle,SP,31,8.018,,,2026 Active Roster,2026 Active Roster,San Francisco Giants Contracts,,,Free Agent,Free Agent,,10000000,4.10,10000000,7000000,3000000,,2026,2026,2026,1,10000000,10000000,641816,SF,Active,true,https://www.spotrac.com/mlb/san-francisco-giants/cash/_/year/2026 | https://www.spotrac.com/mlb/san-francisco-giants/contracts | https://www.spotrac.com/mlb/san-francisco-giants/tax/_/year/2026,,
2026-07-08T14:16:26+00:00,2026,SF,San Francisco Giants,san-francisco-giants,Victor Bericoto,victorbericoto,https://www.spotrac.com/mlb/player/_/id/27526/victor-bericoto,OF,24,,,,2026 Active Roster,2026 Active Roster,San Francisco Giants Contracts,,,Pre-Arbitration,Pre-Arbitration,,533888,0.22,533888,533888,,,2026,2026,2026,1,780000,780000,682674,SF,Active,true,https://www.spotrac.com/mlb/san-francisco-giants/cash/_/year/2026 | https://www.spotrac.com/mlb/san-francisco-giants/contracts | https://www.spotrac.com/mlb/san-francisco-giants/tax/_/year/2026,,
2026-07-08T14:16:26+00:00,2026,SF,San Francisco Giants,san-francisco-giants,Wilkin Ramos,wilkinramos,https://www.spotrac.com/mlb/player/_/id/88536/wilkin-ramos,RP,25,,,,2026 Minor,2026 Minor,,,,Free Agent,,,304483,,304483,304483,,,,,,,,,,,,false,https://www.spotrac.com/mlb/san-francisco-giants/cash/_/year/2026 | https://www.spotrac.com/mlb/san-francisco-giants/tax/_/year/2026,not_found_on_contracts_page,
2026-07-08T14:16:26+00:00,2026,SF,San Francisco Giants,san-francisco-giants,Will Brennan,willbrennan,https://www.spotrac.com/mlb/player/_/id/31197/will-brennan,RF,28,2.155,,,2026 Minor,2026 Minor,,,,Free Agent,,,154016,,154016,154016,,,,,,,,,,,,false,https://www.spotrac.com/mlb/san-francisco-giants/cash/_/year/2026 | https://www.spotrac.com/mlb/san-francisco-giants/tax/_/year/2026,not_found_on_contracts_page,
2026-07-08T14:16:26+00:00,2026,SF,San Francisco Giants,san-francisco-giants,Willy Adames,willyadames,https://www.spotrac.com/mlb/player/_/id/18509/willy-adames,SS,30,7.105,,,2026 Active Roster,2026 Active Roster,San Francisco Giants Contracts,,,Free Agent,Free Agent,,26000000,10.66,21000000,10000000,11000000,,2025,2025,2031,7,182000000,26000000,642715,SF,Active,true,https://www.spotrac.com/mlb/san-francisco-giants/cash/_/year/2026 | https://www.spotrac.com/mlb/san-francisco-giants/contracts | https://www.spotrac.com/mlb/san-francisco-giants/tax/_/year/2026,,
2026-07-08T14:16:26+00:00,2026,STL,St. Louis Cardinals,st-louis-cardinals,Adam Wainwright,adamwainwright,https://www.spotrac.com/mlb/player/_/id/802/adam-wainwright,SP,44,,,,,2026 Deferred,,,,,,,,,1000000,1000000,,,,,,,,,,,,false,https://www.spotrac.com/mlb/st-louis-cardinals/cash/_/year/2026,not_found_on_tax_page;not_found_on_contracts_page,
2026-07-08T14:16:26+00:00,2026,STL,St. Louis Cardinals,st-louis-cardinals,Alec Burleson,alecburleson,https://www.spotrac.com/mlb/player/_/id/48426/alec-burleson,1B,27,3.029,,,2026 Active Roster,2026 Active Roster,St. Louis Cardinals Contracts,,,Arbitration 1,Arbitration,,3300000,1.35,3300000,3300000,,,2026,2026,2026,1,3300000,3300000,676475,STL,Active,true,https://www.spotrac.com/mlb/st-louis-cardinals/cash/_/year/2026 | https://www.spotrac.com/mlb/st-louis-cardinals/contracts | https://www.spotrac.com/mlb/st-louis-cardinals/tax/_/year/2026,,
2026-07-08T14:16:26+00:00,2026,STL,St. Louis Cardinals,st-louis-cardinals,Andre Pallante,andrepallante,https://www.spotrac.com/mlb/player/_/id/30525/andre-pallante,SP,27,3.145,,,2026 Active Roster,2026 Active Roster,St. Louis Cardinals Contracts,,,Arbitration 2 Super Two,Arbitration,,4000000,1.64,4000000,4000000,,,2026,2026,2026,1,4000000,4000000,669467,STL,Active,true,https://www.spotrac.com/mlb/st-louis-cardinals/cash/_/year/2026 | https://www.spotrac.com/mlb/st-louis-cardinals/contracts | https://www.spotrac.com/mlb/st-louis-cardinals/tax/_/year/2026,,
2026-07-08T14:16:26+00:00,2026,STL,St. Louis Cardinals,st-louis-cardinals,Blaze Jordan,blazejordan,https://www.spotrac.com/mlb/player/_/id/48445/blaze-jordan,3B,23,,,,2026 Active Roster,2026 Active Roster,St. Louis Cardinals Contracts,,,Pre-Arbitration,Pre-Arbitration,,446297,0.18,446297,446297,,,2026,2026,2026,1,780000,780000,691458,STL,Active,true,https://www.spotrac.com/mlb/st-louis-cardinals/cash/_/year/2026 | https://www.spotrac.com/mlb/st-louis-cardinals/contracts | https://www.spotrac.com/mlb/st-louis-cardinals/tax/_/year/2026,,
2026-07-08T14:16:26+00:00,2026,STL,St. Louis Cardinals,st-louis-cardinals,Bryan Torres,bryantorres,https://www.spotrac.com/mlb/player/_/id/99596/bryan-torres,2B,28,,,,2026 Active Roster,2026 Active Roster,St. Louis Cardinals Contracts,,,Pre-Arbitration,Pre-Arbitration,,533888,0.22,533888,533888,,,2026,2026,2026,1,780000,780000,663494,STL,Active,true,https://www.spotrac.com/mlb/st-louis-cardinals/cash/_/year/2026 | https://www.spotrac.com/mlb/st-louis-cardinals/contracts | https://www.spotrac.com/mlb/st-louis-cardinals/tax/_/year/2026,,
2026-07-08T14:16:26+00:00,2026,STL,St. Louis Cardinals,st-louis-cardinals,Brycen Mautz,brycenmautz,https://www.spotrac.com/mlb/player/_/id/78622/brycen-mautz,SP,24,,,,2026 Minor,2026 Minor,,,,Pre-Arbitration,,,8342,0.00,8342,8342,,,,,,,,,802408,STL,Reassigned to Minors,true,https://www.spotrac.com/mlb/st-louis-cardinals/cash/_/year/2026 | https://www.spotrac.com/mlb/st-louis-cardinals/tax/_/year/2026,not_found_on_contracts_page,
2026-07-08T14:16:26+00:00,2026,STL,St. Louis Cardinals,st-louis-cardinals,Carlos Carrion,carloscarrion,https://www.spotrac.com/mlb/player/_/id/105499/carlos-carrion,SS,17,,,,,2026 Signing Bonus,,,,,,,,,1000000,,1000000,,,,,,,,,,,false,https://www.spotrac.com/mlb/st-louis-cardinals/cash/_/year/2026,not_found_on_tax_page;not_found_on_contracts_page,
2026-07-08T14:16:26+00:00,2026,STL,St. Louis Cardinals,st-louis-cardinals,Chris Roycroft,chrisroycroft,https://www.spotrac.com/mlb/player/_/id/91252/chris-roycroft,RP,29,0.150,,,2026 Dead Money,2026 Dead Money,,,,,,,75798,0.03,75798,75798,,,,,,,,,688297,TB,Active,true_other_team,https://www.spotrac.com/mlb/st-louis-cardinals/cash/_/year/2026 | https://www.spotrac.com/mlb/st-louis-cardinals/tax/_/year/2026,not_found_on_contracts_page,
2026-07-08T14:16:26+00:00,2026,STL,St. Louis Cardinals,st-louis-cardinals,Christopher Vargas,christophervargas,https://www.spotrac.com/mlb/player/_/id/105503/christopher-vargas,OF,17,,,,,2026 Signing Bonus,,,,,,,,,300000,,300000,,,,,,,,,,,false,https://www.spotrac.com/mlb/st-louis-cardinals/cash/_/year/2026,not_found_on_tax_page;not_found_on_contracts_page,
2026-07-08T14:16:26+00:00,2026,STL,St. Louis Cardinals,st-louis-cardinals,Cooper Hjerpe,cooperhjerpe,https://www.spotrac.com/mlb/player/_/id/78023/cooper-hjerpe,SP,,,,,2026 Minor,,,,,Pre-Arbitration,,,,,,,,,,,,,,,687309,STL,Reassigned to Minors,true,https://www.spotrac.com/mlb/st-louis-cardinals/tax/_/year/2026,missing_all_money_fields;not_found_on_cash_page;not_found_on_contracts_page,
2026-07-08T14:16:26+00:00,2026,STL,St. Louis Cardinals,st-louis-cardinals,César Prieto,cesarprieto,https://www.spotrac.com/mlb/player/_/id/75323/c%C3%A9sar-prieto,2B,27,0.031,,,2026 Minor,2026 Minor,,,,Pre-Arbitration,,,100104,0.04,100104,100104,,,,,,,,,693409,STL,Reassigned to Minors,true,https://www.spotrac.com/mlb/st-louis-cardinals/cash/_/year/2026 | https://www.spotrac.com/mlb/st-louis-cardinals/tax/_/year/2026,not_found_on_contracts_page,
2026-07-08T14:16:26+00:00,2026,STL,St. Louis Cardinals,st-louis-cardinals,Dustin May,dustinmay,https://www.spotrac.com/mlb/player/_/id/19946/dustin-may,SP,28,6.059,,,2026 Active Roster,2026 Active Roster,St. Louis Cardinals Contracts,,,Free Agent,Free Agent,,12500000,5.12,12000000,12000000,,,2026,2026,2027,1,12500000,12500000,669160,STL,Active,true,https://www.spotrac.com/mlb/st-louis-cardinals/cash/_/year/2026 | https://www.spotrac.com/mlb/st-louis-cardinals/contracts | https://www.spotrac.com/mlb/st-louis-cardinals/tax/_/year/2026,,
2026-07-08T14:16:26+00:00,2026,STL,St. Louis Cardinals,st-louis-cardinals,Emanuel Luna,emanuelluna,https://www.spotrac.com/mlb/player/_/id/105498/emanuel-luna,OF,17,,,,,2026 Signing Bonus,,,,,,,,,2300000,,2300000,,,,,,,,,,,false,https://www.spotrac.com/mlb/st-louis-cardinals/cash/_/year/2026,not_found_on_tax_page;not_found_on_contracts_page,
2026-07-08T14:16:26+00:00,2026,STL,St. Louis Cardinals,st-louis-cardinals,Emilio Jimenez,emiliojimenez,https://www.spotrac.com/mlb/player/_/id/105551/emilio-jimenez,P,17,,,,,2026 Signing Bonus,,,,,,,,,220000,,220000,,,,,,,,,,,false,https://www.spotrac.com/mlb/st-louis-cardinals/cash/_/year/2026,not_found_on_tax_page;not_found_on_contracts_page,
2026-07-08T14:16:26+00:00,2026,STL,St. Louis Cardinals,st-louis-cardinals,George Soriano,georgesoriano,https://www.spotrac.com/mlb/player/_/id/75005/george-soriano,RP,27,1.095,,,2026 Active Roster,2026 Active Roster,St. Louis Cardinals Contracts,,,Pre-Arbitration,Pre-Arbitration,,793350,0.33,793350,793350,,,2026,2026,2026,1,793350,793350,666277,STL,Active,true,https://www.spotrac.com/mlb/st-louis-cardinals/cash/_/year/2026 | https://www.spotrac.com/mlb/st-louis-cardinals/contracts | https://www.spotrac.com/mlb/st-louis-cardinals/tax/_/year/2026,,
2026-07-08T14:16:26+00:00,2026,STL,St. Louis Cardinals,st-louis-cardinals,Gordon Graceffo,gordongraceffo,https://www.spotrac.com/mlb/player/_/id/73413/gordon-graceffo,RP,26,0.091,,,2026 Active Roster,2026 Active Roster,St. Louis Cardinals Contracts,,,Pre-Arbitration,Pre-Arbitration,,746710,0.31,746710,746710,,,2026,2026,2026,1,784550,784550,700669,STL,Active,true,https://www.spotrac.com/mlb/st-louis-cardinals/cash/_/year/2026 | https://www.spotrac.com/mlb/st-louis-cardinals/contracts | https://www.spotrac.com/mlb/st-louis-cardinals/tax/_/year/2026,,
2026-07-08T14:16:26+00:00,2026,STL,St. Louis Cardinals,st-louis-cardinals,Hunter Dobbins,hunterdobbins,https://www.spotrac.com/mlb/player/_/id/73491/hunter-dobbins,RP,26,0.152,,,2026 Minor,2026 Minor,,,,Pre-Arbitration,,,63180,0.03,63180,63180,,,,,,,,,690928,STL,Active,true,https://www.spotrac.com/mlb/st-louis-cardinals/cash/_/year/2026 | https://www.spotrac.com/mlb/st-louis-cardinals/tax/_/year/2026,not_found_on_contracts_page,
2026-07-08T14:16:26+00:00,2026,STL,St. Louis Cardinals,st-louis-cardinals,Iván Herrera,ivanherrera,https://www.spotrac.com/mlb/player/_/id/20857/iv%C3%A1n-herrera,C,26,2.034,,,2026 Active Roster,2026 Active Roster,St. Louis Cardinals Contracts,,,Pre-Arbitration,Pre-Arbitration,,798800,0.33,798800,798800,,,2026,2026,2026,1,798800,798800,671056,STL,Active,true,https://www.spotrac.com/mlb/st-louis-cardinals/cash/_/year/2026 | https://www.spotrac.com/mlb/st-louis-cardinals/contracts | https://www.spotrac.com/mlb/st-louis-cardinals/tax/_/year/2026,,
2026-07-08T14:16:26+00:00,2026,STL,St. Louis Cardinals,st-louis-cardinals,JJ Wetherholt,jjwetherholt,https://www.spotrac.com/mlb/player/_/id/94544/jj-wetherholt,2B,23,,,,2026 Active Roster,2026 Active Roster,St. Louis Cardinals Contracts,,,Pre-Arbitration,Pre-Arbitration,,780000,0.32,780000,780000,,,2026,2026,2026,1,780000,780000,802139,STL,Active,true,https://www.spotrac.com/mlb/st-louis-cardinals/cash/_/year/2026 | https://www.spotrac.com/mlb/st-louis-cardinals/contracts | https://www.spotrac.com/mlb/st-louis-cardinals/tax/_/year/2026,,
2026-07-08T14:16:26+00:00,2026,STL,St. Louis Cardinals,st-louis-cardinals,Jared Shuster,jaredshuster,https://www.spotrac.com/mlb/player/_/id/48381/jared-shuster,RP,27,1.148,,,2026 Active Roster,2026 Active Roster,St. Louis Cardinals Contracts,,,Free Agent,Free Agent,,464810,0.19,464810,464810,,,2026,2026,2026,1,820000,820000,694363,STL,Active,true,https://www.spotrac.com/mlb/st-louis-cardinals/cash/_/year/2026 | https://www.spotrac.com/mlb/st-louis-cardinals/contracts | https://www.spotrac.com/mlb/st-louis-cardinals/tax/_/year/2026,,
2026-07-08T14:16:26+00:00,2026,STL,St. Louis Cardinals,st-louis-cardinals,Javier Martinez,javiermartinez,https://www.spotrac.com/mlb/player/_/id/105778/javier-martinez,P,17,,,,,2026 Signing Bonus,,,,,,,,,100000,,100000,,,,,,,,,,,false,https://www.spotrac.com/mlb/st-louis-cardinals/cash/_/year/2026,not_found_on_tax_page;not_found_on_contracts_page,
2026-07-08T14:16:26+00:00,2026,STL,St. Louis Cardinals,st-louis-cardinals,Jhon Franganten,jhonfranganten,https://www.spotrac.com/mlb/player/_/id/105502/jhon-franganten,OF,16,,,,,2026 Signing Bonus,,,,,,,,,350000,,350000,,,,,,,,,,,false,https://www.spotrac.com/mlb/st-louis-cardinals/cash/_/year/2026,not_found_on_tax_page;not_found_on_contracts_page,
2026-07-08T14:16:26+00:00,2026,STL,St. Louis Cardinals,st-louis-cardinals,Jimmy Crooks III,jimmycrooks,https://www.spotrac.com/mlb/player/_/id/78717/jimmy-crooks-iii,C,24,0.031,,,2026 Active Roster,2026 Active Roster,St. Louis Cardinals Contracts,,,Pre-Arbitration,Pre-Arbitration,,504691,0.21,504691,504691,,,2026,2026,2026,1,780000,780000,699625,STL,Active,true,https://www.spotrac.com/mlb/st-louis-cardinals/cash/_/year/2026 | https://www.spotrac.com/mlb/st-louis-cardinals/contracts | https://www.spotrac.com/mlb/st-louis-cardinals/tax/_/year/2026,,
2026-07-08T14:16:26+00:00,2026,STL,St. Louis Cardinals,st-louis-cardinals,JoJo Romero,jojoromero,https://www.spotrac.com/mlb/player/_/id/20195/jojo-romero,RP,29,5.045,,,2026 Active Roster,2026 Active Roster,St. Louis Cardinals Contracts,,,Arbitration 3,Arbitration,,4260000,1.75,4260000,4260000,,,2026,2026,2026,1,4260000,4260000,668941,STL,Active,true,https://www.spotrac.com/mlb/st-louis-cardinals/cash/_/year/2026 | https://www.spotrac.com/mlb/st-louis-cardinals/contracts | https://www.spotrac.com/mlb/st-louis-cardinals/tax/_/year/2026,,
2026-07-08T14:16:26+00:00,2026,STL,St. Louis Cardinals,st-louis-cardinals,Jordan Beltran,jordanbeltran,https://www.spotrac.com/mlb/player/_/id/105669/jordan-beltran,P,17,,,,,2026 Signing Bonus,,,,,,,,,250000,,250000,,,,,,,,,,,false,https://www.spotrac.com/mlb/st-louis-cardinals/cash/_/year/2026,not_found_on_tax_page;not_found_on_contracts_page,
2026-07-08T14:16:26+00:00,2026,STL,St. Louis Cardinals,st-louis-cardinals,Jordan Walker,jordanwalker,https://www.spotrac.com/mlb/player/_/id/48376/jordan-walker,RF,24,2.044,,,2026 Active Roster,2026 Active Roster,St. Louis Cardinals Contracts,,,Pre-Arbitration,Pre-Arbitration,,799400,0.33,799400,799400,,,2026,2026,2026,1,799400,799400,691023,STL,Active,true,https://www.spotrac.com/mlb/st-louis-cardinals/cash/_/year/2026 | https://www.spotrac.com/mlb/st-louis-cardinals/contracts | https://www.spotrac.com/mlb/st-louis-cardinals/tax/_/year/2026,,
2026-07-08T14:16:26+00:00,2026,STL,St. Louis Cardinals,st-louis-cardinals,Jose Fermin,josefermin,https://www.spotrac.com/mlb/player/_/id/74509/jose-fermin,2B,27,1.075,,,2026 Active Roster,2026 Active Roster,St. Louis Cardinals Contracts,,,Pre-Arbitration,Pre-Arbitration,,792350,0.32,792350,792350,,,2026,2026,2026,1,792350,792350,665877,STL,Active,true,https://www.spotrac.com/mlb/st-louis-cardinals/cash/_/year/2026 | https://www.spotrac.com/mlb/st-louis-cardinals/contracts | https://www.spotrac.com/mlb/st-louis-cardinals/tax/_/year/2026,,
2026-07-08T14:16:26+00:00,2026,STL,St. Louis Cardinals,st-louis-cardinals,Joshua Baez,joshuabaez,https://www.spotrac.com/mlb/player/_/id/73316/joshua-baez,OF,,,,,2026 Minor,,,,,Pre-Arbitration,,,,,,,,,,,,,,,695491,STL,Reassigned to Minors,true,https://www.spotrac.com/mlb/st-louis-cardinals/tax/_/year/2026,missing_all_money_fields;not_found_on_cash_page;not_found_on_contracts_page,
2026-07-08T14:16:26+00:00,2026,STL,St. Louis Cardinals,st-louis-cardinals,Justin Bruihl,justinbruihl,https://www.spotrac.com/mlb/player/_/id/74237/justin-bruihl,RP,29,1.112,,,2026 Active Roster,2026 Active Roster,St. Louis Cardinals Contracts,,,Pre-Arbitration,Pre-Arbitration,,850000,0.35,850000,850000,,,2026,2026,2026,1,850000,850000,677865,STL,Active,true,https://www.spotrac.com/mlb/st-louis-cardinals/cash/_/year/2026 | https://www.spotrac.com/mlb/st-louis-cardinals/contracts | https://www.spotrac.com/mlb/st-louis-cardinals/tax/_/year/2026,,
2026-07-08T14:16:26+00:00,2026,STL,St. Louis Cardinals,st-louis-cardinals,Kyle Leahy,kyleleahy,https://www.spotrac.com/mlb/player/_/id/26606/kyle-leahy,SP,29,1.140,,,2026 Active Roster,2026 Active Roster,St. Louis Cardinals Contracts,,,Pre-Arbitration,Pre-Arbitration,,795600,0.33,795600,795600,,,2026,2026,2026,1,795600,795600,681517,STL,Active,true,https://www.spotrac.com/mlb/st-louis-cardinals/cash/_/year/2026 | https://www.spotrac.com/mlb/st-louis-cardinals/contracts | https://www.spotrac.com/mlb/st-louis-cardinals/tax/_/year/2026,,
2026-07-08T14:16:26+00:00,2026,STL,St. Louis Cardinals,st-louis-cardinals,Lars Nootbaar,larsnootbaar,https://www.spotrac.com/mlb/player/_/id/26276/lars-nootbaar,LF,28,4.076,,,2026 Active Roster,2026 Active Roster,St. Louis Cardinals Contracts,,,Arbitration 2,Arbitration,,5250000,2.15,5250000,5250000,,,2026,2026,2026,1,5250000,5250000,663457,STL,Active,true,https://www.spotrac.com/mlb/st-louis-cardinals/cash/_/year/2026 | https://www.spotrac.com/mlb/st-louis-cardinals/contracts | https://www.spotrac.com/mlb/st-louis-cardinals/tax/_/year/2026,,
2026-07-08T14:16:26+00:00,2026,STL,St. Louis Cardinals,st-louis-cardinals,Leonardo Bernal,leonardobernal,https://www.spotrac.com/mlb/player/_/id/71290/leonardo-bernal,C,,,,,2026 Minor,,,,,Pre-Arbitration,,,,,,,,,,,,,,,,,,false,https://www.spotrac.com/mlb/st-louis-cardinals/tax/_/year/2026,missing_all_money_fields;not_found_on_cash_page;not_found_on_contracts_page,
2026-07-08T14:16:26+00:00,2026,STL,St. Louis Cardinals,st-louis-cardinals,Luis Estrella,luisestrella,https://www.spotrac.com/mlb/player/_/id/105668/luis-estrella,OF,17,,,,,2026 Signing Bonus,,,,,,,,,300000,,300000,,,,,,,,,,,false,https://www.spotrac.com/mlb/st-louis-cardinals/cash/_/year/2026,not_found_on_tax_page;not_found_on_contracts_page,
2026-07-08T14:16:26+00:00,2026,STL,St. Louis Cardinals,st-louis-cardinals,Masyn Winn,masynwinn,https://www.spotrac.com/mlb/player/_/id/48410/masyn-winn,SS,24,2.045,,,2026 Active Roster,2026 Active Roster,St. Louis Cardinals Contracts,,,Pre-Arbitration,Pre-Arbitration,,799450,0.33,799450,799450,,,2026,2026,2026,1,799450,799450,691026,STL,Active,true,https://www.spotrac.com/mlb/st-louis-cardinals/cash/_/year/2026 | https://www.spotrac.com/mlb/st-louis-cardinals/contracts | https://www.spotrac.com/mlb/st-louis-cardinals/tax/_/year/2026,,
2026-07-08T14:16:26+00:00,2026,STL,St. Louis Cardinals,st-louis-cardinals,Matt Holliday,mattholliday,https://www.spotrac.com/mlb/player/_/id/260/matt-holliday,OF,46,,,,,2026 Deferred,,,,,,,,,1400000,1400000,,,,,,,,,,,,false,https://www.spotrac.com/mlb/st-louis-cardinals/cash/_/year/2026,not_found_on_tax_page;not_found_on_contracts_page,
2026-07-08T14:16:26+00:00,2026,STL,St. Louis Cardinals,st-louis-cardinals,Matt Pushard,mattpushard,https://www.spotrac.com/mlb/player/_/id/79377/matt-pushard,RP,28,,,,2026 Dead Money,2026 Dead Money,,,,,,,283628,0.12,283628,283628,,,,,,,,,,,,false,https://www.spotrac.com/mlb/st-louis-cardinals/cash/_/year/2026 | https://www.spotrac.com/mlb/st-louis-cardinals/tax/_/year/2026,not_found_on_contracts_page,
2026-07-08T14:16:26+00:00,2026,STL,St. Louis Cardinals,st-louis-cardinals,Matt Svanson,mattsvanson,https://www.spotrac.com/mlb/player/_/id/73690/matt-svanson,RP,27,0.116,,,2026 Active Roster,2026 Active Roster,St. Louis Cardinals Contracts,,,Pre-Arbitration,Pre-Arbitration,,735350,0.30,735350,735350,,,2026,2026,2026,1,785800,785800,694335,STL,Active,true,https://www.spotrac.com/mlb/st-louis-cardinals/cash/_/year/2026 | https://www.spotrac.com/mlb/st-louis-cardinals/contracts | https://www.spotrac.com/mlb/st-louis-cardinals/tax/_/year/2026,,
2026-07-08T14:16:26+00:00,2026,STL,St. Louis Cardinals,st-louis-cardinals,Matthew Liberatore,matthewliberatore,https://www.spotrac.com/mlb/player/_/id/26039/matthew-liberatore,SP,26,2.144,,,2026 Active Roster,2026 Active Roster,St. Louis Cardinals Contracts,,,Arbitration 1 Super Two,Arbitration,,2260000,0.93,2260000,2260000,,,2026,2026,2026,1,2260000,2260000,669461,STL,Active,true,https://www.spotrac.com/mlb/st-louis-cardinals/cash/_/year/2026 | https://www.spotrac.com/mlb/st-louis-cardinals/contracts | https://www.spotrac.com/mlb/st-louis-cardinals/tax/_/year/2026,,
2026-07-08T14:16:26+00:00,2026,STL,St. Louis Cardinals,st-louis-cardinals,Max Rajcic,maxrajcic,https://www.spotrac.com/mlb/player/_/id/78769/max-rajcic,RP,24,,,,2026 Injured List,2026 Injured List,St. Louis Cardinals Contracts,,,Pre-Arbitration,Pre-Arbitration,,421271,,421271,421271,,,2026,2026,2026,1,780000,780000,691008,STL,Injured 60-Day,true,https://www.spotrac.com/mlb/st-louis-cardinals/cash/_/year/2026 | https://www.spotrac.com/mlb/st-louis-cardinals/contracts | https://www.spotrac.com/mlb/st-louis-cardinals/tax/_/year/2026,,
2026-07-08T14:16:26+00:00,2026,STL,St. Louis Cardinals,st-louis-cardinals,Michael McGreevy,michaelmcgreevy,https://www.spotrac.com/mlb/player/_/id/73280/michael-mcgreevy,SP,25,0.091,,,2026 Active Roster,2026 Active Roster,St. Louis Cardinals Contracts,,,Pre-Arbitration,Pre-Arbitration,,784550,0.32,784550,784550,,,2026,2026,2026,1,784550,784550,700241,STL,Active,true,https://www.spotrac.com/mlb/st-louis-cardinals/cash/_/year/2026 | https://www.spotrac.com/mlb/st-louis-cardinals/contracts | https://www.spotrac.com/mlb/st-louis-cardinals/tax/_/year/2026,,
2026-07-08T14:16:26+00:00,2026,STL,St. Louis Cardinals,st-louis-cardinals,Misael Sanchez,misaelsanchez,https://www.spotrac.com/mlb/player/_/id/105901/misael-sanchez,OF,17,,,,,2026 Signing Bonus,,,,,,,,,125000,,125000,,,,,,,,,,,false,https://www.spotrac.com/mlb/st-louis-cardinals/cash/_/year/2026,not_found_on_tax_page;not_found_on_contracts_page,
2026-07-08T14:16:26+00:00,2026,STL,St. Louis Cardinals,st-louis-cardinals,Nathan Church,nathanchurch,https://www.spotrac.com/mlb/player/_/id/78920/nathan-church,LF,25,0.043,,,2026 Active Roster,2026 Active Roster,St. Louis Cardinals Contracts,,,Pre-Arbitration,Pre-Arbitration,,782150,0.32,782150,782150,,,2026,2026,2026,1,782150,782150,701675,STL,Active,true,https://www.spotrac.com/mlb/st-louis-cardinals/cash/_/year/2026 | https://www.spotrac.com/mlb/st-louis-cardinals/contracts | https://www.spotrac.com/mlb/st-louis-cardinals/tax/_/year/2026,,
2026-07-08T14:16:26+00:00,2026,STL,St. Louis Cardinals,st-louis-cardinals,Nelson Velazquez,nelsonvelazquez,https://www.spotrac.com/mlb/player/_/id/23378/nelson-velazquez,CF,27,1.101,,,2026 Active Roster,2026 Active Roster,St. Louis Cardinals Contracts,,,Pre-Arbitration,Pre-Arbitration,,504691,0.21,504691,504691,,,2026,2026,2026,1,780000,780000,676369,STL,Active,true,https://www.spotrac.com/mlb/st-louis-cardinals/cash/_/year/2026 | https://www.spotrac.com/mlb/st-louis-cardinals/contracts | https://www.spotrac.com/mlb/st-louis-cardinals/tax/_/year/2026,,
2026-07-08T14:16:26+00:00,2026,STL,St. Louis Cardinals,st-louis-cardinals,Nolan Arenado,nolanarenado,https://www.spotrac.com/mlb/player/_/id/12643/nolan-arenado,3B,35,12.155,,,2026 Retained,2026 Retained,,,,Retained,,,30166668,,16000000,16000000,,,,,,,,,571448,ARI,Active,true_other_team,https://www.spotrac.com/mlb/st-louis-cardinals/cash/_/year/2026 | https://www.spotrac.com/mlb/st-louis-cardinals/tax/_/year/2026,not_found_on_contracts_page,
2026-07-08T14:16:26+00:00,2026,STL,St. Louis Cardinals,st-louis-cardinals,Nolan Gorman,nolangorman,https://www.spotrac.com/mlb/player/_/id/26042/nolan-gorman,3B,26,3.114,,,2026 Minor,2026 Minor,,,,Arbitration 1,,,2655000,1.09,2655000,2655000,,,,,,,,,669357,STL,Reassigned to Minors,true,https://www.spotrac.com/mlb/st-louis-cardinals/cash/_/year/2026 | https://www.spotrac.com/mlb/st-louis-cardinals/tax/_/year/2026,not_found_on_contracts_page,
2026-07-08T14:16:26+00:00,2026,STL,St. Louis Cardinals,st-louis-cardinals,Pedro Pages,pedropages,https://www.spotrac.com/mlb/player/_/id/31125/pedro-pages,C,27,1.166,,,2026 Active Roster,2026 Active Roster,St. Louis Cardinals Contracts,,,Pre-Arbitration,Pre-Arbitration,,796900,0.33,796900,796900,,,2026,2026,2026,1,796900,796900,686780,STL,Active,true,https://www.spotrac.com/mlb/st-louis-cardinals/cash/_/year/2026 | https://www.spotrac.com/mlb/st-louis-cardinals/contracts | https://www.spotrac.com/mlb/st-louis-cardinals/tax/_/year/2026,,
2026-07-08T14:16:26+00:00,2026,STL,St. Louis Cardinals,st-louis-cardinals,Rafeli Moronta,rafelimoronta,https://www.spotrac.com/mlb/player/_/id/105500/rafeli-moronta,P,16,,,,,2026 Signing Bonus,,,,,,,,,450000,,450000,,,,,,,,,,,false,https://www.spotrac.com/mlb/st-louis-cardinals/cash/_/year/2026,not_found_on_tax_page;not_found_on_contracts_page,
2026-07-08T14:16:26+00:00,2026,STL,St. Louis Cardinals,st-louis-cardinals,Ramon Urias,ramonurias,https://www.spotrac.com/mlb/player/_/id/28173/ramon-urias,2B,32,5.025,,,2026 Injured List,2026 Injured List,St. Louis Cardinals Contracts,,,Free Agent,Free Agent,,2000000,,1500000,1500000,,,2026,2026,2026,1,2000000,2000000,602104,STL,Injured 60-Day,true,https://www.spotrac.com/mlb/st-louis-cardinals/cash/_/year/2026 | https://www.spotrac.com/mlb/st-louis-cardinals/contracts | https://www.spotrac.com/mlb/st-louis-cardinals/tax/_/year/2026,,
2026-07-08T14:16:26+00:00,2026,STL,St. Louis Cardinals,st-louis-cardinals,Richard Fitts,richardfitts,https://www.spotrac.com/mlb/player/_/id/73445/richard-fitts,SP,,0.164,,,2026 Minor,,,,,Pre-Arbitration,,,,,,,,,,,,,,,690916,STL,Reassigned to Minors,true,https://www.spotrac.com/mlb/st-louis-cardinals/tax/_/year/2026,missing_all_money_fields;not_found_on_cash_page;not_found_on_contracts_page,
2026-07-08T14:16:26+00:00,2026,STL,St. Louis Cardinals,st-louis-cardinals,Riley O'Brien,rileyobrien,https://www.spotrac.com/mlb/player/_/id/23442/riley-obrien,RP,31,1.129,,,2026 Active Roster,2026 Active Roster,St. Louis Cardinals Contracts,,,Pre-Arbitration,Pre-Arbitration,,795050,0.33,795050,795050,,,2026,2026,2026,1,795050,795050,676617,STL,Active,true,https://www.spotrac.com/mlb/st-louis-cardinals/cash/_/year/2026 | https://www.spotrac.com/mlb/st-louis-cardinals/contracts | https://www.spotrac.com/mlb/st-louis-cardinals/tax/_/year/2026,,
2026-07-08T14:16:26+00:00,2026,STL,St. Louis Cardinals,st-louis-cardinals,Roberth Castillo,roberthcastillo,https://www.spotrac.com/mlb/player/_/id/105902/roberth-castillo,INF,17,,,,,2026 Signing Bonus,,,,,,,,,75000,,75000,,,,,,,,,,,false,https://www.spotrac.com/mlb/st-louis-cardinals/cash/_/year/2026,not_found_on_tax_page;not_found_on_contracts_page,
2026-07-08T14:16:26+00:00,2026,STL,St. Louis Cardinals,st-louis-cardinals,Ryan Fernandez,ryanfernandez,https://www.spotrac.com/mlb/player/_/id/27319/ryan-fernandez,RP,28,1.090,,,2026 Minor,2026 Minor,,,,Pre-Arbitration,,,254460,0.10,254460,254460,,,,,,,,,681676,STL,Reassigned to Minors,true,https://www.spotrac.com/mlb/st-louis-cardinals/cash/_/year/2026 | https://www.spotrac.com/mlb/st-louis-cardinals/tax/_/year/2026,not_found_on_contracts_page,
2026-07-08T14:16:26+00:00,2026,STL,St. Louis Cardinals,st-louis-cardinals,Ryne Stanek,rynestanek,https://www.spotrac.com/mlb/player/_/id/21195/ryne-stanek,RP,34,8.038,,,2026 Active Roster,2026 Active Roster,St. Louis Cardinals Contracts,,,Free Agent,Free Agent,,3500000,1.43,3500000,3500000,,,2026,2026,2027,1,3500000,3500000,592773,STL,Active,true,https://www.spotrac.com/mlb/st-louis-cardinals/cash/_/year/2026 | https://www.spotrac.com/mlb/st-louis-cardinals/contracts | https://www.spotrac.com/mlb/st-louis-cardinals/tax/_/year/2026,,
2026-07-08T14:16:26+00:00,2026,STL,St. Louis Cardinals,st-louis-cardinals,Sebastian Rojas,sebastianrojas,https://www.spotrac.com/mlb/player/_/id/105501/sebastian-rojas,C,17,,,,,2026 Signing Bonus,,,,,,,,,450000,,450000,,,,,,,,,,,false,https://www.spotrac.com/mlb/st-louis-cardinals/cash/_/year/2026,not_found_on_tax_page;not_found_on_contracts_page,
2026-07-08T14:16:26+00:00,2026,STL,St. Louis Cardinals,st-louis-cardinals,Sonny Gray,sonnygray,https://www.spotrac.com/mlb/player/_/id/14331/sonny-gray,SP,36,12.061,,,2026 Retained,2026 Retained,,,,Retained,,,5400964,,20000000,20000000,,,,,,,,,543243,BOS,Active,true_other_team,https://www.spotrac.com/mlb/st-louis-cardinals/cash/_/year/2026 | https://www.spotrac.com/mlb/st-louis-cardinals/tax/_/year/2026,not_found_on_contracts_page,
2026-07-08T14:16:26+00:00,2026,STL,St. Louis Cardinals,st-louis-cardinals,Tekoah Roby,tekoahroby,https://www.spotrac.com/mlb/player/_/id/48442/tekoah-roby,SP,,,,,2026 Minor,,,,,Pre-Arbitration,,,,,,,,,,,,,,,694358,STL,Reassigned to Minors,true,https://www.spotrac.com/mlb/st-louis-cardinals/tax/_/year/2026,missing_all_money_fields;not_found_on_cash_page;not_found_on_contracts_page,
2026-07-08T14:16:26+00:00,2026,STL,St. Louis Cardinals,st-louis-cardinals,Thomas Saggese,thomassaggese,https://www.spotrac.com/mlb/player/_/id/48501/thomas-saggese,SS,24,0.144,,,2026 Minor,2026 Minor,,,,Pre-Arbitration,,,303120,0.12,303120,303120,,,,,,,,,695336,STL,Reassigned to Minors,true,https://www.spotrac.com/mlb/st-louis-cardinals/cash/_/year/2026 | https://www.spotrac.com/mlb/st-louis-cardinals/tax/_/year/2026,not_found_on_contracts_page,
2026-07-08T14:16:26+00:00,2026,STL,St. Louis Cardinals,st-louis-cardinals,Tink Hence,tinkhence,https://www.spotrac.com/mlb/player/_/id/48419/tink-hence,SP,,,,,2026 Minor,,,,,Pre-Arbitration,,,,,,,,,,,,,,,693311,STL,Reassigned to Minors,true,https://www.spotrac.com/mlb/st-louis-cardinals/tax/_/year/2026,missing_all_money_fields;not_found_on_cash_page;not_found_on_contracts_page,
2026-07-08T14:16:26+00:00,2026,STL,St. Louis Cardinals,st-louis-cardinals,Victor Scott II,victorscott,https://www.spotrac.com/mlb/player/_/id/78741/victor-scott-ii,CF,25,1.083,,,2026 Minor,2026 Minor,,,,Pre-Arbitration,,,326403,0.13,326403,326403,,,,,,,,,687363,STL,Reassigned to Minors,true,https://www.spotrac.com/mlb/st-louis-cardinals/cash/_/year/2026 | https://www.spotrac.com/mlb/st-louis-cardinals/tax/_/year/2026,not_found_on_contracts_page,
2026-07-08T14:16:26+00:00,2026,STL,St. Louis Cardinals,st-louis-cardinals,Willson Contreras,willsoncontreras,https://www.spotrac.com/mlb/player/_/id/18368/willson-contreras,1B,34,9.108,,,2026 Retained,2026 Retained,,,,Retained,,,750000,,4000000,4000000,,,,,,,,,575929,BOS,Active,true_other_team,https://www.spotrac.com/mlb/st-louis-cardinals/cash/_/year/2026 | https://www.spotrac.com/mlb/st-louis-cardinals/tax/_/year/2026,not_found_on_contracts_page,
2026-07-08T14:16:26+00:00,2026,STL,St. Louis Cardinals,st-louis-cardinals,Yohel Pozo,yohelpozo,https://www.spotrac.com/mlb/player/_/id/70734/yohel-pozo,C,29,1.052,,,2026 Minor,2026 Minor,,,,Free Agent,,,282348,0.12,282348,282348,,,,,,,,,650968,STL,Reassigned to Minors,true,https://www.spotrac.com/mlb/st-louis-cardinals/cash/_/year/2026 | https://www.spotrac.com/mlb/st-louis-cardinals/tax/_/year/2026,not_found_on_contracts_page,
2026-07-08T14:16:26+00:00,2026,TB,Tampa Bay Rays,tampa-bay-rays,Aaron Brooks,aaronbrooks,https://www.spotrac.com/mlb/player/_/id/14189/aaron-brooks,RP,36,2.157,,,2026 Minor,2026 Minor,,,,Free Agent,,,25026,,25026,25026,,,,,,,,,,,,false,https://www.spotrac.com/mlb/tampa-bay-rays/cash/_/year/2026 | https://www.spotrac.com/mlb/tampa-bay-rays/tax/_/year/2026,not_found_on_contracts_page,
2026-07-08T14:16:26+00:00,2026,TB,Tampa Bay Rays,tampa-bay-rays,Alex Cook,alexcook,https://www.spotrac.com/mlb/player/_/id/78956/alex-cook,RP,,,,,2026 Minor,,,,,Pre-Arbitration,,,,,,,,,,,,,,,702047,TB,Reassigned to Minors,true,https://www.spotrac.com/mlb/tampa-bay-rays/tax/_/year/2026,missing_all_money_fields;not_found_on_cash_page;not_found_on_contracts_page,
2026-07-08T14:16:26+00:00,2026,TB,Tampa Bay Rays,tampa-bay-rays,Andrew Wantz,andrewwantz,https://www.spotrac.com/mlb/player/_/id/26244/andrew-wantz,RP,30,2.069,,,2026 Dead Money,2026 Dead Money,,,,,,,8342,0.00,8342,8342,,,,,,,,,,,,false,https://www.spotrac.com/mlb/tampa-bay-rays/cash/_/year/2026 | https://www.spotrac.com/mlb/tampa-bay-rays/tax/_/year/2026,not_found_on_contracts_page,
2026-07-08T14:16:26+00:00,2026,TB,Tampa Bay Rays,tampa-bay-rays,Austin Slater,austinslater,https://www.spotrac.com/mlb/player/_/id/22792/austin-slater,LF,33,7.147,,,2026 Dead Money,2026 Dead Money,,,,,,,58828,0.02,58828,58828,,,,,,,,,,,,false,https://www.spotrac.com/mlb/tampa-bay-rays/cash/_/year/2026 | https://www.spotrac.com/mlb/tampa-bay-rays/tax/_/year/2026,not_found_on_contracts_page,
2026-07-08T14:16:26+00:00,2026,TB,Tampa Bay Rays,tampa-bay-rays,Ben Williamson,benwilliamson,https://www.spotrac.com/mlb/player/_/id/84808/ben-williamson,3B,25,0.110,,,2026 Active Roster,2026 Active Roster,Tampa Bay Rays Contracts,,,Pre-Arbitration,Pre-Arbitration,,785700,0.32,785700,785700,,,2026,2026,2026,1,785700,785700,810938,TB,Active,true,https://www.spotrac.com/mlb/tampa-bay-rays/cash/_/year/2026 | https://www.spotrac.com/mlb/tampa-bay-rays/contracts | https://www.spotrac.com/mlb/tampa-bay-rays/tax/_/year/2026,,
2026-07-08T14:16:26+00:00,2026,TB,Tampa Bay Rays,tampa-bay-rays,Brandon Lowe,brandonlowe,https://www.spotrac.com/mlb/player/_/id/17746/brandon-lowe,2B,,7.058,,,2026 Retained,,,,,Retained,,,-500000,,,,,,,,,,,,664040,PIT,Active,true_other_team,https://www.spotrac.com/mlb/tampa-bay-rays/tax/_/year/2026,not_found_on_cash_page;not_found_on_contracts_page,
2026-07-08T14:16:26+00:00,2026,TB,Tampa Bay Rays,tampa-bay-rays,Bryan Baker,bryanbaker,https://www.spotrac.com/mlb/player/_/id/20868/bryan-baker,RP,31,3.049,,,2026 Active Roster,2026 Active Roster,Tampa Bay Rays Contracts,,,Arbitration 1,Arbitration,,1275000,0.52,1275000,1275000,,,2026,2026,2026,1,1275000,1275000,641329,TB,Active,true,https://www.spotrac.com/mlb/tampa-bay-rays/cash/_/year/2026 | https://www.spotrac.com/mlb/tampa-bay-rays/contracts | https://www.spotrac.com/mlb/tampa-bay-rays/tax/_/year/2026,,
2026-07-08T14:16:26+00:00,2026,TB,Tampa Bay Rays,tampa-bay-rays,Cam Booser,cambooser,https://www.spotrac.com/mlb/player/_/id/90301/cam-booser,RP,34,1.150,,,2026 Active Roster,2026 Active Roster,Tampa Bay Rays Contracts,,,Free Agent,Free Agent,,496349,0.20,496349,496349,,,2026,2026,2026,1,780000,780000,592155,TB,Active,true,https://www.spotrac.com/mlb/tampa-bay-rays/cash/_/year/2026 | https://www.spotrac.com/mlb/tampa-bay-rays/contracts | https://www.spotrac.com/mlb/tampa-bay-rays/tax/_/year/2026,,
2026-07-08T14:16:26+00:00,2026,TB,Tampa Bay Rays,tampa-bay-rays,Carson Williams,carsonwilliams,https://www.spotrac.com/mlb/player/_/id/73290/carson-williams,SS,23,0.039,,,2026 Minor,2026 Minor,,,,Pre-Arbitration,,,104375,0.04,104375,104375,,,,,,,,,700246,TB,Reassigned to Minors,true,https://www.spotrac.com/mlb/tampa-bay-rays/cash/_/year/2026 | https://www.spotrac.com/mlb/tampa-bay-rays/tax/_/year/2026,not_found_on_contracts_page,
2026-07-08T14:16:26+00:00,2026,TB,Tampa Bay Rays,tampa-bay-rays,Casey Legumina,caseylegumina,https://www.spotrac.com/mlb/player/_/id/31186/casey-legumina,RP,29,1.111,,,2026 Active Roster,2026 Active Roster,Tampa Bay Rays Contracts,,,Pre-Arbitration,Pre-Arbitration,,657228,0.27,657228,657228,,,2026,2026,2026,1,787900,787900,668984,TB,Active,true,https://www.spotrac.com/mlb/tampa-bay-rays/cash/_/year/2026 | https://www.spotrac.com/mlb/tampa-bay-rays/contracts | https://www.spotrac.com/mlb/tampa-bay-rays/tax/_/year/2026,,
2026-07-08T14:16:26+00:00,2026,TB,Tampa Bay Rays,tampa-bay-rays,Cedric Mullins,cedricmullins,https://www.spotrac.com/mlb/player/_/id/27916/cedric-mullins,CF,31,6.078,,,2026 Active Roster,2026 Active Roster,Tampa Bay Rays Contracts,,,Free Agent,Free Agent,,7000000,2.87,6500000,6500000,,,2026,2026,2027,1,7000000,7000000,656775,TB,Active,true,https://www.spotrac.com/mlb/tampa-bay-rays/cash/_/year/2026 | https://www.spotrac.com/mlb/tampa-bay-rays/contracts | https://www.spotrac.com/mlb/tampa-bay-rays/tax/_/year/2026,,
2026-07-08T14:16:26+00:00,2026,TB,Tampa Bay Rays,tampa-bay-rays,Chandler Simpson,chandlersimpson,https://www.spotrac.com/mlb/player/_/id/78628/chandler-simpson,LF,25,0.140,,,2026 Active Roster,2026 Active Roster,Tampa Bay Rays Contracts,,,Pre-Arbitration,Pre-Arbitration,,785100,0.32,785100,785100,,,2026,2026,2026,1,785100,785100,802415,TB,Active,true,https://www.spotrac.com/mlb/tampa-bay-rays/cash/_/year/2026 | https://www.spotrac.com/mlb/tampa-bay-rays/contracts | https://www.spotrac.com/mlb/tampa-bay-rays/tax/_/year/2026,,
2026-07-08T14:16:26+00:00,2026,TB,Tampa Bay Rays,tampa-bay-rays,Chase Solesky,chasesolesky,https://www.spotrac.com/mlb/player/_/id/32017/chase-solesky,RP,28,,,,2026 Minor,2026 Minor,,,,Pre-Arbitration,,,20855,0.01,20855,20855,,,,,,,,,686678,TB,Reassigned to Minors,true,https://www.spotrac.com/mlb/tampa-bay-rays/cash/_/year/2026 | https://www.spotrac.com/mlb/tampa-bay-rays/tax/_/year/2026,not_found_on_contracts_page,
2026-07-08T14:16:26+00:00,2026,TB,Tampa Bay Rays,tampa-bay-rays,Chris Roycroft,chrisroycroft,https://www.spotrac.com/mlb/player/_/id/91252/chris-roycroft,RP,29,0.150,,,2026 Active Roster,2026 Active Roster,Tampa Bay Rays Contracts,,,Pre-Arbitration,Pre-Arbitration,,349513,0.14,349513,349513,,,2026,2026,2026,1,787500,787500,688297,TB,Active,true,https://www.spotrac.com/mlb/tampa-bay-rays/cash/_/year/2026 | https://www.spotrac.com/mlb/tampa-bay-rays/contracts | https://www.spotrac.com/mlb/tampa-bay-rays/tax/_/year/2026,,
2026-07-08T14:16:26+00:00,2026,TB,Tampa Bay Rays,tampa-bay-rays,Cole Sulser,colesulser,https://www.spotrac.com/mlb/player/_/id/32816/cole-sulser,RP,36,4.096,,,2026 Active Roster,2026 Active Roster,Tampa Bay Rays Contracts,,,Arbitration 3,Arbitration,,1050000,0.43,1050000,1050000,,,2026,2026,2026,1,1050000,1050000,642121,TB,Active,true,https://www.spotrac.com/mlb/tampa-bay-rays/cash/_/year/2026 | https://www.spotrac.com/mlb/tampa-bay-rays/contracts | https://www.spotrac.com/mlb/tampa-bay-rays/tax/_/year/2026,,
2026-07-08T14:16:26+00:00,2026,TB,Tampa Bay Rays,tampa-bay-rays,Craig Kimbrel,craigkimbrel,https://www.spotrac.com/mlb/player/_/id/7233/craig-kimbrel,RP,38,14.031,,,2026 Active Roster,2026 Active Roster,Tampa Bay Rays Contracts,,,Free Agent,Free Agent,,517204,0.21,517204,517204,,,2026,2026,2026,1,780000,780000,518886,TB,Active,true,https://www.spotrac.com/mlb/tampa-bay-rays/cash/_/year/2026 | https://www.spotrac.com/mlb/tampa-bay-rays/contracts | https://www.spotrac.com/mlb/tampa-bay-rays/tax/_/year/2026,,
2026-07-08T14:16:26+00:00,2026,TB,Tampa Bay Rays,tampa-bay-rays,Deiverson Blanco,deiversonblanco,https://www.spotrac.com/mlb/player/_/id/105897/deiverson-blanco,P,16,,,,,2026 Signing Bonus,,,,,,,,,150000,,150000,,,,,,,,,,,false,https://www.spotrac.com/mlb/tampa-bay-rays/cash/_/year/2026,not_found_on_tax_page;not_found_on_contracts_page,
2026-07-08T14:16:26+00:00,2026,TB,Tampa Bay Rays,tampa-bay-rays,Drew Rasmussen,drewrasmussen,https://www.spotrac.com/mlb/player/_/id/26218/drew-rasmussen,SP,30,5.111,,,2026 Active Roster,2026 Active Roster,Tampa Bay Rays Contracts,,,Extension Arbitration,Extension Arbitration,,4250000,1.74,5500000,5500000,,,2025,2025,2027,2,8500000,4250000,656876,TB,Active,true,https://www.spotrac.com/mlb/tampa-bay-rays/cash/_/year/2026 | https://www.spotrac.com/mlb/tampa-bay-rays/contracts | https://www.spotrac.com/mlb/tampa-bay-rays/tax/_/year/2026,,
2026-07-08T14:16:26+00:00,2026,TB,Tampa Bay Rays,tampa-bay-rays,Edwin Uceta,edwinuceta,https://www.spotrac.com/mlb/player/_/id/48751/edwin-uceta,RP,28,2.150,,,2026 Injured List,2026 Injured List,Tampa Bay Rays Contracts,,,Arbitration 1 Super Two,Arbitration,,1525000,,1525000,1525000,,,2026,2026,2026,1,1525000,1525000,670955,TB,Injured 60-Day,true,https://www.spotrac.com/mlb/tampa-bay-rays/cash/_/year/2026 | https://www.spotrac.com/mlb/tampa-bay-rays/contracts | https://www.spotrac.com/mlb/tampa-bay-rays/tax/_/year/2026,,
2026-07-08T14:16:26+00:00,2026,TB,Tampa Bay Rays,tampa-bay-rays,Emmanuel Hernandez,emmanuelhernandez,https://www.spotrac.com/mlb/player/_/id/105507/emmanuel-hernandez,P,17,,,,,2026 Signing Bonus,,,,,,,,,400000,,400000,,,,,,,,,,,false,https://www.spotrac.com/mlb/tampa-bay-rays/cash/_/year/2026,not_found_on_tax_page;not_found_on_contracts_page,
2026-07-08T14:16:26+00:00,2026,TB,Tampa Bay Rays,tampa-bay-rays,Fabricio Blanco,fabricioblanco,https://www.spotrac.com/mlb/player/_/id/105505/fabricio-blanco,SS,17,,,,,2026 Signing Bonus,,,,,,,,,1000000,,1000000,,,,,,,,,,,false,https://www.spotrac.com/mlb/tampa-bay-rays/cash/_/year/2026,not_found_on_tax_page;not_found_on_contracts_page,
2026-07-08T14:16:26+00:00,2026,TB,Tampa Bay Rays,tampa-bay-rays,Felipe Alcazar,felipealcazar,https://www.spotrac.com/mlb/player/_/id/105898/felipe-alcazar,P,17,,,,,2026 Signing Bonus,,,,,,,,,100000,,100000,,,,,,,,,,,false,https://www.spotrac.com/mlb/tampa-bay-rays/cash/_/year/2026,not_found_on_tax_page;not_found_on_contracts_page,
2026-07-08T14:16:26+00:00,2026,TB,Tampa Bay Rays,tampa-bay-rays,Francisco Garcia,franciscogarcia,https://www.spotrac.com/mlb/player/_/id/105900/francisco-garcia,P,,,,,,2026 Signing Bonus,,,,,,,,,65000,,65000,,,,,,,,,,,false,https://www.spotrac.com/mlb/tampa-bay-rays/cash/_/year/2026,not_found_on_tax_page;not_found_on_contracts_page,
2026-07-08T14:16:26+00:00,2026,TB,Tampa Bay Rays,tampa-bay-rays,Garrett Cleavinger,garrettcleavinger,https://www.spotrac.com/mlb/player/_/id/17761/garrett-cleavinger,RP,32,4.060,,,2026 Active Roster,2026 Active Roster,Tampa Bay Rays Contracts,,,Arbitration 2,Arbitration,,2400000,0.98,2400000,2400000,,,2026,2026,2026,1,2400000,2400000,664076,TB,Active,true,https://www.spotrac.com/mlb/tampa-bay-rays/cash/_/year/2026 | https://www.spotrac.com/mlb/tampa-bay-rays/contracts | https://www.spotrac.com/mlb/tampa-bay-rays/tax/_/year/2026,,
2026-07-08T14:16:26+00:00,2026,TB,Tampa Bay Rays,tampa-bay-rays,Gavin Lux,gavinlux,https://www.spotrac.com/mlb/player/_/id/20127/gavin-lux,2B,28,5.114,,,2026 Injured List,2026 Injured List,Tampa Bay Rays Contracts,,,Arbitration 3,Arbitration,,5525000,,5525000,5525000,,,2026,2026,2026,1,5525000,5525000,666158,TB,Injured 60-Day,true,https://www.spotrac.com/mlb/tampa-bay-rays/cash/_/year/2026 | https://www.spotrac.com/mlb/tampa-bay-rays/contracts | https://www.spotrac.com/mlb/tampa-bay-rays/tax/_/year/2026,,
2026-07-08T14:16:26+00:00,2026,TB,Tampa Bay Rays,tampa-bay-rays,Gregory Rodriguez,gregoryrodriguez,https://www.spotrac.com/mlb/player/_/id/105899/gregory-rodriguez,C,17,,,,,2026 Signing Bonus,,,,,,,,,250000,,250000,,,,,,,,,,,false,https://www.spotrac.com/mlb/tampa-bay-rays/cash/_/year/2026,not_found_on_tax_page;not_found_on_contracts_page,
2026-07-08T14:16:26+00:00,2026,TB,Tampa Bay Rays,tampa-bay-rays,Griffin Jax,griffinjax,https://www.spotrac.com/mlb/player/_/id/20003/griffin-jax,SP,31,4.091,,,2026 Active Roster,2026 Active Roster,Tampa Bay Rays Contracts,,,Arbitration 2,Arbitration,,3565000,1.46,3565000,3565000,,,2026,2026,2026,1,3565000,3565000,643377,TB,Active,true,https://www.spotrac.com/mlb/tampa-bay-rays/cash/_/year/2026 | https://www.spotrac.com/mlb/tampa-bay-rays/contracts | https://www.spotrac.com/mlb/tampa-bay-rays/tax/_/year/2026,,
2026-07-08T14:16:26+00:00,2026,TB,Tampa Bay Rays,tampa-bay-rays,Hunter Bigge,hunterbigge,https://www.spotrac.com/mlb/player/_/id/31356/hunter-bigge,RP,28,1.049,,,2026 Minor,2026 Minor,,,,Pre-Arbitration,,,249945,0.10,249945,249945,,,,,,,,,685801,TB,Reassigned to Minors,true,https://www.spotrac.com/mlb/tampa-bay-rays/cash/_/year/2026 | https://www.spotrac.com/mlb/tampa-bay-rays/tax/_/year/2026,not_found_on_contracts_page,
2026-07-08T14:16:26+00:00,2026,TB,Tampa Bay Rays,tampa-bay-rays,Hunter Feduccia,hunterfeduccia,https://www.spotrac.com/mlb/player/_/id/27325/hunter-feduccia,C,29,0.095,,,2026 Active Roster,2026 Active Roster,Tampa Bay Rays Contracts,,,Pre-Arbitration,Pre-Arbitration,,782000,0.32,782000,782000,,,2026,2026,2026,1,782000,782000,676439,TB,Active,true,https://www.spotrac.com/mlb/tampa-bay-rays/cash/_/year/2026 | https://www.spotrac.com/mlb/tampa-bay-rays/contracts | https://www.spotrac.com/mlb/tampa-bay-rays/tax/_/year/2026,,
2026-07-08T14:16:26+00:00,2026,TB,Tampa Bay Rays,tampa-bay-rays,Ian Seymour,ianseymour,https://www.spotrac.com/mlb/player/_/id/48413/ian-seymour,SP,27,0.085,,,2026 Active Roster,2026 Active Roster,Tampa Bay Rays Contracts,,,Pre-Arbitration,Pre-Arbitration,,783800,0.32,783800,783800,,,2026,2026,2026,1,783800,783800,693855,TB,Active,true,https://www.spotrac.com/mlb/tampa-bay-rays/cash/_/year/2026 | https://www.spotrac.com/mlb/tampa-bay-rays/contracts | https://www.spotrac.com/mlb/tampa-bay-rays/tax/_/year/2026,,
2026-07-08T14:16:26+00:00,2026,TB,Tampa Bay Rays,tampa-bay-rays,Jacob Melton,jacobmelton,https://www.spotrac.com/mlb/player/_/id/78626/jacob-melton,CF,,0.111,,,2026 Minor,,,,,Pre-Arbitration,,,,,,,,,,,,,,,689200,TB,Reassigned to Minors,true,https://www.spotrac.com/mlb/tampa-bay-rays/tax/_/year/2026,missing_all_money_fields;not_found_on_cash_page;not_found_on_contracts_page,
2026-07-08T14:16:26+00:00,2026,TB,Tampa Bay Rays,tampa-bay-rays,Jadher Areinamo,jadherareinamo,https://www.spotrac.com/mlb/player/_/id/71431/jadher-areinamo,SS,,,,,2026 Minor,,,,,Pre-Arbitration,,,,,,,,,,,,,,,699130,TB,Reassigned to Minors,true,https://www.spotrac.com/mlb/tampa-bay-rays/tax/_/year/2026,missing_all_money_fields;not_found_on_cash_page;not_found_on_contracts_page,
2026-07-08T14:16:26+00:00,2026,TB,Tampa Bay Rays,tampa-bay-rays,Jake Fraley,jakefraley,https://www.spotrac.com/mlb/player/_/id/20165/jake-fraley,RF,31,5.097,,,2026 Injured List,2026 Injured List,Tampa Bay Rays Contracts,,,Free Agent,Free Agent,,3000000,1.23,3100000,3000000,,,2026,2026,2026,1,3000000,3000000,641584,TB,Injured 10-Day,true,https://www.spotrac.com/mlb/tampa-bay-rays/cash/_/year/2026 | https://www.spotrac.com/mlb/tampa-bay-rays/contracts | https://www.spotrac.com/mlb/tampa-bay-rays/tax/_/year/2026,,
2026-07-08T14:16:26+00:00,2026,TB,Tampa Bay Rays,tampa-bay-rays,Jean Paredes,jeanparedes,https://www.spotrac.com/mlb/player/_/id/105506/jean-paredes,OF,17,,,,,2026 Signing Bonus,,,,,,,,,1000000,,1000000,,,,,,,,,,,false,https://www.spotrac.com/mlb/tampa-bay-rays/cash/_/year/2026,not_found_on_tax_page;not_found_on_contracts_page,
2026-07-08T14:16:26+00:00,2026,TB,Tampa Bay Rays,tampa-bay-rays,Jesse Scholtens,jessescholtens,https://www.spotrac.com/mlb/player/_/id/20055/jesse-scholtens,SP,32,2.091,,,2026 Injured List,2026 Injured List,Tampa Bay Rays Contracts,,,Pre-Arbitration,Pre-Arbitration,,745450,0.31,745450,745450,,,2026,2026,2026,1,820000,820000,669947,TB,Injured 15-Day,true,https://www.spotrac.com/mlb/tampa-bay-rays/cash/_/year/2026 | https://www.spotrac.com/mlb/tampa-bay-rays/contracts | https://www.spotrac.com/mlb/tampa-bay-rays/tax/_/year/2026,,
2026-07-08T14:16:26+00:00,2026,TB,Tampa Bay Rays,tampa-bay-rays,Joe Boyle,joeboyle,https://www.spotrac.com/mlb/player/_/id/48499/joe-boyle,SP,26,1.005,,,2026 Minor,2026 Minor,,,,Pre-Arbitration,,,230670,0.09,230670,230670,,,,,,,,,671212,TB,Reassigned to Minors,true,https://www.spotrac.com/mlb/tampa-bay-rays/cash/_/year/2026 | https://www.spotrac.com/mlb/tampa-bay-rays/tax/_/year/2026,not_found_on_contracts_page,
2026-07-08T14:16:26+00:00,2026,TB,Tampa Bay Rays,tampa-bay-rays,Joe Rock,joerock,https://www.spotrac.com/mlb/player/_/id/73330/joe-rock,SP,25,0.033,,,2026 Dead Money,2026 Dead Money,,,,,,,8770,0.00,8770,8770,,,,,,,,,697812,CHW,Reassigned to Minors,true_other_team,https://www.spotrac.com/mlb/tampa-bay-rays/cash/_/year/2026 | https://www.spotrac.com/mlb/tampa-bay-rays/tax/_/year/2026,not_found_on_contracts_page,
2026-07-08T14:16:26+00:00,2026,TB,Tampa Bay Rays,tampa-bay-rays,Jon Heasley,jonheasley,https://www.spotrac.com/mlb/player/_/id/26580/jon-heasley,RP,29,1.029,,,2026 Injured List,2026 Injured List,Tampa Bay Rays Contracts,,,Free Agent,Free Agent,,521375,,521375,521375,,,2026,2026,2026,1,780000,780000,,,,false,https://www.spotrac.com/mlb/tampa-bay-rays/cash/_/year/2026 | https://www.spotrac.com/mlb/tampa-bay-rays/contracts | https://www.spotrac.com/mlb/tampa-bay-rays/tax/_/year/2026,,
2026-07-08T14:16:26+00:00,2026,TB,Tampa Bay Rays,tampa-bay-rays,Jonathan Aranda,jonathanaranda,https://www.spotrac.com/mlb/player/_/id/74626/jonathan-aranda,1B,28,2.030,,,2026 Active Roster,2026 Active Roster,Tampa Bay Rays Contracts,,,Pre-Arbitration,Pre-Arbitration,,796400,0.33,796400,796400,,,2026,2026,2026,1,796400,796400,666018,TB,Active,true,https://www.spotrac.com/mlb/tampa-bay-rays/cash/_/year/2026 | https://www.spotrac.com/mlb/tampa-bay-rays/contracts | https://www.spotrac.com/mlb/tampa-bay-rays/tax/_/year/2026,,
2026-07-08T14:16:26+00:00,2026,TB,Tampa Bay Rays,tampa-bay-rays,Jonny DeLuca,jonnydeluca,https://www.spotrac.com/mlb/player/_/id/79789/jonny-deluca,CF,27,2.085,,,2026 Active Roster,2026 Active Roster,Tampa Bay Rays Contracts,,,Pre-Arbitration,Pre-Arbitration,,789300,0.32,789300,789300,,,2026,2026,2026,1,789300,789300,676356,TB,Active,true,https://www.spotrac.com/mlb/tampa-bay-rays/cash/_/year/2026 | https://www.spotrac.com/mlb/tampa-bay-rays/contracts | https://www.spotrac.com/mlb/tampa-bay-rays/tax/_/year/2026,,
2026-07-08T14:16:26+00:00,2026,TB,Tampa Bay Rays,tampa-bay-rays,Junior Caminero,juniorcaminero,https://www.spotrac.com/mlb/player/_/id/86015/junior-caminero,3B,22,1.058,,,2026 Active Roster,2026 Active Roster,Tampa Bay Rays Contracts,,,Pre-Arbitration,Pre-Arbitration,,794800,0.33,794800,794800,,,2026,2026,2026,1,794800,794800,691406,TB,Active,true,https://www.spotrac.com/mlb/tampa-bay-rays/cash/_/year/2026 | https://www.spotrac.com/mlb/tampa-bay-rays/contracts | https://www.spotrac.com/mlb/tampa-bay-rays/tax/_/year/2026,,
2026-07-08T14:16:26+00:00,2026,TB,Tampa Bay Rays,tampa-bay-rays,Kevin Kelly,kevinkelly,https://www.spotrac.com/mlb/player/_/id/79652/kevin-kelly,RP,28,2.156,,,2026 Active Roster,2026 Active Roster,Tampa Bay Rays Contracts,,,Arbitration 1 Super Two,Arbitration,,925000,0.38,925000,925000,,,2026,2026,2026,1,925000,925000,687330,TB,Active,true,https://www.spotrac.com/mlb/tampa-bay-rays/cash/_/year/2026 | https://www.spotrac.com/mlb/tampa-bay-rays/contracts | https://www.spotrac.com/mlb/tampa-bay-rays/tax/_/year/2026,,
2026-07-08T14:16:26+00:00,2026,TB,Tampa Bay Rays,tampa-bay-rays,Luis Almanzar,luisalmanzar,https://www.spotrac.com/mlb/player/_/id/105508/luis-almanzar,OF,17,,,,,2026 Signing Bonus,,,,,,,,,400000,,400000,,,,,,,,,,,false,https://www.spotrac.com/mlb/tampa-bay-rays/cash/_/year/2026,not_found_on_tax_page;not_found_on_contracts_page,
2026-07-08T14:16:26+00:00,2026,TB,Tampa Bay Rays,tampa-bay-rays,Manuel Rodriguez,manuelrodriguez,https://www.spotrac.com/mlb/player/_/id/35725/manuel-rodriguez,RP,29,2.139,,,2026 Injured List,2026 Injured List,Tampa Bay Rays Contracts,,,Pre-Arbitration,Pre-Arbitration,,793600,,793600,793600,,,2026,2026,2026,1,793600,793600,655889,TB,Injured 60-Day,true,https://www.spotrac.com/mlb/tampa-bay-rays/cash/_/year/2026 | https://www.spotrac.com/mlb/tampa-bay-rays/contracts | https://www.spotrac.com/mlb/tampa-bay-rays/tax/_/year/2026,,
2026-07-08T14:16:26+00:00,2026,TB,Tampa Bay Rays,tampa-bay-rays,Mason Englert,masonenglert,https://www.spotrac.com/mlb/player/_/id/26148/mason-englert,RP,26,1.168,,,2026 Minor,2026 Minor,,,,Pre-Arbitration,,,240198,0.10,240198,240198,,,,,,,,,669438,TB,Reassigned to Minors,true,https://www.spotrac.com/mlb/tampa-bay-rays/cash/_/year/2026 | https://www.spotrac.com/mlb/tampa-bay-rays/tax/_/year/2026,not_found_on_contracts_page,
2026-07-08T14:16:26+00:00,2026,TB,Tampa Bay Rays,tampa-bay-rays,Michael Grove,michaelgrove,https://www.spotrac.com/mlb/player/_/id/26092/michael-grove,RP,29,3.031,,,2026 Minor,2026 Minor,,,,Free Agent,,,322695,0.13,322695,322695,,,,,,,,,675627,TB,Reassigned to Minors,true,https://www.spotrac.com/mlb/tampa-bay-rays/cash/_/year/2026 | https://www.spotrac.com/mlb/tampa-bay-rays/tax/_/year/2026,not_found_on_contracts_page,
2026-07-08T14:16:26+00:00,2026,TB,Tampa Bay Rays,tampa-bay-rays,Nick Fortes,nickfortes,https://www.spotrac.com/mlb/player/_/id/26146/nick-fortes,C,29,3.149,,,2026 Active Roster,2026 Active Roster,Tampa Bay Rays Contracts,,,Arbitration 2 Super Two,Arbitration,,2535000,1.04,2535000,2535000,,,2026,2026,2026,1,2535000,2535000,663743,TB,Active,true,https://www.spotrac.com/mlb/tampa-bay-rays/cash/_/year/2026 | https://www.spotrac.com/mlb/tampa-bay-rays/contracts | https://www.spotrac.com/mlb/tampa-bay-rays/tax/_/year/2026,,
2026-07-08T14:16:26+00:00,2026,TB,Tampa Bay Rays,tampa-bay-rays,Nick Martinez,nickmartinez,https://www.spotrac.com/mlb/player/_/id/15682/nick-martinez,SP,35,7.002,,,2026 Active Roster,2026 Active Roster,Tampa Bay Rays Contracts,,,Free Agent,Free Agent,,13000000,5.33,9000000,9000000,,,2026,2026,2027,1,13000000,13000000,607259,TB,Active,true,https://www.spotrac.com/mlb/tampa-bay-rays/cash/_/year/2026 | https://www.spotrac.com/mlb/tampa-bay-rays/contracts | https://www.spotrac.com/mlb/tampa-bay-rays/tax/_/year/2026,,
2026-07-08T14:16:26+00:00,2026,TB,Tampa Bay Rays,tampa-bay-rays,Oliver Dunn,oliverdunn,https://www.spotrac.com/mlb/player/_/id/31300/oliver-dunn,3B,28,1.021,,,2026 Minor,2026 Minor,,,,Pre-Arbitration,,,79249,0.03,79249,79249,,,,,,,,,686554,TB,Reassigned to Minors,true,https://www.spotrac.com/mlb/tampa-bay-rays/cash/_/year/2026 | https://www.spotrac.com/mlb/tampa-bay-rays/tax/_/year/2026,not_found_on_contracts_page,
2026-07-08T14:16:26+00:00,2026,TB,Tampa Bay Rays,tampa-bay-rays,Raibel Reyes,raibelreyes,https://www.spotrac.com/mlb/player/_/id/105552/raibel-reyes,P,17,,,,,2026 Signing Bonus,,,,,,,,,75000,,75000,,,,,,,,,,,false,https://www.spotrac.com/mlb/tampa-bay-rays/cash/_/year/2026,not_found_on_tax_page;not_found_on_contracts_page,
2026-07-08T14:16:26+00:00,2026,TB,Tampa Bay Rays,tampa-bay-rays,Richard Palacios,richardpalacios,https://www.spotrac.com/mlb/player/_/id/26132/richard-palacios,2B,29,2.156,,,2026 Active Roster,2026 Active Roster,Tampa Bay Rays Contracts,,,Arbitration 1 Super Two,Arbitration,,945000,0.39,945000,945000,,,2026,2026,2026,1,945000,945000,,,,false,https://www.spotrac.com/mlb/tampa-bay-rays/cash/_/year/2026 | https://www.spotrac.com/mlb/tampa-bay-rays/contracts | https://www.spotrac.com/mlb/tampa-bay-rays/tax/_/year/2026,,
2026-07-08T14:16:26+00:00,2026,TB,Tampa Bay Rays,tampa-bay-rays,Ryan Pepiot,ryanpepiot,https://www.spotrac.com/mlb/player/_/id/30501/ryan-pepiot,SP,28,3.005,,,2026 Injured List,2026 Injured List,Tampa Bay Rays Contracts,,,Arbitration 1,Arbitration,,3025000,,3025000,3025000,,,2026,2026,2026,1,3025000,3025000,686752,TB,Injured 60-Day,true,https://www.spotrac.com/mlb/tampa-bay-rays/cash/_/year/2026 | https://www.spotrac.com/mlb/tampa-bay-rays/contracts | https://www.spotrac.com/mlb/tampa-bay-rays/tax/_/year/2026,,
2026-07-08T14:16:26+00:00,2026,TB,Tampa Bay Rays,tampa-bay-rays,Ryan Vilade,ryanvilade,https://www.spotrac.com/mlb/player/_/id/23257/ryan-vilade,LF,27,0.076,,,2026 Active Roster,2026 Active Roster,Tampa Bay Rays Contracts,,,Pre-Arbitration,Pre-Arbitration,,950000,0.39,950000,950000,,,2026,2026,2026,1,950000,950000,668723,TB,Active,true,https://www.spotrac.com/mlb/tampa-bay-rays/cash/_/year/2026 | https://www.spotrac.com/mlb/tampa-bay-rays/contracts | https://www.spotrac.com/mlb/tampa-bay-rays/tax/_/year/2026,,
2026-07-08T14:16:26+00:00,2026,TB,Tampa Bay Rays,tampa-bay-rays,Shane McClanahan,shanemcclanahan,https://www.spotrac.com/mlb/player/_/id/26054/shane-mcclanahan,SP,29,4.158,,,2026 Active Roster,2026 Active Roster,Tampa Bay Rays Contracts,,,Arbitration 3 Super Two,Arbitration,,3600000,1.48,3600000,3600000,,,2026,2026,2026,1,3600000,3600000,663556,TB,Active,true,https://www.spotrac.com/mlb/tampa-bay-rays/cash/_/year/2026 | https://www.spotrac.com/mlb/tampa-bay-rays/contracts | https://www.spotrac.com/mlb/tampa-bay-rays/tax/_/year/2026,,
2026-07-08T14:16:26+00:00,2026,TB,Tampa Bay Rays,tampa-bay-rays,Steven Matz,stevenmatz,https://www.spotrac.com/mlb/player/_/id/16106/steven-matz,RP,35,10.099,,,2026 Injured List,2026 Injured List,Tampa Bay Rays Contracts,,,Free Agent,Free Agent,,7500000,3.07,7500000,7500000,,,2026,2026,2027,2,15000000,7500000,571927,TB,Injured 15-Day,true,https://www.spotrac.com/mlb/tampa-bay-rays/cash/_/year/2026 | https://www.spotrac.com/mlb/tampa-bay-rays/contracts | https://www.spotrac.com/mlb/tampa-bay-rays/tax/_/year/2026,,
2026-07-08T14:16:26+00:00,2026,TB,Tampa Bay Rays,tampa-bay-rays,Steven Wilson,stevenwilson,https://www.spotrac.com/mlb/player/_/id/26264/steven-wilson,RP,31,3.166,,,2026 Injured List,2026 Injured List,Tampa Bay Rays Contracts,,,Arbitration 2,Arbitration,,1520000,,1520000,1520000,,,2026,2026,2026,1,1520000,1520000,621051,TB,Injured 60-Day,true,https://www.spotrac.com/mlb/tampa-bay-rays/cash/_/year/2026 | https://www.spotrac.com/mlb/tampa-bay-rays/contracts | https://www.spotrac.com/mlb/tampa-bay-rays/tax/_/year/2026,,
2026-07-08T14:16:26+00:00,2026,TB,Tampa Bay Rays,tampa-bay-rays,Taylor Walls,taylorwalls,https://www.spotrac.com/mlb/player/_/id/48789/taylor-walls,SS,29,4.092,,,2026 Active Roster,2026 Active Roster,Tampa Bay Rays Contracts,,,Arbitration 1,Arbitration,,2450000,1.00,2450000,2450000,,,2025,2025,2027,1,1400000,1400000,670764,TB,Active,true,https://www.spotrac.com/mlb/tampa-bay-rays/cash/_/year/2026 | https://www.spotrac.com/mlb/tampa-bay-rays/contracts | https://www.spotrac.com/mlb/tampa-bay-rays/tax/_/year/2026,,
2026-07-08T14:16:26+00:00,2026,TB,Tampa Bay Rays,tampa-bay-rays,Trevor Martin,trevormartin,https://www.spotrac.com/mlb/player/_/id/78700/trevor-martin,RP,25,,,,2026 Minor,2026 Minor,,,,Pre-Arbitration,,,125130,0.05,125130,125130,,,,,,,,,694680,TB,Reassigned to Minors,true,https://www.spotrac.com/mlb/tampa-bay-rays/cash/_/year/2026 | https://www.spotrac.com/mlb/tampa-bay-rays/tax/_/year/2026,not_found_on_contracts_page,
2026-07-08T14:16:26+00:00,2026,TB,Tampa Bay Rays,tampa-bay-rays,Victor Mesa Jr.,victormesa,https://www.spotrac.com/mlb/player/_/id/28135/victor-mesa-jr,OF,24,0.034,,,2026 Active Roster,2026 Active Roster,Tampa Bay Rays Contracts,,,Pre-Arbitration,Pre-Arbitration,,525546,0.22,525546,525546,,,2026,2026,2026,1,780000,780000,683748,TB,Active,true,https://www.spotrac.com/mlb/tampa-bay-rays/cash/_/year/2026 | https://www.spotrac.com/mlb/tampa-bay-rays/contracts | https://www.spotrac.com/mlb/tampa-bay-rays/tax/_/year/2026,,
2026-07-08T14:16:26+00:00,2026,TB,Tampa Bay Rays,tampa-bay-rays,Victor Valdez,victorvaldez,https://www.spotrac.com/mlb/player/_/id/105504/victor-valdez,SS,17,,,,,2026 Signing Bonus,,,,,,,,,3500000,,3500000,,,,,,,,,,,false,https://www.spotrac.com/mlb/tampa-bay-rays/cash/_/year/2026,not_found_on_tax_page;not_found_on_contracts_page,
2026-07-08T14:16:26+00:00,2026,TB,Tampa Bay Rays,tampa-bay-rays,Wander Franco,wanderfranco,https://www.spotrac.com/mlb/player/_/id/23844/wander-franco,SS,20,,,,,,Tampa Bay Rays Contracts,,,,Extension Pre-Arbitration,,,,,,,,2022,2022,2033,11,182000000,16545455,,,,false,https://www.spotrac.com/mlb/tampa-bay-rays/contracts,not_found_on_tax_page;not_found_on_cash_page,
2026-07-08T14:16:26+00:00,2026,TB,Tampa Bay Rays,tampa-bay-rays,Yandy Diaz,yandydiaz,https://www.spotrac.com/mlb/player/_/id/21687/yandy-diaz,1B,34,7.122,,,2026 Active Roster,2026 Active Roster,Tampa Bay Rays Contracts,,,Extension,Extension,,12000000,4.92,12000000,12000000,,,2026,2026,2027,1,12000000,12000000,650490,TB,Active,true,https://www.spotrac.com/mlb/tampa-bay-rays/cash/_/year/2026 | https://www.spotrac.com/mlb/tampa-bay-rays/contracts | https://www.spotrac.com/mlb/tampa-bay-rays/tax/_/year/2026,,
2026-07-08T14:16:26+00:00,2026,TB,Tampa Bay Rays,tampa-bay-rays,Yoendrys Gomez,yoendrysgomez,https://www.spotrac.com/mlb/player/_/id/70749/yoendrys-gomez,RP,26,0.135,,,2026 Dead Money,2026 Dead Money,,,,,,,163293,0.07,163293,163293,,,,,,,,,672782,MIN,Active,true_other_team,https://www.spotrac.com/mlb/tampa-bay-rays/cash/_/year/2026 | https://www.spotrac.com/mlb/tampa-bay-rays/tax/_/year/2026,not_found_on_contracts_page,
2026-07-08T14:16:26+00:00,2026,TEX,Texas Rangers,texas-rangers,Alejandro Osuna,alejandroosuna,https://www.spotrac.com/mlb/player/_/id/63080/alejandro-osuna,OF,23,0.107,,,2026 Active Roster,2026 Active Roster,Texas Rangers Contracts,,,Pre-Arbitration,Pre-Arbitration,,617308,0.25,617308,617308,,,2026,2026,2026,1,780000,780000,696030,TEX,Active,true,https://www.spotrac.com/mlb/texas-rangers/cash/_/year/2026 | https://www.spotrac.com/mlb/texas-rangers/contracts | https://www.spotrac.com/mlb/texas-rangers/tax/_/year/2026,,
2026-07-08T14:16:26+00:00,2026,TEX,Texas Rangers,texas-rangers,Alexis Diaz,alexisdiaz,https://www.spotrac.com/mlb/player/_/id/74762/alexis-diaz,RP,29,3.088,,,2026 Minor,2026 Minor,,,,Free Agent,,,1000000,,1000000,1000000,,,,,,,,,,,,false,https://www.spotrac.com/mlb/texas-rangers/cash/_/year/2026 | https://www.spotrac.com/mlb/texas-rangers/tax/_/year/2026,not_found_on_contracts_page,
2026-07-08T14:16:26+00:00,2026,TEX,Texas Rangers,texas-rangers,Andrew McCutchen,andrewmccutchen,https://www.spotrac.com/mlb/player/_/id/7489/andrew-mccutchen,OF,39,16.123,,,2026 Dead Money,2026 Dead Money,,,,,,,427776,0.18,427776,427776,,,,,,,,,,,,false,https://www.spotrac.com/mlb/texas-rangers/cash/_/year/2026 | https://www.spotrac.com/mlb/texas-rangers/tax/_/year/2026,not_found_on_contracts_page,
2026-07-08T14:16:26+00:00,2026,TEX,Texas Rangers,texas-rangers,Ariel Abreu,arielabreu,https://www.spotrac.com/mlb/player/_/id/105555/ariel-abreu,OF,17,,,,,2026 Signing Bonus,,,,,,,,,450000,,450000,,,,,,,,,,,false,https://www.spotrac.com/mlb/texas-rangers/cash/_/year/2026,not_found_on_tax_page;not_found_on_contracts_page,
2026-07-08T14:16:26+00:00,2026,TEX,Texas Rangers,texas-rangers,Ben Peoples,benpeoples,https://www.spotrac.com/mlb/player/_/id/32146/ben-peoples,RP,25,,,,2026 Active Roster,2026 Active Roster,Texas Rangers Contracts,,,Pre-Arbitration,Pre-Arbitration,,362877,0.15,362877,362877,,,2026,2026,2026,1,780000,780000,687239,TEX,Active,true,https://www.spotrac.com/mlb/texas-rangers/cash/_/year/2026 | https://www.spotrac.com/mlb/texas-rangers/contracts | https://www.spotrac.com/mlb/texas-rangers/tax/_/year/2026,,
2026-07-08T14:16:26+00:00,2026,TEX,Texas Rangers,texas-rangers,Brandon Nimmo,brandonnimmo,https://www.spotrac.com/mlb/player/_/id/18401/brandon-nimmo,RF,33,9.042,,,2026 Active Roster,2026 Active Roster,Texas Rangers Contracts,,,Free Agent,Free Agent,,15250000,6.25,15250000,15250000,,,2023,2023,2030,8,162000000,20250000,607043,TEX,Active,true,https://www.spotrac.com/mlb/texas-rangers/cash/_/year/2026 | https://www.spotrac.com/mlb/texas-rangers/contracts | https://www.spotrac.com/mlb/texas-rangers/tax/_/year/2026,,
2026-07-08T14:16:26+00:00,2026,TEX,Texas Rangers,texas-rangers,Breyner Figuereo,breynerfiguereo,https://www.spotrac.com/mlb/player/_/id/96698/breyner-figuereo,OF,18,,,,,2026 Signing Bonus,,,,,,,,,100000,,100000,,,,,,,,,,,false,https://www.spotrac.com/mlb/texas-rangers/cash/_/year/2026,not_found_on_tax_page;not_found_on_contracts_page,
2026-07-08T14:16:26+00:00,2026,TEX,Texas Rangers,texas-rangers,Cal Quantrill,calquantrill,https://www.spotrac.com/mlb/player/_/id/19951/cal-quantrill,RP,31,6.122,,,2026 Active Roster,2026 Active Roster,Texas Rangers Contracts,,,Free Agent,Free Agent,,882353,0.36,882352,882353,,,2026,2026,2026,1,1000000,1000000,615698,TEX,Active,true,https://www.spotrac.com/mlb/texas-rangers/cash/_/year/2026 | https://www.spotrac.com/mlb/texas-rangers/contracts | https://www.spotrac.com/mlb/texas-rangers/tax/_/year/2026,,
2026-07-08T14:16:26+00:00,2026,TEX,Texas Rangers,texas-rangers,Cameron Cauley,cameroncauley,https://www.spotrac.com/mlb/player/_/id/73335/cameron-cauley,SS,23,,,,2026 Active Roster,2026 Active Roster,Texas Rangers Contracts,,,Pre-Arbitration,Pre-Arbitration,,375390,0.15,1155390,780000,375390,,2026,2026,2026,1,780000,780000,,,,false,https://www.spotrac.com/mlb/texas-rangers/cash/_/year/2026 | https://www.spotrac.com/mlb/texas-rangers/contracts | https://www.spotrac.com/mlb/texas-rangers/tax/_/year/2026,,
2026-07-08T14:16:26+00:00,2026,TEX,Texas Rangers,texas-rangers,Carlos Done,carlosdone,https://www.spotrac.com/mlb/player/_/id/105514/carlos-done,OF,17,,,,,2026 Signing Bonus,,,,,,,,,200000,,200000,,,,,,,,,,,false,https://www.spotrac.com/mlb/texas-rangers/cash/_/year/2026,not_found_on_tax_page;not_found_on_contracts_page,
2026-07-08T14:16:26+00:00,2026,TEX,Texas Rangers,texas-rangers,Carter Baumler,carterbaumler,https://www.spotrac.com/mlb/player/_/id/48489/carter-baumler,RP,24,,,,2026 Injured List,2026 Injured List,Texas Rangers Contracts,,,Pre-Arbitration,Pre-Arbitration,,780000,,780000,780000,,,2026,2026,2026,1,780000,780000,691945,TEX,Injured 60-Day,true,https://www.spotrac.com/mlb/texas-rangers/cash/_/year/2026 | https://www.spotrac.com/mlb/texas-rangers/contracts | https://www.spotrac.com/mlb/texas-rangers/tax/_/year/2026,,
2026-07-08T14:16:26+00:00,2026,TEX,Texas Rangers,texas-rangers,Cesar Mateo,cesarmateo,https://www.spotrac.com/mlb/player/_/id/105891/cesar-mateo,SS,17,,,,,2026 Signing Bonus,,,,,,,,,50000,,50000,,,,,,,,,,,false,https://www.spotrac.com/mlb/texas-rangers/cash/_/year/2026,not_found_on_tax_page;not_found_on_contracts_page,
2026-07-08T14:16:26+00:00,2026,TEX,Texas Rangers,texas-rangers,Chris Martin,chrismartin,https://www.spotrac.com/mlb/player/_/id/14131/chris-martin,RP,40,8.133,,,2026 Active Roster,2026 Active Roster,Texas Rangers Contracts,,,Free Agent,Free Agent,,4000000,1.64,4000000,2000000,2000000,,2026,2026,2026,1,4000000,4000000,455119,TEX,Active,true,https://www.spotrac.com/mlb/texas-rangers/cash/_/year/2026 | https://www.spotrac.com/mlb/texas-rangers/contracts | https://www.spotrac.com/mlb/texas-rangers/tax/_/year/2026,,
2026-07-08T14:16:26+00:00,2026,TEX,Texas Rangers,texas-rangers,Chris Paddack,chrispaddack,https://www.spotrac.com/mlb/player/_/id/28169/chris-paddack,SP,30,7.000,,,2026 Dead Money,2026 Dead Money,,,,,,,4171,0.00,4171,4171,,,,,,,,,,,,false,https://www.spotrac.com/mlb/texas-rangers/cash/_/year/2026 | https://www.spotrac.com/mlb/texas-rangers/tax/_/year/2026,not_found_on_contracts_page,
2026-07-08T14:16:26+00:00,2026,TEX,Texas Rangers,texas-rangers,Cody Bradford,codybradford,https://www.spotrac.com/mlb/player/_/id/31115/cody-bradford,SP,28,2.086,,,2026 Injured List,2026 Injured List,Texas Rangers Contracts,,,Pre-Arbitration,Pre-Arbitration,,793000,,793000,793000,,,2026,2026,2026,1,793000,793000,674003,TEX,Injured 60-Day,true,https://www.spotrac.com/mlb/texas-rangers/cash/_/year/2026 | https://www.spotrac.com/mlb/texas-rangers/contracts | https://www.spotrac.com/mlb/texas-rangers/tax/_/year/2026,,
2026-07-08T14:16:26+00:00,2026,TEX,Texas Rangers,texas-rangers,Cody Freeman,codyfreeman,https://www.spotrac.com/mlb/player/_/id/30515/cody-freeman,3B,25,0.051,,,2026 Injured List,2026 Injured List,Texas Rangers Contracts,,,Pre-Arbitration,Pre-Arbitration,,461780,0.19,461780,461780,,,2026,2026,2026,1,785000,785000,683227,TEX,Injured 10-Day,true,https://www.spotrac.com/mlb/texas-rangers/cash/_/year/2026 | https://www.spotrac.com/mlb/texas-rangers/contracts | https://www.spotrac.com/mlb/texas-rangers/tax/_/year/2026,,
2026-07-08T14:16:26+00:00,2026,TEX,Texas Rangers,texas-rangers,Cole Winn,colewinn,https://www.spotrac.com/mlb/player/_/id/26038/cole-winn,RP,26,1.090,,,2026 Active Roster,2026 Active Roster,Texas Rangers Contracts,,,Pre-Arbitration,Pre-Arbitration,,788000,0.32,788000,788000,,,2026,2026,2026,1,788000,788000,668390,TEX,Active,true,https://www.spotrac.com/mlb/texas-rangers/cash/_/year/2026 | https://www.spotrac.com/mlb/texas-rangers/contracts | https://www.spotrac.com/mlb/texas-rangers/tax/_/year/2026,,
2026-07-08T14:16:26+00:00,2026,TEX,Texas Rangers,texas-rangers,Corey Seager,coreyseager,https://www.spotrac.com/mlb/player/_/id/18169/corey-seager,SS,32,10.032,,,2026 Injured List,2026 Injured List,Texas Rangers Contracts,,,Free Agent,Free Agent,,32500000,13.32,31000000,31000000,,,2022,2022,2031,10,325000000,32500000,608369,TEX,Injured 10-Day,true,https://www.spotrac.com/mlb/texas-rangers/cash/_/year/2026 | https://www.spotrac.com/mlb/texas-rangers/contracts | https://www.spotrac.com/mlb/texas-rangers/tax/_/year/2026,,
2026-07-08T14:16:26+00:00,2026,TEX,Texas Rangers,texas-rangers,Cristian Seminiel,cristianseminiel,https://www.spotrac.com/mlb/player/_/id/105892/cristian-seminiel,SS,17,,,,,2026 Signing Bonus,,,,,,,,,75000,,75000,,,,,,,,,,,false,https://www.spotrac.com/mlb/texas-rangers/cash/_/year/2026,not_found_on_tax_page;not_found_on_contracts_page,
2026-07-08T14:16:26+00:00,2026,TEX,Texas Rangers,texas-rangers,Danny Jansen,dannyjansen,https://www.spotrac.com/mlb/player/_/id/24590/danny-jansen,C,31,7.050,,,2026 Injured List,2026 Injured List,Texas Rangers Contracts,,,Free Agent,Free Agent,,7250000,2.97,5100000,3500000,1500000,,2026,2026,2028,2,14500000,7250000,643376,TEX,Injured 10-Day,true,https://www.spotrac.com/mlb/texas-rangers/cash/_/year/2026 | https://www.spotrac.com/mlb/texas-rangers/contracts | https://www.spotrac.com/mlb/texas-rangers/tax/_/year/2026,,
2026-07-08T14:16:26+00:00,2026,TEX,Texas Rangers,texas-rangers,David Davalillo,daviddavalillo,https://www.spotrac.com/mlb/player/_/id/88941/david-davalillo,SP,,,,,2026 Minor,,,,,Pre-Arbitration,,,,,,,,,,,,,,,699314,TEX,Reassigned to Minors,true,https://www.spotrac.com/mlb/texas-rangers/tax/_/year/2026,missing_all_money_fields;not_found_on_cash_page;not_found_on_contracts_page,
2026-07-08T14:16:26+00:00,2026,TEX,Texas Rangers,texas-rangers,Elian Rosario,elianrosario,https://www.spotrac.com/mlb/player/_/id/105509/elian-rosario,OF,17,,,,,2026 Signing Bonus,,,,,,,,,2500000,,2500000,,,,,,,,,,,false,https://www.spotrac.com/mlb/texas-rangers/cash/_/year/2026,not_found_on_tax_page;not_found_on_contracts_page,
2026-07-08T14:16:26+00:00,2026,TEX,Texas Rangers,texas-rangers,Elias Diaz,eliasdiaz,https://www.spotrac.com/mlb/player/_/id/16575/elias-diaz,C,35,9.087,,,2026 Active Roster,2026 Active Roster,Texas Rangers Contracts,,,Free Agent,Free Agent,,471323,0.19,471323,471323,,,2026,2026,2206,1,780000,780000,553869,TEX,Active,true,https://www.spotrac.com/mlb/texas-rangers/cash/_/year/2026 | https://www.spotrac.com/mlb/texas-rangers/contracts | https://www.spotrac.com/mlb/texas-rangers/tax/_/year/2026,,
2026-07-08T14:16:26+00:00,2026,TEX,Texas Rangers,texas-rangers,Emiliano Teodo,emilianoteodo,https://www.spotrac.com/mlb/player/_/id/87142/emiliano-teodo,RP,,,,,2026 Minor,,,,,Pre-Arbitration,,,,,,,,,,,,,,,693713,TEX,Reassigned to Minors,true,https://www.spotrac.com/mlb/texas-rangers/tax/_/year/2026,missing_all_money_fields;not_found_on_cash_page;not_found_on_contracts_page,
2026-07-08T14:16:26+00:00,2026,TEX,Texas Rangers,texas-rangers,Evan Carter,evancarter,https://www.spotrac.com/mlb/player/_/id/48406/evan-carter,CF,23,1.170,,,2026 Active Roster,2026 Active Roster,Texas Rangers Contracts,,,Pre-Arbitration,Pre-Arbitration,,791500,0.32,791500,791500,,,2026,2026,2026,1,791500,791500,694497,TEX,Active,true,https://www.spotrac.com/mlb/texas-rangers/cash/_/year/2026 | https://www.spotrac.com/mlb/texas-rangers/contracts | https://www.spotrac.com/mlb/texas-rangers/tax/_/year/2026,,
2026-07-08T14:16:26+00:00,2026,TEX,Texas Rangers,texas-rangers,Ezequiel Duran,ezequielduran,https://www.spotrac.com/mlb/player/_/id/74957/ezequiel-duran,2B,27,3.050,,,2026 Active Roster,2026 Active Roster,Texas Rangers Contracts,,,Arbitration 1,Arbitration,,1375000,0.56,1375000,1375000,,,2026,2026,2026,1,1375000,1375000,677649,TEX,Active,true,https://www.spotrac.com/mlb/texas-rangers/cash/_/year/2026 | https://www.spotrac.com/mlb/texas-rangers/contracts | https://www.spotrac.com/mlb/texas-rangers/tax/_/year/2026,,
2026-07-08T14:16:26+00:00,2026,TEX,Texas Rangers,texas-rangers,Frainker Benitez,frainkerbenitez,https://www.spotrac.com/mlb/player/_/id/105516/frainker-benitez,C,17,,,,,2026 Signing Bonus,,,,,,,,,200000,,200000,,,,,,,,,,,false,https://www.spotrac.com/mlb/texas-rangers/cash/_/year/2026,not_found_on_tax_page;not_found_on_contracts_page,
2026-07-08T14:16:26+00:00,2026,TEX,Texas Rangers,texas-rangers,Francisco Coronado,franciscocoronado,https://www.spotrac.com/mlb/player/_/id/105861/francisco-coronado,INF,17,,,,,2026 Signing Bonus,,,,,,,,,10000,,10000,,,,,,,,,,,false,https://www.spotrac.com/mlb/texas-rangers/cash/_/year/2026,not_found_on_tax_page;not_found_on_contracts_page,
2026-07-08T14:16:26+00:00,2026,TEX,Texas Rangers,texas-rangers,Frandel Pineda,frandelpineda,https://www.spotrac.com/mlb/player/_/id/105513/frandel-pineda,P,17,,,,,2026 Signing Bonus,,,,,,,,,350000,,350000,,,,,,,,,,,false,https://www.spotrac.com/mlb/texas-rangers/cash/_/year/2026,not_found_on_tax_page;not_found_on_contracts_page,
2026-07-08T14:16:26+00:00,2026,TEX,Texas Rangers,texas-rangers,Gavin Collyer,gavincollyer,https://www.spotrac.com/mlb/player/_/id/31339/gavin-collyer,RP,25,,,,2026 Active Roster,2026 Active Roster,Texas Rangers Contracts,,,Free Agent,Free Agent,,546401,0.22,546401,546401,,,2026,2026,2026,1,780000,780000,686560,TEX,Active,true,https://www.spotrac.com/mlb/texas-rangers/cash/_/year/2026 | https://www.spotrac.com/mlb/texas-rangers/contracts | https://www.spotrac.com/mlb/texas-rangers/tax/_/year/2026,,
2026-07-08T14:16:26+00:00,2026,TEX,Texas Rangers,texas-rangers,Harley Fernandez,harleyfernandez,https://www.spotrac.com/mlb/player/_/id/105894/harley-fernandez,P,17,,,,,2026 Signing Bonus,,,,,,,,,150000,,150000,,,,,,,,,,,false,https://www.spotrac.com/mlb/texas-rangers/cash/_/year/2026,not_found_on_tax_page;not_found_on_contracts_page,
2026-07-08T14:16:26+00:00,2026,TEX,Texas Rangers,texas-rangers,Jack Leiter,jackleiter,https://www.spotrac.com/mlb/player/_/id/73264/jack-leiter,SP,26,1.033,,,2026 Injured List,2026 Injured List,Texas Rangers Contracts,,,Pre-Arbitration,Pre-Arbitration,,794000,0.33,794000,794000,,,2026,2026,2026,1,794000,794000,683004,TEX,Injured 15-Day,true,https://www.spotrac.com/mlb/texas-rangers/cash/_/year/2026 | https://www.spotrac.com/mlb/texas-rangers/contracts | https://www.spotrac.com/mlb/texas-rangers/tax/_/year/2026,,
2026-07-08T14:16:26+00:00,2026,TEX,Texas Rangers,texas-rangers,Jacob Latz,jacoblatz,https://www.spotrac.com/mlb/player/_/id/23377/jacob-latz,RP,30,1.170,,,2026 Active Roster,2026 Active Roster,Texas Rangers Contracts,,,Pre-Arbitration,Pre-Arbitration,,793500,0.33,793500,793500,,,2026,2026,2026,1,793500,793500,656641,TEX,Active,true,https://www.spotrac.com/mlb/texas-rangers/cash/_/year/2026 | https://www.spotrac.com/mlb/texas-rangers/contracts | https://www.spotrac.com/mlb/texas-rangers/tax/_/year/2026,,
2026-07-08T14:16:26+00:00,2026,TEX,Texas Rangers,texas-rangers,Jacob deGrom,jacobdegrom,https://www.spotrac.com/mlb/player/_/id/15662/jacob-degrom,SP,38,11.139,,,2026 Active Roster,2026 Active Roster,Texas Rangers Contracts,,,Free Agent,Free Agent,,37000000,15.16,38000000,38000000,,,2023,2023,2027,5,185000000,37000000,594798,TEX,Active,true,https://www.spotrac.com/mlb/texas-rangers/cash/_/year/2026 | https://www.spotrac.com/mlb/texas-rangers/contracts | https://www.spotrac.com/mlb/texas-rangers/tax/_/year/2026,,
2026-07-08T14:16:26+00:00,2026,TEX,Texas Rangers,texas-rangers,Jake Burger,jakeburger,https://www.spotrac.com/mlb/player/_/id/23220/jake-burger,1B,30,3.127,,,2026 Active Roster,2026 Active Roster,Texas Rangers Contracts,,,Arbitration 1,Arbitration,,3200000,1.31,3200000,3200000,,,2026,2026,2026,1,3200000,3200000,669394,TEX,Active,true,https://www.spotrac.com/mlb/texas-rangers/cash/_/year/2026 | https://www.spotrac.com/mlb/texas-rangers/contracts | https://www.spotrac.com/mlb/texas-rangers/tax/_/year/2026,,
2026-07-08T14:16:26+00:00,2026,TEX,Texas Rangers,texas-rangers,Jake Junis,jakejunis,https://www.spotrac.com/mlb/player/_/id/21203/jake-junis,RP,33,8.002,,,2026 Injured List,2026 Injured List,Texas Rangers Contracts,,,Free Agent,Free Agent,,4000000,1.64,2750000,2750000,,,2026,2026,2027,1,4000000,4000000,,,,false,https://www.spotrac.com/mlb/texas-rangers/cash/_/year/2026 | https://www.spotrac.com/mlb/texas-rangers/contracts | https://www.spotrac.com/mlb/texas-rangers/tax/_/year/2026,,
2026-07-08T14:16:26+00:00,2026,TEX,Texas Rangers,texas-rangers,Jalen Beeks,jalenbeeks,https://www.spotrac.com/mlb/player/_/id/24547/jalen-beeks,RP,32,7.003,,,2026 Injured List,2026 Injured List,Texas Rangers Contracts,,,Free Agent,Free Agent,,1600000,0.66,1975000,1600000,,,2026,2026,2026,1,1600000,1600000,656222,TEX,Injured 10-Day,true,https://www.spotrac.com/mlb/texas-rangers/cash/_/year/2026 | https://www.spotrac.com/mlb/texas-rangers/contracts | https://www.spotrac.com/mlb/texas-rangers/tax/_/year/2026,,
2026-07-08T14:16:26+00:00,2026,TEX,Texas Rangers,texas-rangers,Jarred Kelenic,jarredkelenic,https://www.spotrac.com/mlb/player/_/id/26029/jarred-kelenic,RF,26,3.035,,,2026 Dead Money,2026 Dead Money,,,,,,,45450,0.02,45450,45450,,,,,,,,,,,,false,https://www.spotrac.com/mlb/texas-rangers/cash/_/year/2026 | https://www.spotrac.com/mlb/texas-rangers/tax/_/year/2026,not_found_on_contracts_page,
2026-07-08T14:16:26+00:00,2026,TEX,Texas Rangers,texas-rangers,Jehiber Fernandez,jehiberfernandez,https://www.spotrac.com/mlb/player/_/id/105889/jehiber-fernandez,P,17,,,,,2026 Signing Bonus,,,,,,,,,20000,,20000,,,,,,,,,,,false,https://www.spotrac.com/mlb/texas-rangers/cash/_/year/2026,not_found_on_tax_page;not_found_on_contracts_page,
2026-07-08T14:16:26+00:00,2026,TEX,Texas Rangers,texas-rangers,Jesus Chavez,jesuschavez,https://www.spotrac.com/mlb/player/_/id/105510/jesus-chavez,OF,17,,,,,2026 Signing Bonus,,,,,,,,,600000,,600000,,,,,,,,,,,false,https://www.spotrac.com/mlb/texas-rangers/cash/_/year/2026,not_found_on_tax_page;not_found_on_contracts_page,
2026-07-08T14:16:26+00:00,2026,TEX,Texas Rangers,texas-rangers,Joc Pederson,jocpederson,https://www.spotrac.com/mlb/player/_/id/14229/joc-pederson,OF,34,11.028,,,2026 Active Roster,2026 Active Roster,Texas Rangers Contracts,,,Free Agent,Free Agent,,18500000,7.58,18500000,18500000,,,2025,2025,2027,2,37000000,18500000,592626,TEX,Active,true,https://www.spotrac.com/mlb/texas-rangers/cash/_/year/2026 | https://www.spotrac.com/mlb/texas-rangers/contracts | https://www.spotrac.com/mlb/texas-rangers/tax/_/year/2026,,
2026-07-08T14:16:26+00:00,2026,TEX,Texas Rangers,texas-rangers,Joe Ross,joeross,https://www.spotrac.com/mlb/player/_/id/17579/joe-ross,RP,33,7.171,,,2026 Dead Money,2026 Dead Money,,,,,,,72720,0.03,72720,72720,,,,,,,,,,,,false,https://www.spotrac.com/mlb/texas-rangers/cash/_/year/2026 | https://www.spotrac.com/mlb/texas-rangers/tax/_/year/2026,not_found_on_contracts_page,
2026-07-08T14:16:26+00:00,2026,TEX,Texas Rangers,texas-rangers,Jordan Montgomery,jordanmontgomery,https://www.spotrac.com/mlb/player/_/id/21715/jordan-montgomery,SP,33,8.145,,,2026 Injured List,2026 Injured List,Texas Rangers Contracts,,,Free Agent,Free Agent,,1250000,,1250000,1250000,,,2026,2026,2026,1,1250000,1250000,656756,TEX,Injured 60-Day,true,https://www.spotrac.com/mlb/texas-rangers/cash/_/year/2026 | https://www.spotrac.com/mlb/texas-rangers/contracts | https://www.spotrac.com/mlb/texas-rangers/tax/_/year/2026,,
2026-07-08T14:16:26+00:00,2026,TEX,Texas Rangers,texas-rangers,Jose Corniell,josecorniell,https://www.spotrac.com/mlb/player/_/id/86136/jose-corniell,RP,23,0.003,,,2026 Minor,2026 Minor,,,,Pre-Arbitration,,,12513,0.01,12513,12513,,,,,,,,,692030,TEX,Reassigned to Minors,true,https://www.spotrac.com/mlb/texas-rangers/cash/_/year/2026 | https://www.spotrac.com/mlb/texas-rangers/tax/_/year/2026,not_found_on_contracts_page,
2026-07-08T14:16:26+00:00,2026,TEX,Texas Rangers,texas-rangers,Josh H. Smith,joshhsmith,https://www.spotrac.com/mlb/player/_/id/30465/josh-h-smith,2B,28,3.129,,,2026 Active Roster,2026 Active Roster,Texas Rangers Contracts,,,Arbitration 1,Arbitration,,3225000,1.32,3225000,3225000,,,2026,2026,2026,1,3225000,3225000,,,,false,https://www.spotrac.com/mlb/texas-rangers/cash/_/year/2026 | https://www.spotrac.com/mlb/texas-rangers/contracts | https://www.spotrac.com/mlb/texas-rangers/tax/_/year/2026,,
2026-07-08T14:16:26+00:00,2026,TEX,Texas Rangers,texas-rangers,Josh Jung,joshjung,https://www.spotrac.com/mlb/player/_/id/30406/josh-jung,3B,28,3.023,,,2026 Active Roster,2026 Active Roster,Texas Rangers Contracts,,,Arbitration 1,Arbitration,,2900000,1.19,2900000,2900000,,,2026,2026,2026,1,2900000,2900000,673962,TEX,Active,true,https://www.spotrac.com/mlb/texas-rangers/cash/_/year/2026 | https://www.spotrac.com/mlb/texas-rangers/contracts | https://www.spotrac.com/mlb/texas-rangers/tax/_/year/2026,,
2026-07-08T14:16:26+00:00,2026,TEX,Texas Rangers,texas-rangers,Juan Mosqueda,juanmosqueda,https://www.spotrac.com/mlb/player/_/id/105556/juan-mosqueda,C,17,,,,,2026 Signing Bonus,,,,,,,,,80000,,80000,,,,,,,,,,,false,https://www.spotrac.com/mlb/texas-rangers/cash/_/year/2026,not_found_on_tax_page;not_found_on_contracts_page,
2026-07-08T14:16:26+00:00,2026,TEX,Texas Rangers,texas-rangers,Justin Foscue,justinfoscue,https://www.spotrac.com/mlb/player/_/id/48369/justin-foscue,2B,27,0.146,,,2026 Active Roster,2026 Active Roster,Texas Rangers Contracts,,,Pre-Arbitration,Pre-Arbitration,,635825,0.26,635825,635825,,,2026,2026,2026,1,780000,780000,679822,TEX,Active,true,https://www.spotrac.com/mlb/texas-rangers/cash/_/year/2026 | https://www.spotrac.com/mlb/texas-rangers/contracts | https://www.spotrac.com/mlb/texas-rangers/tax/_/year/2026,,
2026-07-08T14:16:26+00:00,2026,TEX,Texas Rangers,texas-rangers,Kumar Rocker,kumarrocker,https://www.spotrac.com/mlb/player/_/id/73272/kumar-rocker,SP,26,0.137,,,2026 Active Roster,2026 Active Roster,Texas Rangers Contracts,,,Pre-Arbitration,Pre-Arbitration,,789000,0.32,789000,789000,,,2026,2026,2026,1,789000,789000,677958,TEX,Active,true,https://www.spotrac.com/mlb/texas-rangers/cash/_/year/2026 | https://www.spotrac.com/mlb/texas-rangers/contracts | https://www.spotrac.com/mlb/texas-rangers/tax/_/year/2026,,
2026-07-08T14:16:26+00:00,2026,TEX,Texas Rangers,texas-rangers,Kyle Higashioka,kylehigashioka,https://www.spotrac.com/mlb/player/_/id/21598/kyle-higashioka,C,36,7.005,,,2026 Active Roster,2026 Active Roster,Texas Rangers Contracts,,,Free Agent,Free Agent,,6750000,2.77,6750000,6750000,,,2025,2025,2027,2,13500000,6750000,543309,TEX,Active,true,https://www.spotrac.com/mlb/texas-rangers/cash/_/year/2026 | https://www.spotrac.com/mlb/texas-rangers/contracts | https://www.spotrac.com/mlb/texas-rangers/tax/_/year/2026,,
2026-07-08T14:16:26+00:00,2026,TEX,Texas Rangers,texas-rangers,Leandro Lopez,leandrolopez,https://www.spotrac.com/mlb/player/_/id/87139/leandro-lopez,SP,,,,,2026 Minor,,,,,Pre-Arbitration,,,,,,,,,,,,,,,699214,TEX,Reassigned to Minors,true,https://www.spotrac.com/mlb/texas-rangers/tax/_/year/2026,missing_all_money_fields;not_found_on_cash_page;not_found_on_contracts_page,
2026-07-08T14:16:26+00:00,2026,TEX,Texas Rangers,texas-rangers,Luis Curvelo,luiscurvelo,https://www.spotrac.com/mlb/player/_/id/88064/luis-curvelo,RP,25,0.061,,,2026 Minor,2026 Minor,,,,Pre-Arbitration,,,229405,0.09,229405,229405,,,,,,,,,681168,TEX,Reassigned to Minors,true,https://www.spotrac.com/mlb/texas-rangers/cash/_/year/2026 | https://www.spotrac.com/mlb/texas-rangers/tax/_/year/2026,not_found_on_contracts_page,
2026-07-08T14:16:26+00:00,2026,TEX,Texas Rangers,texas-rangers,Luis Jaquez,luisjaquez,https://www.spotrac.com/mlb/player/_/id/105888/luis-jaquez,C,17,,,,,2026 Signing Bonus,,,,,,,,,450000,,450000,,,,,,,,,,,false,https://www.spotrac.com/mlb/texas-rangers/cash/_/year/2026,not_found_on_tax_page;not_found_on_contracts_page,
2026-07-08T14:16:26+00:00,2026,TEX,Texas Rangers,texas-rangers,MacKenzie Gore,mackenziegore,https://www.spotrac.com/mlb/player/_/id/23212/mackenzie-gore,SP,27,4.000,,,2026 Active Roster,2026 Active Roster,Texas Rangers Contracts,,,Arbitration 2,Arbitration,,5600000,2.30,5600000,5600000,,,2026,2026,2026,1,5600000,5600000,669022,TEX,Active,true,https://www.spotrac.com/mlb/texas-rangers/cash/_/year/2026 | https://www.spotrac.com/mlb/texas-rangers/contracts | https://www.spotrac.com/mlb/texas-rangers/tax/_/year/2026,,
2026-07-08T14:16:26+00:00,2026,TEX,Texas Rangers,texas-rangers,Michael Helman,michaelhelman,https://www.spotrac.com/mlb/player/_/id/27644/michael-helman,2B,30,0.095,,,2026 Injured List,2026 Injured List,Texas Rangers Contracts,,,Pre-Arbitration,Pre-Arbitration,,550572,,550572,550572,,,2026,2026,2026,1,780000,780000,680737,TEX,Injured 60-Day,true,https://www.spotrac.com/mlb/texas-rangers/cash/_/year/2026 | https://www.spotrac.com/mlb/texas-rangers/contracts | https://www.spotrac.com/mlb/texas-rangers/tax/_/year/2026,,
2026-07-08T14:16:26+00:00,2026,TEX,Texas Rangers,texas-rangers,Nathan Eovaldi,nathaneovaldi,https://www.spotrac.com/mlb/player/_/id/8761/nathan-eovaldi,SP,36,14.013,,,2026 Active Roster,2026 Active Roster,Texas Rangers Contracts,,,Free Agent,Free Agent,,25000000,10.25,25000000,25000000,,,2025,2025,2027,3,75000000,25000000,543135,TEX,Active,true,https://www.spotrac.com/mlb/texas-rangers/cash/_/year/2026 | https://www.spotrac.com/mlb/texas-rangers/contracts | https://www.spotrac.com/mlb/texas-rangers/tax/_/year/2026,,
2026-07-08T14:16:26+00:00,2026,TEX,Texas Rangers,texas-rangers,Nicky Lopez,nickylopez,https://www.spotrac.com/mlb/player/_/id/20103/nicky-lopez,SS,31,6.021,,,2026 Active Roster,2026 Active Roster,Texas Rangers Contracts,,,Free Agent,Free Agent,,513033,0.21,513033,513033,,,2026,2026,2026,1,780000,780000,670032,TEX,Active,true,https://www.spotrac.com/mlb/texas-rangers/cash/_/year/2026 | https://www.spotrac.com/mlb/texas-rangers/contracts | https://www.spotrac.com/mlb/texas-rangers/tax/_/year/2026,,
2026-07-08T14:16:26+00:00,2026,TEX,Texas Rangers,texas-rangers,Peyton Gray,peytongray,https://www.spotrac.com/mlb/player/_/id/95825/peyton-gray,RP,31,,,,2026 Active Roster,2026 Active Roster,Texas Rangers Contracts,,,Pre-Arbitration,Pre-Arbitration,,654847,0.27,654847,654847,,,2026,2026,2026,1,780000,780000,682608,TEX,Active,true,https://www.spotrac.com/mlb/texas-rangers/cash/_/year/2026 | https://www.spotrac.com/mlb/texas-rangers/contracts | https://www.spotrac.com/mlb/texas-rangers/tax/_/year/2026,,
2026-07-08T14:16:26+00:00,2026,TEX,Texas Rangers,texas-rangers,Robert Ahlstrom,robertahlstrom,https://www.spotrac.com/mlb/player/_/id/73478/robert-ahlstrom,RP,27,,,,2026 Active Roster,2026 Active Roster,Texas Rangers Contracts,,,Pre-Arbitration,Pre-Arbitration,,492178,0.20,492178,492178,,,2026,2026,2026,1,780000,780000,,,,false,https://www.spotrac.com/mlb/texas-rangers/cash/_/year/2026 | https://www.spotrac.com/mlb/texas-rangers/contracts | https://www.spotrac.com/mlb/texas-rangers/tax/_/year/2026,,
2026-07-08T14:16:26+00:00,2026,TEX,Texas Rangers,texas-rangers,Robert Garcia,robertgarcia,https://www.spotrac.com/mlb/player/_/id/24142/robert-garcia,RP,30,2.086,,,2026 Injured List,2026 Injured List,Texas Rangers Contracts,,,Pre-Arbitration,Pre-Arbitration,,800500,,800500,800500,,,2026,2026,2026,1,800500,800500,676395,TEX,Injured 60-Day,true,https://www.spotrac.com/mlb/texas-rangers/cash/_/year/2026 | https://www.spotrac.com/mlb/texas-rangers/contracts | https://www.spotrac.com/mlb/texas-rangers/tax/_/year/2026,,
2026-07-08T14:16:26+00:00,2026,TEX,Texas Rangers,texas-rangers,Ronaiker Narvaez,ronaikernarvaez,https://www.spotrac.com/mlb/player/_/id/105893/ronaiker-narvaez,P,17,,,,,2026 Signing Bonus,,,,,,,,,90000,,90000,,,,,,,,,,,false,https://www.spotrac.com/mlb/texas-rangers/cash/_/year/2026,not_found_on_tax_page;not_found_on_contracts_page,
2026-07-08T14:16:26+00:00,2026,TEX,Texas Rangers,texas-rangers,Sam Haggerty,samhaggerty,https://www.spotrac.com/mlb/player/_/id/32815/sam-haggerty,OF,32,5.007,,,2026 Dead Money,2026 Dead Money,,,,,,,1250000,0.51,1250000,1250000,,,,,,,,,,,,false,https://www.spotrac.com/mlb/texas-rangers/cash/_/year/2026 | https://www.spotrac.com/mlb/texas-rangers/tax/_/year/2026,not_found_on_contracts_page,
2026-07-08T14:16:26+00:00,2026,TEX,Texas Rangers,texas-rangers,Santiago Ramirez,santiagoramirez,https://www.spotrac.com/mlb/player/_/id/105511/santiago-ramirez,C,17,,,,,2026 Signing Bonus,,,,,,,,,375000,,375000,,,,,,,,,,,false,https://www.spotrac.com/mlb/texas-rangers/cash/_/year/2026,not_found_on_tax_page;not_found_on_contracts_page,
2026-07-08T14:16:26+00:00,2026,TEX,Texas Rangers,texas-rangers,Tyler Alexander,tyleralexander,https://www.spotrac.com/mlb/player/_/id/28857/tyler-alexander,RP,31,6.011,,,2026 Active Roster,2026 Active Roster,Texas Rangers Contracts,,,Free Agent,Free Agent,,1125000,0.46,1125000,1125000,,,2026,2026,2026,1,1125000,1125000,641302,TEX,Active,true,https://www.spotrac.com/mlb/texas-rangers/cash/_/year/2026 | https://www.spotrac.com/mlb/texas-rangers/contracts | https://www.spotrac.com/mlb/texas-rangers/tax/_/year/2026,,
2026-07-08T14:16:26+00:00,2026,TEX,Texas Rangers,texas-rangers,Victor Gonzalez,victorgonzalez,https://www.spotrac.com/mlb/player/_/id/105890/victor-gonzalez,INF,17,,,,,2026 Signing Bonus,,,,,,,,,25000,,25000,,,,,,,,,,,false,https://www.spotrac.com/mlb/texas-rangers/cash/_/year/2026,not_found_on_tax_page;not_found_on_contracts_page,
2026-07-08T14:16:26+00:00,2026,TEX,Texas Rangers,texas-rangers,Victor Rodriguez,victorrodriguez,https://www.spotrac.com/mlb/player/_/id/105515/victor-rodriguez,OF,17,,,,,2026 Signing Bonus,,,,,,,,,175000,,175000,,,,,,,,,,,false,https://www.spotrac.com/mlb/texas-rangers/cash/_/year/2026,not_found_on_tax_page;not_found_on_contracts_page,
2026-07-08T14:16:26+00:00,2026,TEX,Texas Rangers,texas-rangers,Winston Santos,winstonsantos,https://www.spotrac.com/mlb/player/_/id/87141/winston-santos,RP,24,,,,2026 Minor,2026 Minor,,,,Pre-Arbitration,,,33368,0.01,33368,33368,,,,,,,,,692437,TEX,Reassigned to Minors,true,https://www.spotrac.com/mlb/texas-rangers/cash/_/year/2026 | https://www.spotrac.com/mlb/texas-rangers/tax/_/year/2026,not_found_on_contracts_page,
2026-07-08T14:16:26+00:00,2026,TEX,Texas Rangers,texas-rangers,Wyatt Langford,wyattlangford,https://www.spotrac.com/mlb/player/_/id/83151/wyatt-langford,LF,24,2.000,,,2026 Injured List,2026 Injured List,Texas Rangers Contracts,,,Pre-Arbitration,Pre-Arbitration,,805000,0.33,805000,805000,,,2026,2026,2026,1,805000,805000,694671,TEX,Injured 10-Day,true,https://www.spotrac.com/mlb/texas-rangers/cash/_/year/2026 | https://www.spotrac.com/mlb/texas-rangers/contracts | https://www.spotrac.com/mlb/texas-rangers/tax/_/year/2026,,
2026-07-08T14:16:26+00:00,2026,TOR,Toronto Blue Jays,toronto-blue-jays,Abrahan Diaz,abrahandiaz,https://www.spotrac.com/mlb/player/_/id/105680/abrahan-diaz,P,17,,,,,2026 Signing Bonus,,,,,,,,,250000,,250000,,,,,,,,,,,false,https://www.spotrac.com/mlb/toronto-blue-jays/cash/_/year/2026,not_found_on_tax_page;not_found_on_contracts_page,
2026-07-08T14:16:26+00:00,2026,TOR,Toronto Blue Jays,toronto-blue-jays,Adam Macko,adammacko,https://www.spotrac.com/mlb/player/_/id/31156/adam-macko,SP,25,,,,2026 Active Roster,2026 Active Roster,Toronto Blue Jays Contracts,,,Pre-Arbitration,Pre-Arbitration,,483836,0.20,483836,483836,,,2026,2026,2026,1,780000,780000,671936,TOR,Active,true,https://www.spotrac.com/mlb/toronto-blue-jays/cash/_/year/2026 | https://www.spotrac.com/mlb/toronto-blue-jays/contracts | https://www.spotrac.com/mlb/toronto-blue-jays/tax/_/year/2026,,
2026-07-08T14:16:26+00:00,2026,TOR,Toronto Blue Jays,toronto-blue-jays,Addison Barger,addisonbarger,https://www.spotrac.com/mlb/player/_/id/26209/addison-barger,RF,26,1.098,,,2026 Injured List,2026 Injured List,Toronto Blue Jays Contracts,,,Pre-Arbitration,Pre-Arbitration,,811000,0.33,811000,811000,,,2026,2026,2026,1,811000,811000,680718,TOR,Injured 10-Day,true,https://www.spotrac.com/mlb/toronto-blue-jays/cash/_/year/2026 | https://www.spotrac.com/mlb/toronto-blue-jays/contracts | https://www.spotrac.com/mlb/toronto-blue-jays/tax/_/year/2026,,
2026-07-08T14:16:26+00:00,2026,TOR,Toronto Blue Jays,toronto-blue-jays,Adrian Moreta,adrianmoreta,https://www.spotrac.com/mlb/player/_/id/105616/adrian-moreta,P,17,,,,,2026 Signing Bonus,,,,,,,,,155000,,155000,,,,,,,,,,,false,https://www.spotrac.com/mlb/toronto-blue-jays/cash/_/year/2026,not_found_on_tax_page;not_found_on_contracts_page,
2026-07-08T14:16:26+00:00,2026,TOR,Toronto Blue Jays,toronto-blue-jays,Alejandro Kirk,alejandrokirk,https://www.spotrac.com/mlb/player/_/id/48786/alejandro-kirk,C,27,5.047,,,2026 Active Roster,2026 Active Roster,Toronto Blue Jays Contracts,,,Extension Arbitration,Extension Arbitration,,11600000,4.75,13500000,7500000,6000000,,2026,2026,2030,5,58000000,11600000,672386,TOR,Active,true,https://www.spotrac.com/mlb/toronto-blue-jays/cash/_/year/2026 | https://www.spotrac.com/mlb/toronto-blue-jays/contracts | https://www.spotrac.com/mlb/toronto-blue-jays/tax/_/year/2026,,
2026-07-08T14:16:26+00:00,2026,TOR,Toronto Blue Jays,toronto-blue-jays,Alexander Linares,alexanderlinares,https://www.spotrac.com/mlb/player/_/id/105677/alexander-linares,SS,17,,,,,2026 Signing Bonus,,,,,,,,,125000,,125000,,,,,,,,,,,false,https://www.spotrac.com/mlb/toronto-blue-jays/cash/_/year/2026,not_found_on_tax_page;not_found_on_contracts_page,
2026-07-08T14:16:26+00:00,2026,TOR,Toronto Blue Jays,toronto-blue-jays,Andres Gimenez,andresgimenez,https://www.spotrac.com/mlb/player/_/id/24208/andres-gimenez,SS,27,5.106,,,2026 Active Roster,2026 Active Roster,Toronto Blue Jays Contracts,,,Extension Pre-Arbitration,Extension Pre-Arbitration,,15214286,6.24,15000000,15000000,,,2023,2023,2030,7,106500000,15214286,665926,TOR,Active,true,https://www.spotrac.com/mlb/toronto-blue-jays/cash/_/year/2026 | https://www.spotrac.com/mlb/toronto-blue-jays/contracts | https://www.spotrac.com/mlb/toronto-blue-jays/tax/_/year/2026,,
2026-07-08T14:16:26+00:00,2026,TOR,Toronto Blue Jays,toronto-blue-jays,Aneudi Severino,aneudiseverino,https://www.spotrac.com/mlb/player/_/id/105519/aneudi-severino,OF,17,,,,,2026 Signing Bonus,,,,,,,,,700000,,700000,,,,,,,,,,,false,https://www.spotrac.com/mlb/toronto-blue-jays/cash/_/year/2026,not_found_on_tax_page;not_found_on_contracts_page,
2026-07-08T14:16:26+00:00,2026,TOR,Toronto Blue Jays,toronto-blue-jays,Anthony Santander,anthonysantander,https://www.spotrac.com/mlb/player/_/id/21318/anthony-santander,LF,31,7.162,,,2026 Injured List,2026 Injured List,Toronto Blue Jays Contracts,,,Free Agent,Free Agent,,13720000,,6500000,6500000,,,2025,2025,2030,5,92500000,18500000,623993,TOR,Injured 60-Day,true,https://www.spotrac.com/mlb/toronto-blue-jays/cash/_/year/2026 | https://www.spotrac.com/mlb/toronto-blue-jays/contracts | https://www.spotrac.com/mlb/toronto-blue-jays/tax/_/year/2026,,
2026-07-08T14:16:26+00:00,2026,TOR,Toronto Blue Jays,toronto-blue-jays,Austin Voth,austinvoth,https://www.spotrac.com/mlb/player/_/id/21134/austin-voth,RP,34,5.115,,,2026 Dead Money,2026 Dead Money,,,,,,,12513,0.01,12513,12513,,,,,,,,,,,,false,https://www.spotrac.com/mlb/toronto-blue-jays/cash/_/year/2026 | https://www.spotrac.com/mlb/toronto-blue-jays/tax/_/year/2026,not_found_on_contracts_page,
2026-07-08T14:16:26+00:00,2026,TOR,Toronto Blue Jays,toronto-blue-jays,Ayberson Ortega,aybersonortega,https://www.spotrac.com/mlb/player/_/id/105557/ayberson-ortega,C,17,,,,,2026 Signing Bonus,,,,,,,,,10000,,10000,,,,,,,,,,,false,https://www.spotrac.com/mlb/toronto-blue-jays/cash/_/year/2026,not_found_on_tax_page;not_found_on_contracts_page,
2026-07-08T14:16:26+00:00,2026,TOR,Toronto Blue Jays,toronto-blue-jays,Bowden Francis,bowdenfrancis,https://www.spotrac.com/mlb/player/_/id/23417/bowden-francis,SP,30,2.098,,,2026 Injured List,2026 Injured List,Toronto Blue Jays Contracts,,,Pre-Arbitration,Pre-Arbitration,,809800,,809800,809800,,,2026,2026,2026,1,809800,809800,670102,TOR,Injured 60-Day,true,https://www.spotrac.com/mlb/toronto-blue-jays/cash/_/year/2026 | https://www.spotrac.com/mlb/toronto-blue-jays/contracts | https://www.spotrac.com/mlb/toronto-blue-jays/tax/_/year/2026,,
2026-07-08T14:16:26+00:00,2026,TOR,Toronto Blue Jays,toronto-blue-jays,Brandon Valenzuela,brandonvalenzuela,https://www.spotrac.com/mlb/player/_/id/74945/brandon-valenzuela,C,25,,,,2026 Active Roster,2026 Active Roster,,,,Pre-Arbitration,,,734096,0.30,734096,734096,,,,,,,,,678218,TOR,Active,true,https://www.spotrac.com/mlb/toronto-blue-jays/cash/_/year/2026 | https://www.spotrac.com/mlb/toronto-blue-jays/tax/_/year/2026,not_found_on_contracts_page,
2026-07-08T14:16:26+00:00,2026,TOR,Toronto Blue Jays,toronto-blue-jays,Braydon Fisher,braydonfisher,https://www.spotrac.com/mlb/player/_/id/26163/braydon-fisher,RP,25,0.130,,,2026 Personal Leave,2026 Personal Leave,Toronto Blue Jays Contracts,,,Pre-Arbitration,Pre-Arbitration,,796600,,796600,796600,,,2026,2026,2026,1,796600,796600,680755,TOR,Bereavement List,true,https://www.spotrac.com/mlb/toronto-blue-jays/cash/_/year/2026 | https://www.spotrac.com/mlb/toronto-blue-jays/contracts | https://www.spotrac.com/mlb/toronto-blue-jays/tax/_/year/2026,,
2026-07-08T14:16:26+00:00,2026,TOR,Toronto Blue Jays,toronto-blue-jays,Brendon Little,brendonlittle,https://www.spotrac.com/mlb/player/_/id/23236/brendon-little,RP,29,1.135,,,2026 Minor,2026 Minor,,,,Pre-Arbitration,,,56446,0.02,56446,56446,,,,,,,,,663893,TOR,Reassigned to Minors,true,https://www.spotrac.com/mlb/toronto-blue-jays/cash/_/year/2026 | https://www.spotrac.com/mlb/toronto-blue-jays/tax/_/year/2026,not_found_on_contracts_page,
2026-07-08T14:16:26+00:00,2026,TOR,Toronto Blue Jays,toronto-blue-jays,Chad Dallas,chaddallas,https://www.spotrac.com/mlb/player/_/id/73384/chad-dallas,SP,26,,,,2026 Active Roster,2026 Active Roster,Toronto Blue Jays Contracts,,,Pre-Arbitration,Pre-Arbitration,,354535,0.15,354535,354535,,,2026,2026,2026,1,780000,780000,689149,TOR,Active,true,https://www.spotrac.com/mlb/toronto-blue-jays/cash/_/year/2026 | https://www.spotrac.com/mlb/toronto-blue-jays/contracts | https://www.spotrac.com/mlb/toronto-blue-jays/tax/_/year/2026,,
2026-07-08T14:16:26+00:00,2026,TOR,Toronto Blue Jays,toronto-blue-jays,Charles McAdoo,charlesmcadoo,https://www.spotrac.com/mlb/player/_/id/85120/charles-mcadoo,2B,24,,,,2026 Minor,2026 Minor,,,,Pre-Arbitration,,,95933,0.04,95933,95933,,,,,,,,,807727,TOR,Reassigned to Minors,true,https://www.spotrac.com/mlb/toronto-blue-jays/cash/_/year/2026 | https://www.spotrac.com/mlb/toronto-blue-jays/tax/_/year/2026,not_found_on_contracts_page,
2026-07-08T14:16:26+00:00,2026,TOR,Toronto Blue Jays,toronto-blue-jays,Chase Lee,chaselee,https://www.spotrac.com/mlb/player/_/id/73426/chase-lee,RP,27,0.095,,,2026 Minor,2026 Minor,,,,Pre-Arbitration,,,41710,0.02,41710,41710,,,,,,,,,695445,TOR,Reassigned to Minors,true,https://www.spotrac.com/mlb/toronto-blue-jays/cash/_/year/2026 | https://www.spotrac.com/mlb/toronto-blue-jays/tax/_/year/2026,not_found_on_contracts_page,
2026-07-08T14:16:26+00:00,2026,TOR,Toronto Blue Jays,toronto-blue-jays,Cody Ponce,codyponce,https://www.spotrac.com/mlb/player/_/id/17665/cody-ponce,SP,32,0.126,,,2026 Injured List,2026 Injured List,Toronto Blue Jays Contracts,,,Free Agent,Free Agent,,10000000,,8000000,5000000,3000000,,2026,2026,2028,3,30000000,10000000,664074,TOR,Injured 60-Day,true,https://www.spotrac.com/mlb/toronto-blue-jays/cash/_/year/2026 | https://www.spotrac.com/mlb/toronto-blue-jays/contracts | https://www.spotrac.com/mlb/toronto-blue-jays/tax/_/year/2026,,
2026-07-08T14:16:26+00:00,2026,TOR,Toronto Blue Jays,toronto-blue-jays,Connor Seabold,connorseabold,https://www.spotrac.com/mlb/player/_/id/23292/connor-seabold,RP,30,1.054,,,2026 Dead Money,2026 Dead Money,,,,,,,81282,0.03,81282,81282,,,,,,,,,657756,KC,Injured 15-Day,true_other_team,https://www.spotrac.com/mlb/toronto-blue-jays/cash/_/year/2026 | https://www.spotrac.com/mlb/toronto-blue-jays/tax/_/year/2026,not_found_on_contracts_page,
2026-07-08T14:16:26+00:00,2026,TOR,Toronto Blue Jays,toronto-blue-jays,Daulton Varsho,daultonvarsho,https://www.spotrac.com/mlb/player/_/id/23277/daulton-varsho,CF,29,5.128,,,2026 Active Roster,2026 Active Roster,Toronto Blue Jays Contracts,,,Arbitration 4,Arbitration,,10750000,4.41,10750000,10750000,,,2026,2026,2026,1,10750000,10750000,662139,TOR,Active,true,https://www.spotrac.com/mlb/toronto-blue-jays/cash/_/year/2026 | https://www.spotrac.com/mlb/toronto-blue-jays/contracts | https://www.spotrac.com/mlb/toronto-blue-jays/tax/_/year/2026,,
2026-07-08T14:16:26+00:00,2026,TOR,Toronto Blue Jays,toronto-blue-jays,David Vargas,davidvargas,https://www.spotrac.com/mlb/player/_/id/105886/david-vargas,SS,,,,,,2026 Signing Bonus,,,,,,,,,300000,,300000,,,,,,,,,,,false,https://www.spotrac.com/mlb/toronto-blue-jays/cash/_/year/2026,not_found_on_tax_page;not_found_on_contracts_page,
2026-07-08T14:16:26+00:00,2026,TOR,Toronto Blue Jays,toronto-blue-jays,Davis Schneider,davisschneider,https://www.spotrac.com/mlb/player/_/id/24119/davis-schneider,3B,27,2.029,,,2026 Minor,2026 Minor,,,,Pre-Arbitration,,,334950,0.14,334950,334950,,,,,,,,,676914,TOR,Reassigned to Minors,true,https://www.spotrac.com/mlb/toronto-blue-jays/cash/_/year/2026 | https://www.spotrac.com/mlb/toronto-blue-jays/tax/_/year/2026,not_found_on_contracts_page,
2026-07-08T14:16:26+00:00,2026,TOR,Toronto Blue Jays,toronto-blue-jays,Deret Gonzalez,deretgonzalez,https://www.spotrac.com/mlb/player/_/id/105679/deret-gonzalez,OF,17,,,,,2026 Signing Bonus,,,,,,,,,40000,,40000,,,,,,,,,,,false,https://www.spotrac.com/mlb/toronto-blue-jays/cash/_/year/2026,not_found_on_tax_page;not_found_on_contracts_page,
2026-07-08T14:16:26+00:00,2026,TOR,Toronto Blue Jays,toronto-blue-jays,Dylan Cease,dylancease,https://www.spotrac.com/mlb/player/_/id/28208/dylan-cease,SP,30,6.089,,,2026 Active Roster,2026 Active Roster,Toronto Blue Jays Contracts,,,Free Agent,Free Agent,,26750000,10.96,35050000,12000000,23000000,,2026,2026,2032,7,210000000,30000000,656302,TOR,Active,true,https://www.spotrac.com/mlb/toronto-blue-jays/cash/_/year/2026 | https://www.spotrac.com/mlb/toronto-blue-jays/contracts | https://www.spotrac.com/mlb/toronto-blue-jays/tax/_/year/2026,,
2026-07-08T14:16:26+00:00,2026,TOR,Toronto Blue Jays,toronto-blue-jays,Eiker Lothar,eikerlothar,https://www.spotrac.com/mlb/player/_/id/105678/eiker-lothar,SS,17,,,,,2026 Signing Bonus,,,,,,,,,75000,,75000,,,,,,,,,,,false,https://www.spotrac.com/mlb/toronto-blue-jays/cash/_/year/2026,not_found_on_tax_page;not_found_on_contracts_page,
2026-07-08T14:16:26+00:00,2026,TOR,Toronto Blue Jays,toronto-blue-jays,Eloy Jimenez,eloyjimenez,https://www.spotrac.com/mlb/player/_/id/24616/eloy-jimenez,DH,29,6.000,,,2026 Dead Money,2026 Dead Money,,,,,,,90916,0.04,90916,90916,,,,,,,,,,,,false,https://www.spotrac.com/mlb/toronto-blue-jays/cash/_/year/2026 | https://www.spotrac.com/mlb/toronto-blue-jays/tax/_/year/2026,not_found_on_contracts_page,
2026-07-08T14:16:26+00:00,2026,TOR,Toronto Blue Jays,toronto-blue-jays,Eric Lauer,ericlauer,https://www.spotrac.com/mlb/player/_/id/19985/eric-lauer,SP,31,5.091,,,2026 Retained,2026 Retained,,,,Retained,,,1247114,,1247114,1247114,,,,,,,,,641778,LAD,Active,true_other_team,https://www.spotrac.com/mlb/toronto-blue-jays/cash/_/year/2026 | https://www.spotrac.com/mlb/toronto-blue-jays/tax/_/year/2026,not_found_on_contracts_page,
2026-07-08T14:16:26+00:00,2026,TOR,Toronto Blue Jays,toronto-blue-jays,Ernie Clement,ernieclement,https://www.spotrac.com/mlb/player/_/id/23343/ernie-clement,2B,30,3.168,,,2026 Active Roster,2026 Active Roster,Toronto Blue Jays Contracts,,,Arbitration 2 Super Two,Arbitration,,4600000,1.89,4600000,4600000,,,2026,2026,2026,1,4600000,4600000,676391,TOR,Active,true,https://www.spotrac.com/mlb/toronto-blue-jays/cash/_/year/2026 | https://www.spotrac.com/mlb/toronto-blue-jays/contracts | https://www.spotrac.com/mlb/toronto-blue-jays/tax/_/year/2026,,
2026-07-08T14:16:26+00:00,2026,TOR,Toronto Blue Jays,toronto-blue-jays,Evington Gascon,evingtongascon,https://www.spotrac.com/mlb/player/_/id/105675/evington-gascon,P,17,,,,,2026 Signing Bonus,,,,,,,,,10000,,10000,,,,,,,,,,,false,https://www.spotrac.com/mlb/toronto-blue-jays/cash/_/year/2026,not_found_on_tax_page;not_found_on_contracts_page,
2026-07-08T14:16:26+00:00,2026,TOR,Toronto Blue Jays,toronto-blue-jays,Fayon Dumorne,fayondumorne,https://www.spotrac.com/mlb/player/_/id/105602/fayon-dumorne,P,20,,,,,2026 Signing Bonus,,,,,,,,,10000,,10000,,,,,,,,,,,false,https://www.spotrac.com/mlb/toronto-blue-jays/cash/_/year/2026,not_found_on_tax_page;not_found_on_contracts_page,
2026-07-08T14:16:26+00:00,2026,TOR,Toronto Blue Jays,toronto-blue-jays,Franiel Severino,franielseverino,https://www.spotrac.com/mlb/player/_/id/105670/franiel-severino,P,17,,,,,2026 Signing Bonus,,,,,,,,,50000,,50000,,,,,,,,,,,false,https://www.spotrac.com/mlb/toronto-blue-jays/cash/_/year/2026,not_found_on_tax_page;not_found_on_contracts_page,
2026-07-08T14:16:26+00:00,2026,TOR,Toronto Blue Jays,toronto-blue-jays,Frelian Flores,frelianflores,https://www.spotrac.com/mlb/player/_/id/105674/frelian-flores,2B,17,,,,,2026 Signing Bonus,,,,,,,,,42500,,42500,,,,,,,,,,,false,https://www.spotrac.com/mlb/toronto-blue-jays/cash/_/year/2026,not_found_on_tax_page;not_found_on_contracts_page,
2026-07-08T14:16:26+00:00,2026,TOR,Toronto Blue Jays,toronto-blue-jays,Gabriel Porras,gabrielporras,https://www.spotrac.com/mlb/player/_/id/105521/gabriel-porras,SS,17,,,,,2026 Signing Bonus,,,,,,,,,70000,,70000,,,,,,,,,,,false,https://www.spotrac.com/mlb/toronto-blue-jays/cash/_/year/2026,not_found_on_tax_page;not_found_on_contracts_page,
2026-07-08T14:16:26+00:00,2026,TOR,Toronto Blue Jays,toronto-blue-jays,George Springer,georgespringer,https://www.spotrac.com/mlb/player/_/id/14174/george-springer,RF,36,11.166,,,2026 Active Roster,2026 Active Roster,Toronto Blue Jays Contracts,,,Free Agent,Free Agent,,25000000,10.25,22500000,22500000,,,2021,2021,2026,6,150000000,25000000,543807,TOR,Active,true,https://www.spotrac.com/mlb/toronto-blue-jays/cash/_/year/2026 | https://www.spotrac.com/mlb/toronto-blue-jays/contracts | https://www.spotrac.com/mlb/toronto-blue-jays/tax/_/year/2026,,
2026-07-08T14:16:26+00:00,2026,TOR,Toronto Blue Jays,toronto-blue-jays,Hayden Juenger,haydenjuenger,https://www.spotrac.com/mlb/player/_/id/73444/hayden-juenger,RP,25,,,,2026 Dead Money,2026 Dead Money,,,,,,,25026,0.01,25026,25026,,,,,,,,,696522,ATH,Reassigned to Minors,true_other_team,https://www.spotrac.com/mlb/toronto-blue-jays/cash/_/year/2026 | https://www.spotrac.com/mlb/toronto-blue-jays/tax/_/year/2026,not_found_on_contracts_page,
2026-07-08T14:16:26+00:00,2026,TOR,Toronto Blue Jays,toronto-blue-jays,Jake Bloss,jakebloss,https://www.spotrac.com/mlb/player/_/id/84845/jake-bloss,SP,,0.039,,,2026 Minor,,,,,Pre-Arbitration,,,,,,,,,,,,,,,814005,TOR,Reassigned to Minors,true,https://www.spotrac.com/mlb/toronto-blue-jays/tax/_/year/2026,missing_all_money_fields;not_found_on_cash_page;not_found_on_contracts_page,
2026-07-08T14:16:26+00:00,2026,TOR,Toronto Blue Jays,toronto-blue-jays,Jeff Hoffman,jeffhoffman,https://www.spotrac.com/mlb/player/_/id/17686/jeff-hoffman,RP,33,7.084,,,2026 Active Roster,2026 Active Roster,Toronto Blue Jays Contracts,,,Free Agent,Free Agent,,11000000,4.51,11000000,11000000,,,2025,2025,2027,3,33000000,11000000,656546,TOR,Active,true,https://www.spotrac.com/mlb/toronto-blue-jays/cash/_/year/2026 | https://www.spotrac.com/mlb/toronto-blue-jays/contracts | https://www.spotrac.com/mlb/toronto-blue-jays/tax/_/year/2026,,
2026-07-08T14:16:26+00:00,2026,TOR,Toronto Blue Jays,toronto-blue-jays,Jesús Sánchez,jesussanchez,https://www.spotrac.com/mlb/player/_/id/28160/jes%C3%BAs-s%C3%A1nchez,LF,28,4.118,,,2026 Injured List,2026 Injured List,Toronto Blue Jays Contracts,,,Arbitration 3 Super Two,Arbitration,,6800000,2.79,6800000,6800000,,,2026,2026,2026,1,6800000,6800000,660821,TOR,Injured 10-Day,true,https://www.spotrac.com/mlb/toronto-blue-jays/cash/_/year/2026 | https://www.spotrac.com/mlb/toronto-blue-jays/contracts | https://www.spotrac.com/mlb/toronto-blue-jays/tax/_/year/2026,,
2026-07-08T14:16:26+00:00,2026,TOR,Toronto Blue Jays,toronto-blue-jays,Joe Mantiply,joemantiply,https://www.spotrac.com/mlb/player/_/id/21043/joe-mantiply,RP,35,4.057,,,2026 Injured List,2026 Injured List,Toronto Blue Jays Contracts,,,Free Agent,Free Agent,,935900,,935900,935900,,,2026,2026,2026,1,1000000,1000000,573009,TOR,Injured 60-Day,true,https://www.spotrac.com/mlb/toronto-blue-jays/cash/_/year/2026 | https://www.spotrac.com/mlb/toronto-blue-jays/contracts | https://www.spotrac.com/mlb/toronto-blue-jays/tax/_/year/2026,,
2026-07-08T14:16:26+00:00,2026,TOR,Toronto Blue Jays,toronto-blue-jays,Jonatan Clase,jonatanclase,https://www.spotrac.com/mlb/player/_/id/27537/jonatan-clase,OF,24,0.109,,,2026 Active Roster,2026 Active Roster,Toronto Blue Jays Contracts,,,Pre-Arbitration,Pre-Arbitration,,367048,0.15,367048,367048,,,2026,2026,2026,1,780000,780000,682729,TOR,Active,true,https://www.spotrac.com/mlb/toronto-blue-jays/cash/_/year/2026 | https://www.spotrac.com/mlb/toronto-blue-jays/contracts | https://www.spotrac.com/mlb/toronto-blue-jays/tax/_/year/2026,,
2026-07-08T14:16:26+00:00,2026,TOR,Toronto Blue Jays,toronto-blue-jays,Jose Gori,josegori,https://www.spotrac.com/mlb/player/_/id/105673/jose-gori,C,17,,,,,2026 Signing Bonus,,,,,,,,,165000,,165000,,,,,,,,,,,false,https://www.spotrac.com/mlb/toronto-blue-jays/cash/_/year/2026,not_found_on_tax_page;not_found_on_contracts_page,
2026-07-08T14:16:26+00:00,2026,TOR,Toronto Blue Jays,toronto-blue-jays,Josh Fleming,joshfleming,https://www.spotrac.com/mlb/player/_/id/23352/josh-fleming,RP,30,3.069,,,2026 Dead Money,2026 Dead Money,,,,,,,4545,0.00,4545,4545,,,,,,,,,,,,false,https://www.spotrac.com/mlb/toronto-blue-jays/cash/_/year/2026 | https://www.spotrac.com/mlb/toronto-blue-jays/tax/_/year/2026,not_found_on_contracts_page,
2026-07-08T14:16:26+00:00,2026,TOR,Toronto Blue Jays,toronto-blue-jays,José Berríos,joseberrios,https://www.spotrac.com/mlb/player/_/id/18945/jos%C3%A9-berr%C3%ADos,SP,32,9.044,,,2026 Injured List,2026 Injured List,Toronto Blue Jays Contracts,,,Extension Arbitration,Extension Arbitration,,18714286,,18000000,18000000,,,2022,2022,2028,7,131000000,18714286,621244,TOR,Injured 60-Day,true,https://www.spotrac.com/mlb/toronto-blue-jays/cash/_/year/2026 | https://www.spotrac.com/mlb/toronto-blue-jays/contracts | https://www.spotrac.com/mlb/toronto-blue-jays/tax/_/year/2026,,
2026-07-08T14:16:26+00:00,2026,TOR,Toronto Blue Jays,toronto-blue-jays,Juan Caricote,juancaricote,https://www.spotrac.com/mlb/player/_/id/105517/juan-caricote,C,17,,,,,2026 Signing Bonus,,,,,,,,,1950000,,1950000,,,,,,,,,,,false,https://www.spotrac.com/mlb/toronto-blue-jays/cash/_/year/2026,not_found_on_tax_page;not_found_on_contracts_page,
2026-07-08T14:16:26+00:00,2026,TOR,Toronto Blue Jays,toronto-blue-jays,Kazuma Okamoto,kazumaokamoto,https://www.spotrac.com/mlb/player/_/id/101014/kazuma-okamoto,3B,30,,,,2026 Active Roster,2026 Active Roster,Toronto Blue Jays Contracts,,,Free Agent Foreign Professional,Free Agent Foreign Professional,,15000000,6.15,12000000,7000000,5000000,,2026,2026,2029,4,60000000,15000000,672960,TOR,Active,true,https://www.spotrac.com/mlb/toronto-blue-jays/cash/_/year/2026 | https://www.spotrac.com/mlb/toronto-blue-jays/contracts | https://www.spotrac.com/mlb/toronto-blue-jays/tax/_/year/2026,,
2026-07-08T14:16:26+00:00,2026,TOR,Toronto Blue Jays,toronto-blue-jays,Kevin Gausman,kevingausman,https://www.spotrac.com/mlb/player/_/id/13974/kevin-gausman,SP,35,11.151,,,2026 Active Roster,2026 Active Roster,Toronto Blue Jays Contracts,,,Free Agent,Free Agent,,22000000,9.02,23000000,23000000,,,2022,2022,2026,5,110000000,22000000,592332,TOR,Active,true,https://www.spotrac.com/mlb/toronto-blue-jays/cash/_/year/2026 | https://www.spotrac.com/mlb/toronto-blue-jays/contracts | https://www.spotrac.com/mlb/toronto-blue-jays/tax/_/year/2026,,
2026-07-08T14:16:26+00:00,2026,TOR,Toronto Blue Jays,toronto-blue-jays,Lazaro Estrada,lazaroestrada,https://www.spotrac.com/mlb/player/_/id/87158/lazaro-estrada,SP,27,0.004,,,2026 Minor,2026 Minor,,,,Pre-Arbitration,,,333680,0.14,333680,333680,,,,,,,,,681751,TOR,Reassigned to Minors,true,https://www.spotrac.com/mlb/toronto-blue-jays/cash/_/year/2026 | https://www.spotrac.com/mlb/toronto-blue-jays/tax/_/year/2026,not_found_on_contracts_page,
2026-07-08T14:16:26+00:00,2026,TOR,Toronto Blue Jays,toronto-blue-jays,Lenyn Sosa,lenynsosa,https://www.spotrac.com/mlb/player/_/id/20573/lenyn-sosa,2B,26,2.044,,,2026 Injured List,2026 Injured List,Toronto Blue Jays Contracts,,,Pre-Arbitration,Pre-Arbitration,,717599,0.29,717599,717599,,,2026,2026,2026,1,803550,803550,672820,TOR,Injured 10-Day,true,https://www.spotrac.com/mlb/toronto-blue-jays/cash/_/year/2026 | https://www.spotrac.com/mlb/toronto-blue-jays/contracts | https://www.spotrac.com/mlb/toronto-blue-jays/tax/_/year/2026,,
2026-07-08T14:16:26+00:00,2026,TOR,Toronto Blue Jays,toronto-blue-jays,Louie Varland,louievarland,https://www.spotrac.com/mlb/player/_/id/31448/louie-varland,RP,28,1.163,,,2026 Active Roster,2026 Active Roster,Toronto Blue Jays Contracts,,,Pre-Arbitration,Pre-Arbitration,,821500,0.34,821500,821500,,,2026,2026,2026,1,821500,821500,,,,false,https://www.spotrac.com/mlb/toronto-blue-jays/cash/_/year/2026 | https://www.spotrac.com/mlb/toronto-blue-jays/contracts | https://www.spotrac.com/mlb/toronto-blue-jays/tax/_/year/2026,,
2026-07-08T14:16:26+00:00,2026,TOR,Toronto Blue Jays,toronto-blue-jays,Luis Nunez,luisnunez,https://www.spotrac.com/mlb/player/_/id/105672/luis-nunez,OF,17,,,,,2026 Signing Bonus,,,,,,,,,210000,,210000,,,,,,,,,,,false,https://www.spotrac.com/mlb/toronto-blue-jays/cash/_/year/2026,not_found_on_tax_page;not_found_on_contracts_page,
2026-07-08T14:16:26+00:00,2026,TOR,Toronto Blue Jays,toronto-blue-jays,Luis Urias,luisurias,https://www.spotrac.com/mlb/player/_/id/28004/luis-urias,2B,29,6.007,,,2026 Active Roster,2026 Active Roster,Toronto Blue Jays Contracts,,,Free Agent,Free Agent,,440865,0.18,440865,440865,,,2026,2026,2026,1,850000,850000,649966,TOR,Active,true,https://www.spotrac.com/mlb/toronto-blue-jays/cash/_/year/2026 | https://www.spotrac.com/mlb/toronto-blue-jays/contracts | https://www.spotrac.com/mlb/toronto-blue-jays/tax/_/year/2026,,
2026-07-08T14:16:26+00:00,2026,TOR,Toronto Blue Jays,toronto-blue-jays,Manuel Parra,manuelparra,https://www.spotrac.com/mlb/player/_/id/105884/manuel-parra,P,19,,,,,2026 Signing Bonus,,,,,,,,,10000,,10000,,,,,,,,,,,false,https://www.spotrac.com/mlb/toronto-blue-jays/cash/_/year/2026,not_found_on_tax_page;not_found_on_contracts_page,
2026-07-08T14:16:26+00:00,2026,TOR,Toronto Blue Jays,toronto-blue-jays,Mason Fluharty,masonfluharty,https://www.spotrac.com/mlb/player/_/id/78742/mason-fluharty,RP,24,0.139,,,2026 Active Roster,2026 Active Roster,Toronto Blue Jays Contracts,,,Pre-Arbitration,Pre-Arbitration,,797000,0.33,797000,797000,,,2026,2026,2026,1,797000,797000,689254,TOR,Active,true,https://www.spotrac.com/mlb/toronto-blue-jays/cash/_/year/2026 | https://www.spotrac.com/mlb/toronto-blue-jays/contracts | https://www.spotrac.com/mlb/toronto-blue-jays/tax/_/year/2026,,
2026-07-08T14:16:26+00:00,2026,TOR,Toronto Blue Jays,toronto-blue-jays,Max Scherzer,maxscherzer,https://www.spotrac.com/mlb/player/_/id/5166/max-scherzer,SP,41,17.079,,,2026 Injured List,2026 Injured List,Toronto Blue Jays Contracts,,,Free Agent,Free Agent,,3000000,1.23,3000000,3000000,,,2026,2026,2026,1,3000000,3000000,453286,TOR,Injured 15-Day,true,https://www.spotrac.com/mlb/toronto-blue-jays/cash/_/year/2026 | https://www.spotrac.com/mlb/toronto-blue-jays/contracts | https://www.spotrac.com/mlb/toronto-blue-jays/tax/_/year/2026,,
2026-07-08T14:16:26+00:00,2026,TOR,Toronto Blue Jays,toronto-blue-jays,Michael Mesa,michaelmesa,https://www.spotrac.com/mlb/player/_/id/105671/michael-mesa,OF,17,,,,,2026 Signing Bonus,,,,,,,,,900000,,900000,,,,,,,,,,,false,https://www.spotrac.com/mlb/toronto-blue-jays/cash/_/year/2026,not_found_on_tax_page;not_found_on_contracts_page,
2026-07-08T14:16:26+00:00,2026,TOR,Toronto Blue Jays,toronto-blue-jays,Myles Straw,mylesstraw,https://www.spotrac.com/mlb/player/_/id/28042/myles-straw,CF,31,5.125,,,2026 Active Roster,2026 Active Roster,Toronto Blue Jays Contracts,,,Extension Pre-Arbitration,Extension Pre-Arbitration,,6375000,2.61,6000000,6000000,,,2022,2022,2028,5,25000000,5000000,664702,TOR,Active,true,https://www.spotrac.com/mlb/toronto-blue-jays/cash/_/year/2026 | https://www.spotrac.com/mlb/toronto-blue-jays/contracts | https://www.spotrac.com/mlb/toronto-blue-jays/tax/_/year/2026,,
2026-07-08T14:16:26+00:00,2026,TOR,Toronto Blue Jays,toronto-blue-jays,Nathan Lukes,nathanlukes,https://www.spotrac.com/mlb/player/_/id/74560/nathan-lukes,CF,31,1.145,,,2026 Active Roster,2026 Active Roster,Toronto Blue Jays Contracts,,,Pre-Arbitration,Pre-Arbitration,,808500,0.33,808500,808500,,,2026,2026,2026,1,808500,808500,664770,TOR,Active,true,https://www.spotrac.com/mlb/toronto-blue-jays/cash/_/year/2026 | https://www.spotrac.com/mlb/toronto-blue-jays/contracts | https://www.spotrac.com/mlb/toronto-blue-jays/tax/_/year/2026,,
2026-07-08T14:16:26+00:00,2026,TOR,Toronto Blue Jays,toronto-blue-jays,Patrick Corbin,patrickcorbin,https://www.spotrac.com/mlb/player/_/id/11006/patrick-corbin,SP,36,13.105,,,2026 Active Roster,2026 Active Roster,Toronto Blue Jays Contracts,,,Free Agent,Free Agent,,946524,0.39,946524,946524,,,2026,2026,2026,1,1000000,1000000,571578,TOR,Active,true,https://www.spotrac.com/mlb/toronto-blue-jays/cash/_/year/2026 | https://www.spotrac.com/mlb/toronto-blue-jays/contracts | https://www.spotrac.com/mlb/toronto-blue-jays/tax/_/year/2026,,
2026-07-08T14:16:26+00:00,2026,TOR,Toronto Blue Jays,toronto-blue-jays,Ricky Tiedemann,rickytiedemann,https://www.spotrac.com/mlb/player/_/id/73353/ricky-tiedemann,SP,,,,,2026 Minor,,,,,Pre-Arbitration,,,,,,,,,,,,,,,694357,TOR,Reassigned to Minors,true,https://www.spotrac.com/mlb/toronto-blue-jays/tax/_/year/2026,missing_all_money_fields;not_found_on_cash_page;not_found_on_contracts_page,
2026-07-08T14:16:26+00:00,2026,TOR,Toronto Blue Jays,toronto-blue-jays,Ruben Sanchez,rubensanchez,https://www.spotrac.com/mlb/player/_/id/105610/ruben-sanchez,SS,18,,,,,2026 Signing Bonus,,,,,,,,,10000,,10000,,,,,,,,,,,false,https://www.spotrac.com/mlb/toronto-blue-jays/cash/_/year/2026,not_found_on_tax_page;not_found_on_contracts_page,
2026-07-08T14:16:26+00:00,2026,TOR,Toronto Blue Jays,toronto-blue-jays,Sahir De La Cruz,sahirdelacruz,https://www.spotrac.com/mlb/player/_/id/105596/sahir-de-la-cruz,P,18,,,,,2026 Signing Bonus,,,,,,,,,10000,,10000,,,,,,,,,,,false,https://www.spotrac.com/mlb/toronto-blue-jays/cash/_/year/2026,not_found_on_tax_page;not_found_on_contracts_page,
2026-07-08T14:16:26+00:00,2026,TOR,Toronto Blue Jays,toronto-blue-jays,Samuel Orellana,samuelorellana,https://www.spotrac.com/mlb/player/_/id/105676/samuel-orellana,C,17,,,,,2026 Signing Bonus,,,,,,,,,10000,,10000,,,,,,,,,,,false,https://www.spotrac.com/mlb/toronto-blue-jays/cash/_/year/2026,not_found_on_tax_page;not_found_on_contracts_page,
2026-07-08T14:16:26+00:00,2026,TOR,Toronto Blue Jays,toronto-blue-jays,Sean Keys,seankeys,https://www.spotrac.com/mlb/player/_/id/94667/sean-keys,3B,23,,,,2026 Active Roster,2026 Active Roster,Toronto Blue Jays Contracts,,,Pre-Arbitration,Pre-Arbitration,,383732,0.16,383732,383732,,,2026,2026,2026,1,780000,780000,815873,TOR,Active,true,https://www.spotrac.com/mlb/toronto-blue-jays/cash/_/year/2026 | https://www.spotrac.com/mlb/toronto-blue-jays/contracts | https://www.spotrac.com/mlb/toronto-blue-jays/tax/_/year/2026,,
2026-07-08T14:16:26+00:00,2026,TOR,Toronto Blue Jays,toronto-blue-jays,Sebastian Casanova,sebastiancasanova,https://www.spotrac.com/mlb/player/_/id/105520/sebastian-casanova,SS,17,,,,,2026 Signing Bonus,,,,,,,,,180000,,180000,,,,,,,,,,,false,https://www.spotrac.com/mlb/toronto-blue-jays/cash/_/year/2026,not_found_on_tax_page;not_found_on_contracts_page,
2026-07-08T14:16:26+00:00,2026,TOR,Toronto Blue Jays,toronto-blue-jays,Shane Bieber,shanebieber,https://www.spotrac.com/mlb/player/_/id/20678/shane-bieber,SP,31,7.097,,,2026 Active Roster,2026 Active Roster,Toronto Blue Jays Contracts,,,Free Agent,Free Agent,,10555102,4.33,16000000,16000000,,,2025,2025,2026,2,26000000,13000000,669456,TOR,Active,true,https://www.spotrac.com/mlb/toronto-blue-jays/cash/_/year/2026 | https://www.spotrac.com/mlb/toronto-blue-jays/contracts | https://www.spotrac.com/mlb/toronto-blue-jays/tax/_/year/2026,,
2026-07-08T14:16:26+00:00,2026,TOR,Toronto Blue Jays,toronto-blue-jays,Simeon Woods-Richardson,simeonwoodsrichardson,https://www.spotrac.com/mlb/player/_/id/26071/simeon-woods-richardson,SP,25,1.153,,,2026 Minor,2026 Minor,,,,Pre-Arbitration,,,97934,,97934,97934,,,,,,,,,,,,false,https://www.spotrac.com/mlb/toronto-blue-jays/cash/_/year/2026 | https://www.spotrac.com/mlb/toronto-blue-jays/tax/_/year/2026,not_found_on_contracts_page,
2026-07-08T14:16:26+00:00,2026,TOR,Toronto Blue Jays,toronto-blue-jays,Spencer Miles,spencermiles,https://www.spotrac.com/mlb/player/_/id/78724/spencer-miles,RP,25,,,,2026 Active Roster,2026 Active Roster,Toronto Blue Jays Contracts,,,Pre-Arbitration,Pre-Arbitration,,780000,0.32,780000,780000,,,2026,2026,2026,1,780000,780000,693686,TOR,Active,true,https://www.spotrac.com/mlb/toronto-blue-jays/cash/_/year/2026 | https://www.spotrac.com/mlb/toronto-blue-jays/contracts | https://www.spotrac.com/mlb/toronto-blue-jays/tax/_/year/2026,,
2026-07-08T14:16:26+00:00,2026,TOR,Toronto Blue Jays,toronto-blue-jays,Tanner Andrews,tannerandrews,https://www.spotrac.com/mlb/player/_/id/26377/tanner-andrews,RP,30,,,,2026 Minor,2026 Minor,,,,Pre-Arbitration,,,8342,,8342,8342,,,,,,,,,,,,false,https://www.spotrac.com/mlb/toronto-blue-jays/cash/_/year/2026 | https://www.spotrac.com/mlb/toronto-blue-jays/tax/_/year/2026,not_found_on_contracts_page,
2026-07-08T14:16:26+00:00,2026,TOR,Toronto Blue Jays,toronto-blue-jays,Tommy Nance,tommynance,https://www.spotrac.com/mlb/player/_/id/72959/tommy-nance,RP,35,2.165,,,2026 Active Roster,2026 Active Roster,,,,Pre-Arbitration,,,809700,0.33,809700,809700,,,,,,,,,667297,TOR,Active,true,https://www.spotrac.com/mlb/toronto-blue-jays/cash/_/year/2026 | https://www.spotrac.com/mlb/toronto-blue-jays/tax/_/year/2026,not_found_on_contracts_page,
2026-07-08T14:16:26+00:00,2026,TOR,Toronto Blue Jays,toronto-blue-jays,Trey Yesavage,treyyesavage,https://www.spotrac.com/mlb/player/_/id/94555/trey-yesavage,SP,22,0.014,,,2026 Active Roster,2026 Active Roster,Toronto Blue Jays Contracts,,,Pre-Arbitration,Pre-Arbitration,,788800,0.32,788800,788800,,,2026,2026,2026,1,788800,788800,702056,TOR,Active,true,https://www.spotrac.com/mlb/toronto-blue-jays/cash/_/year/2026 | https://www.spotrac.com/mlb/toronto-blue-jays/contracts | https://www.spotrac.com/mlb/toronto-blue-jays/tax/_/year/2026,,
2026-07-08T14:16:26+00:00,2026,TOR,Toronto Blue Jays,toronto-blue-jays,Tyler Fitzgerald,tylerfitzgerald,https://www.spotrac.com/mlb/player/_/id/30516/tyler-fitzgerald,2B,28,1.108,,,2026 Dead Money,2026 Dead Money,,,,,,,29197,0.01,29197,29197,,,,,,,,,,,,false,https://www.spotrac.com/mlb/toronto-blue-jays/cash/_/year/2026 | https://www.spotrac.com/mlb/toronto-blue-jays/tax/_/year/2026,not_found_on_contracts_page,
2026-07-08T14:16:26+00:00,2026,TOR,Toronto Blue Jays,toronto-blue-jays,Tyler Heineman,tylerheineman,https://www.spotrac.com/mlb/player/_/id/14165/tyler-heineman,C,35,3.066,,,2026 Dead Money,2026 Dead Money,,,,,,,562464,0.23,562464,562464,,,,,,,,,623168,LAA,Active,true_other_team,https://www.spotrac.com/mlb/toronto-blue-jays/cash/_/year/2026 | https://www.spotrac.com/mlb/toronto-blue-jays/tax/_/year/2026,not_found_on_contracts_page,
2026-07-08T14:16:26+00:00,2026,TOR,Toronto Blue Jays,toronto-blue-jays,Tyler Rogers,tylerrogers,https://www.spotrac.com/mlb/player/_/id/28961/tyler-rogers,RP,35,6.034,,,2026 Active Roster,2026 Active Roster,Toronto Blue Jays Contracts,,,Free Agent,Free Agent,,12333333,5.05,12000000,7000000,5000000,,2026,2026,2029,3,37000000,12333333,643511,TOR,Active,true,https://www.spotrac.com/mlb/toronto-blue-jays/cash/_/year/2026 | https://www.spotrac.com/mlb/toronto-blue-jays/contracts | https://www.spotrac.com/mlb/toronto-blue-jays/tax/_/year/2026,,
2026-07-08T14:16:26+00:00,2026,TOR,Toronto Blue Jays,toronto-blue-jays,Vladimir Guerrero Jr.,vladimirguerrero,https://www.spotrac.com/mlb/player/_/id/21295/vladimir-guerrero-jr,1B,27,6.157,,,2026 Active Roster,2026 Active Roster,Toronto Blue Jays Contracts,,,Extension,Extension,,35714286,14.64,30000000,17000000,13000000,,2026,2026,2039,14,500000000,35714286,665489,TOR,Active,true,https://www.spotrac.com/mlb/toronto-blue-jays/cash/_/year/2026 | https://www.spotrac.com/mlb/toronto-blue-jays/contracts | https://www.spotrac.com/mlb/toronto-blue-jays/tax/_/year/2026,,
2026-07-08T14:16:26+00:00,2026,TOR,Toronto Blue Jays,toronto-blue-jays,Willie MacIver,williemaciver,https://www.spotrac.com/mlb/player/_/id/26357/willie-maciver,C,,0.094,,,2026 Minor,,,,,Pre-Arbitration,,,,,,,,,,,,,,,680862,TOR,Reassigned to Minors,true,https://www.spotrac.com/mlb/toronto-blue-jays/tax/_/year/2026,missing_all_money_fields;not_found_on_cash_page;not_found_on_contracts_page,
2026-07-08T14:16:26+00:00,2026,TOR,Toronto Blue Jays,toronto-blue-jays,Yariel Cordero,yarielcordero,https://www.spotrac.com/mlb/player/_/id/105612/yariel-cordero,SS,17,,,,,2026 Signing Bonus,,,,,,,,,10000,,10000,,,,,,,,,,,false,https://www.spotrac.com/mlb/toronto-blue-jays/cash/_/year/2026,not_found_on_tax_page;not_found_on_contracts_page,
2026-07-08T14:16:26+00:00,2026,TOR,Toronto Blue Jays,toronto-blue-jays,Yariel Rodriguez,yarielrodriguez,https://www.spotrac.com/mlb/player/_/id/87490/yariel-rodriguez,RP,29,2.000,,,2026 Minor,2026 Minor,,,,Free Agent Foreign Professional,,,6400000,,5000000,5000000,,,,,,,,,,,,false,https://www.spotrac.com/mlb/toronto-blue-jays/cash/_/year/2026 | https://www.spotrac.com/mlb/toronto-blue-jays/tax/_/year/2026,not_found_on_contracts_page,
2026-07-08T14:16:26+00:00,2026,TOR,Toronto Blue Jays,toronto-blue-jays,Yimi Garcia,yimigarcia,https://www.spotrac.com/mlb/player/_/id/16092/yimi-garcia,RP,35,10.149,,,2026 Injured List,2026 Injured List,Toronto Blue Jays Contracts,,,Free Agent,Free Agent,,7500000,,7500000,7500000,,,2025,2025,2026,2,15000000,7500000,554340,TOR,Injured 60-Day,true,https://www.spotrac.com/mlb/toronto-blue-jays/cash/_/year/2026 | https://www.spotrac.com/mlb/toronto-blue-jays/contracts | https://www.spotrac.com/mlb/toronto-blue-jays/tax/_/year/2026,,
2026-07-08T14:16:26+00:00,2026,TOR,Toronto Blue Jays,toronto-blue-jays,Yoenis Morales,yoenismorales,https://www.spotrac.com/mlb/player/_/id/105885/yoenis-morales,P,22,,,,,2026 Signing Bonus,,,,,,,,,10000,,10000,,,,,,,,,,,false,https://www.spotrac.com/mlb/toronto-blue-jays/cash/_/year/2026,not_found_on_tax_page;not_found_on_contracts_page,
2026-07-08T14:16:26+00:00,2026,TOR,Toronto Blue Jays,toronto-blue-jays,Yohendrick Pinango,yohendrickpinango,https://www.spotrac.com/mlb/player/_/id/27381/yohendrick-pinango,OF,24,,,,2026 Minor,2026 Minor,,,,Pre-Arbitration,,,275286,0.11,275286,275286,,,,,,,,,682818,TOR,Reassigned to Minors,true,https://www.spotrac.com/mlb/toronto-blue-jays/cash/_/year/2026 | https://www.spotrac.com/mlb/toronto-blue-jays/tax/_/year/2026,not_found_on_contracts_page,
2026-07-08T14:16:26+00:00,2026,WSH,Washington Nationals,washington-nationals,Abimelec Ortiz,abimelecortiz,https://www.spotrac.com/mlb/player/_/id/85681/abimelec-ortiz,1B,,,,,2026 Minor,,,,,Pre-Arbitration,,,,,,,,,,,,,,,694673,WSH,Reassigned to Minors,true,https://www.spotrac.com/mlb/washington-nationals/tax/_/year/2026,missing_all_money_fields;not_found_on_cash_page;not_found_on_contracts_page,
2026-07-08T14:16:26+00:00,2026,WSH,Washington Nationals,washington-nationals,Aldemaro Sevilla,aldemarosevilla,https://www.spotrac.com/mlb/player/_/id/105567/aldemaro-sevilla,P,17,,,,,2026 Signing Bonus,,,,,,,,,200000,,200000,,,,,,,,,,,false,https://www.spotrac.com/mlb/washington-nationals/cash/_/year/2026,not_found_on_tax_page;not_found_on_contracts_page,
2026-07-08T14:16:26+00:00,2026,WSH,Washington Nationals,washington-nationals,Andre Granillo,andregranillo,https://www.spotrac.com/mlb/player/_/id/73736/andre-granillo,RP,26,0.076,,,2026 Minor,2026 Minor,,,,Pre-Arbitration,,,96117,,96117,96117,,,,,,,,,,,,false,https://www.spotrac.com/mlb/washington-nationals/cash/_/year/2026 | https://www.spotrac.com/mlb/washington-nationals/tax/_/year/2026,not_found_on_contracts_page,
2026-07-08T14:16:26+00:00,2026,WSH,Washington Nationals,washington-nationals,Andres Chaparro,andreschaparro,https://www.spotrac.com/mlb/player/_/id/86169/andres-chaparro,3B,27,1.002,,,2026 Active Roster,2026 Active Roster,Washington Nationals Contracts,,,Pre-Arbitration,Pre-Arbitration,,602663,0.25,602663,602663,,,2026,2026,2026,1,822600,822600,665953,WSH,Active,true,https://www.spotrac.com/mlb/washington-nationals/cash/_/year/2026 | https://www.spotrac.com/mlb/washington-nationals/contracts | https://www.spotrac.com/mlb/washington-nationals/tax/_/year/2026,,
2026-07-08T14:16:26+00:00,2026,WSH,Washington Nationals,washington-nationals,Andrew Alvarez,andrewalvarez,https://www.spotrac.com/mlb/player/_/id/73695/andrew-alvarez,SP,27,0.028,,,2026 Active Roster,2026 Active Roster,Washington Nationals Contracts,,,Pre-Arbitration,Pre-Arbitration,,567256,0.23,567256,567256,,,2026,2026,2026,1,780000,780000,674841,WSH,Active,true,https://www.spotrac.com/mlb/washington-nationals/cash/_/year/2026 | https://www.spotrac.com/mlb/washington-nationals/contracts | https://www.spotrac.com/mlb/washington-nationals/tax/_/year/2026,,
2026-07-08T14:16:26+00:00,2026,WSH,Washington Nationals,washington-nationals,Angel Ramirez,angelramirez,https://www.spotrac.com/mlb/player/_/id/105525/angel-ramirez,OF,17,,,,,2026 Signing Bonus,,,,,,,,,1000000,,1000000,,,,,,,,,,,false,https://www.spotrac.com/mlb/washington-nationals/cash/_/year/2026,not_found_on_tax_page;not_found_on_contracts_page,
2026-07-08T14:16:26+00:00,2026,WSH,Washington Nationals,washington-nationals,Brad Lord,bradlord,https://www.spotrac.com/mlb/player/_/id/79083/brad-lord,RP,26,1.000,,,2026 Active Roster,2026 Active Roster,Washington Nationals Contracts,,,Pre-Arbitration,Pre-Arbitration,,785200,0.32,785200,785200,,,2026,2026,2026,1,785200,785200,695418,WSH,Active,true,https://www.spotrac.com/mlb/washington-nationals/cash/_/year/2026 | https://www.spotrac.com/mlb/washington-nationals/contracts | https://www.spotrac.com/mlb/washington-nationals/tax/_/year/2026,,
2026-07-08T14:16:26+00:00,2026,WSH,Washington Nationals,washington-nationals,Brad Rodriguez,bradrodriguez,https://www.spotrac.com/mlb/player/_/id/105563/brad-rodriguez,OF,17,,,,,2026 Signing Bonus,,,,,,,,,60000,,60000,,,,,,,,,,,false,https://www.spotrac.com/mlb/washington-nationals/cash/_/year/2026,not_found_on_tax_page;not_found_on_contracts_page,
2026-07-08T14:16:26+00:00,2026,WSH,Washington Nationals,washington-nationals,Brady House,bradyhouse,https://www.spotrac.com/mlb/player/_/id/73273/brady-house,3B,23,0.105,,,2026 Minor,2026 Minor,,,,Pre-Arbitration,,,234528,0.10,234528,234528,,,,,,,,,691781,WSH,Reassigned to Minors,true,https://www.spotrac.com/mlb/washington-nationals/cash/_/year/2026 | https://www.spotrac.com/mlb/washington-nationals/tax/_/year/2026,not_found_on_contracts_page,
2026-07-08T14:16:26+00:00,2026,WSH,Washington Nationals,washington-nationals,CJ Abrams,cjabrams,https://www.spotrac.com/mlb/player/_/id/30404/cj-abrams,SS,25,3.130,,,2026 Active Roster,2026 Active Roster,Washington Nationals Contracts,,,Arbitration 1,Arbitration,,4200000,1.72,4200000,4200000,,,2026,2026,2026,1,4200000,4200000,682928,WSH,Active,true,https://www.spotrac.com/mlb/washington-nationals/cash/_/year/2026 | https://www.spotrac.com/mlb/washington-nationals/contracts | https://www.spotrac.com/mlb/washington-nationals/tax/_/year/2026,,
2026-07-08T14:16:26+00:00,2026,WSH,Washington Nationals,washington-nationals,Cade Cavalli,cadecavalli,https://www.spotrac.com/mlb/player/_/id/48377/cade-cavalli,SP,27,2.141,,,2026 Active Roster,2026 Active Roster,Washington Nationals Contracts,,,Arbitration 1 Super Two,Arbitration,,870000,0.36,862500,862500,,,2026,2026,2027,1,870000,870000,676917,WSH,Suspended # days,true,https://www.spotrac.com/mlb/washington-nationals/cash/_/year/2026 | https://www.spotrac.com/mlb/washington-nationals/contracts | https://www.spotrac.com/mlb/washington-nationals/tax/_/year/2026,,
2026-07-08T14:16:26+00:00,2026,WSH,Washington Nationals,washington-nationals,Carson Palmquist,carsonpalmquist,https://www.spotrac.com/mlb/player/_/id/78644/carson-palmquist,RP,25,0.039,,,2026 Active Roster,2026 Active Roster,Washington Nationals Contracts,,,Pre-Arbitration,Pre-Arbitration,,375390,0.15,375390,375390,,,2026,2026,2026,1,780000,780000,687223,WSH,Active,true,https://www.spotrac.com/mlb/washington-nationals/cash/_/year/2026 | https://www.spotrac.com/mlb/washington-nationals/contracts | https://www.spotrac.com/mlb/washington-nationals/tax/_/year/2026,,
2026-07-08T14:16:26+00:00,2026,WSH,Washington Nationals,washington-nationals,Christian Franklin,christianfranklin,https://www.spotrac.com/mlb/player/_/id/73386/christian-franklin,OF,,,,,2026 Minor,,,,,Pre-Arbitration,,,,,,,,,,,,,,,681047,WSH,Reassigned to Minors,true,https://www.spotrac.com/mlb/washington-nationals/tax/_/year/2026,missing_all_money_fields;not_found_on_cash_page;not_found_on_contracts_page,
2026-07-08T14:16:26+00:00,2026,WSH,Washington Nationals,washington-nationals,Christopher Navas,christophernavas,https://www.spotrac.com/mlb/player/_/id/105565/christopher-navas,P,17,,,,,2026 Signing Bonus,,,,,,,,,75000,,75000,,,,,,,,,,,false,https://www.spotrac.com/mlb/washington-nationals/cash/_/year/2026,not_found_on_tax_page;not_found_on_contracts_page,
2026-07-08T14:16:26+00:00,2026,WSH,Washington Nationals,washington-nationals,Cionel Perez,cionelperez,https://www.spotrac.com/mlb/player/_/id/21057/cionel-perez,RP,30,4.151,,,2026 Dead Money,2026 Dead Money,,,,,,,396240,0.16,396240,396240,,,,,,,,,672335,NYM,Active,true_other_team,https://www.spotrac.com/mlb/washington-nationals/cash/_/year/2026 | https://www.spotrac.com/mlb/washington-nationals/tax/_/year/2026,not_found_on_contracts_page,
2026-07-08T14:16:26+00:00,2026,WSH,Washington Nationals,washington-nationals,Clayton Beeter,claytonbeeter,https://www.spotrac.com/mlb/player/_/id/48422/clayton-beeter,RP,27,0.129,,,2026 Active Roster,2026 Active Roster,Washington Nationals Contracts,,,Pre-Arbitration,Pre-Arbitration,,785225,0.32,785225,785225,,,2026,2026,2026,1,785225,785225,690925,WSH,Active,true,https://www.spotrac.com/mlb/washington-nationals/cash/_/year/2026 | https://www.spotrac.com/mlb/washington-nationals/contracts | https://www.spotrac.com/mlb/washington-nationals/tax/_/year/2026,,
2026-07-08T14:16:26+00:00,2026,WSH,Washington Nationals,washington-nationals,Cole Henry,colehenry,https://www.spotrac.com/mlb/player/_/id/48411/cole-henry,RP,26,0.169,,,2026 Minor,2026 Minor,,,,Pre-Arbitration,,,318516,0.13,318516,318516,,,,,,,,,669371,WSH,Reassigned to Minors,true,https://www.spotrac.com/mlb/washington-nationals/cash/_/year/2026 | https://www.spotrac.com/mlb/washington-nationals/tax/_/year/2026,not_found_on_contracts_page,
2026-07-08T14:16:26+00:00,2026,WSH,Washington Nationals,washington-nationals,Curtis Mead,curtismead,https://www.spotrac.com/mlb/player/_/id/74559/curtis-mead,3B,25,1.094,,,2026 Active Roster,2026 Active Roster,Washington Nationals Contracts,,,Pre-Arbitration,Pre-Arbitration,,763316,0.31,763315,763316,,,2026,2026,2026,1,780000,780000,678554,WSH,Active,true,https://www.spotrac.com/mlb/washington-nationals/cash/_/year/2026 | https://www.spotrac.com/mlb/washington-nationals/contracts | https://www.spotrac.com/mlb/washington-nationals/tax/_/year/2026,,
2026-07-08T14:16:26+00:00,2026,WSH,Washington Nationals,washington-nationals,DJ Herz,djherz,https://www.spotrac.com/mlb/player/_/id/31199/dj-herz,SP,25,1.104,,,2026 Injured List,2026 Injured List,Washington Nationals Contracts,,,Pre-Arbitration,Pre-Arbitration,,784200,,784200,784200,,,2026,2026,2026,1,784200,784200,687792,WSH,Injured 60-Day,true,https://www.spotrac.com/mlb/washington-nationals/cash/_/year/2026 | https://www.spotrac.com/mlb/washington-nationals/contracts | https://www.spotrac.com/mlb/washington-nationals/tax/_/year/2026,,
2026-07-08T14:16:26+00:00,2026,WSH,Washington Nationals,washington-nationals,Daylen Lile,daylenlile,https://www.spotrac.com/mlb/player/_/id/73309/daylen-lile,RF,23,0.120,,,2026 Active Roster,2026 Active Roster,Washington Nationals Contracts,,,Pre-Arbitration,Pre-Arbitration,,786000,0.32,786000,786000,,,2026,2026,2026,1,786000,786000,695734,WSH,Active,true,https://www.spotrac.com/mlb/washington-nationals/cash/_/year/2026 | https://www.spotrac.com/mlb/washington-nationals/contracts | https://www.spotrac.com/mlb/washington-nationals/tax/_/year/2026,,
2026-07-08T14:16:26+00:00,2026,WSH,Washington Nationals,washington-nationals,Drew Millas,drewmillas,https://www.spotrac.com/mlb/player/_/id/31164/drew-millas,C,28,1.038,,,2026 Active Roster,2026 Active Roster,Washington Nationals Contracts,,,Pre-Arbitration,Pre-Arbitration,,782700,0.32,782700,782700,,,2026,2026,2026,1,782700,782700,686452,WSH,Active,true,https://www.spotrac.com/mlb/washington-nationals/cash/_/year/2026 | https://www.spotrac.com/mlb/washington-nationals/contracts | https://www.spotrac.com/mlb/washington-nationals/tax/_/year/2026,,
2026-07-08T14:16:26+00:00,2026,WSH,Washington Nationals,washington-nationals,Dylan Crews,dylancrews,https://www.spotrac.com/mlb/player/_/id/83148/dylan-crews,RF,24,1.035,,,2026 Active Roster,2026 Active Roster,Washington Nationals Contracts,,,Pre-Arbitration,Pre-Arbitration,,574435,0.24,574435,574435,,,2026,2026,2026,1,820000,820000,686611,WSH,Active,true,https://www.spotrac.com/mlb/washington-nationals/cash/_/year/2026 | https://www.spotrac.com/mlb/washington-nationals/contracts | https://www.spotrac.com/mlb/washington-nationals/tax/_/year/2026,,
2026-07-08T14:16:26+00:00,2026,WSH,Washington Nationals,washington-nationals,Eddy Yean,eddyyean,https://www.spotrac.com/mlb/player/_/id/23999/eddy-yean,RP,25,,,,2026 Minor,2026 Minor,,,,Pre-Arbitration,,,4171,0.00,4171,4171,,,,,,,,,678868,WSH,Reassigned to Minors,true,https://www.spotrac.com/mlb/washington-nationals/cash/_/year/2026 | https://www.spotrac.com/mlb/washington-nationals/tax/_/year/2026,not_found_on_contracts_page,
2026-07-08T14:16:26+00:00,2026,WSH,Washington Nationals,washington-nationals,Euris Acosta,eurisacosta,https://www.spotrac.com/mlb/player/_/id/105941/euris-acosta,SS,17,,,,,2026 Signing Bonus,,,,,,,,,225000,,225000,,,,,,,,,,,false,https://www.spotrac.com/mlb/washington-nationals/cash/_/year/2026,not_found_on_tax_page;not_found_on_contracts_page,
2026-07-08T14:16:26+00:00,2026,WSH,Washington Nationals,washington-nationals,Foster Griffin,fostergriffin,https://www.spotrac.com/mlb/player/_/id/17704/foster-griffin,SP,30,1.034,,,2026 Active Roster,2026 Active Roster,Washington Nationals Contracts,,,Free Agent,Free Agent,,5500000,2.25,5500000,5500000,,,2026,2026,2026,1,5500000,5500000,656492,WSH,Active,true,https://www.spotrac.com/mlb/washington-nationals/cash/_/year/2026 | https://www.spotrac.com/mlb/washington-nationals/contracts | https://www.spotrac.com/mlb/washington-nationals/tax/_/year/2026,,
2026-07-08T14:16:26+00:00,2026,WSH,Washington Nationals,washington-nationals,Gus Varland,gusvarland,https://www.spotrac.com/mlb/player/_/id/26574/gus-varland,RP,29,0.169,,,2026 Minor,2026 Minor,,,,Pre-Arbitration,,,394800,0.16,394800,394800,,,,,,,,,681402,WSH,Reassigned to Minors,true,https://www.spotrac.com/mlb/washington-nationals/cash/_/year/2026 | https://www.spotrac.com/mlb/washington-nationals/tax/_/year/2026,not_found_on_contracts_page,
2026-07-08T14:16:26+00:00,2026,WSH,Washington Nationals,washington-nationals,Harry Ford,harryford,https://www.spotrac.com/mlb/player/_/id/73274/harry-ford,C,,0.028,,,2026 Minor,,,,,Pre-Arbitration,,,,,,,,,,,,,,,695670,WSH,Reassigned to Minors,true,https://www.spotrac.com/mlb/washington-nationals/tax/_/year/2026,missing_all_money_fields;not_found_on_cash_page;not_found_on_contracts_page,
2026-07-08T14:16:26+00:00,2026,WSH,Washington Nationals,washington-nationals,Isaias Suarez,isaiassuarez,https://www.spotrac.com/mlb/player/_/id/105523/isaias-suarez,OF,17,,,,,2026 Signing Bonus,,,,,,,,,1900000,,1900000,,,,,,,,,,,false,https://www.spotrac.com/mlb/washington-nationals/cash/_/year/2026,not_found_on_tax_page;not_found_on_contracts_page,
2026-07-08T14:16:26+00:00,2026,WSH,Washington Nationals,washington-nationals,Jackson Rutledge,jacksonrutledge,https://www.spotrac.com/mlb/player/_/id/30415/jackson-rutledge,RP,27,1.025,,,2026 Dead Money,2026 Dead Money,,,,,,,4171,0.00,4171,4171,,,,,,,,,,,,false,https://www.spotrac.com/mlb/washington-nationals/cash/_/year/2026 | https://www.spotrac.com/mlb/washington-nationals/tax/_/year/2026,not_found_on_contracts_page,
2026-07-08T14:16:26+00:00,2026,WSH,Washington Nationals,washington-nationals,Jacob Young,jacobyoung,https://www.spotrac.com/mlb/player/_/id/73468/jacob-young,CF,26,2.037,,,2026 Active Roster,2026 Active Roster,Washington Nationals Contracts,,,Pre-Arbitration,Pre-Arbitration,,794200,0.33,794200,794200,,,2026,2026,2026,1,794200,794200,696285,WSH,Active,true,https://www.spotrac.com/mlb/washington-nationals/cash/_/year/2026 | https://www.spotrac.com/mlb/washington-nationals/contracts | https://www.spotrac.com/mlb/washington-nationals/tax/_/year/2026,,
2026-07-08T14:16:26+00:00,2026,WSH,Washington Nationals,washington-nationals,Jake Irvin,jakeirvin,https://www.spotrac.com/mlb/player/_/id/26160/jake-irvin,SP,29,2.152,,,2026 Injured List,2026 Injured List,Washington Nationals Contracts,,,Arbitration 1 Super Two,Arbitration,,2800000,1.15,2800000,2800000,,,2026,2026,2026,1,2800000,2800000,663623,WSH,Injured 15-Day,true,https://www.spotrac.com/mlb/washington-nationals/cash/_/year/2026 | https://www.spotrac.com/mlb/washington-nationals/contracts | https://www.spotrac.com/mlb/washington-nationals/tax/_/year/2026,,
2026-07-08T14:16:26+00:00,2026,WSH,Washington Nationals,washington-nationals,James Wood,jameswood,https://www.spotrac.com/mlb/player/_/id/73324/james-wood,LF,23,1.091,,,2026 Active Roster,2026 Active Roster,Washington Nationals Contracts,,,Pre-Arbitration,Pre-Arbitration,,806900,0.33,806900,806900,,,2026,2026,2026,1,806900,806900,695578,WSH,Active,true,https://www.spotrac.com/mlb/washington-nationals/cash/_/year/2026 | https://www.spotrac.com/mlb/washington-nationals/contracts | https://www.spotrac.com/mlb/washington-nationals/tax/_/year/2026,,
2026-07-08T14:16:26+00:00,2026,WSH,Washington Nationals,washington-nationals,Jawel Garcia,jawelgarcia,https://www.spotrac.com/mlb/player/_/id/105558/jawel-garcia,OF,17,,,,,2026 Signing Bonus,,,,,,,,,135000,,135000,,,,,,,,,,,false,https://www.spotrac.com/mlb/washington-nationals/cash/_/year/2026,not_found_on_tax_page;not_found_on_contracts_page,
2026-07-08T14:16:26+00:00,2026,WSH,Washington Nationals,washington-nationals,Joey Wiemer,joeywiemer,https://www.spotrac.com/mlb/player/_/id/48477/joey-wiemer,CF,27,1.089,,,2026 Minor,2026 Minor,,,,Pre-Arbitration,,,235144,0.10,235144,235144,,,,,,,,,686894,WSH,Reassigned to Minors,true,https://www.spotrac.com/mlb/washington-nationals/cash/_/year/2026 | https://www.spotrac.com/mlb/washington-nationals/tax/_/year/2026,not_found_on_contracts_page,
2026-07-08T14:16:26+00:00,2026,WSH,Washington Nationals,washington-nationals,Jorbit Vivas,jorbitvivas,https://www.spotrac.com/mlb/player/_/id/23931/jorbit-vivas,SS,25,0.056,,,2026 Active Roster,2026 Active Roster,Washington Nationals Contracts,,,Pre-Arbitration,Pre-Arbitration,,790600,0.32,790600,790600,,,2026,2026,2026,1,790600,790600,678391,WSH,Active,true,https://www.spotrac.com/mlb/washington-nationals/cash/_/year/2026 | https://www.spotrac.com/mlb/washington-nationals/contracts | https://www.spotrac.com/mlb/washington-nationals/tax/_/year/2026,,
2026-07-08T14:16:26+00:00,2026,WSH,Washington Nationals,washington-nationals,Josiah Gray,josiahgray,https://www.spotrac.com/mlb/player/_/id/26096/josiah-gray,SP,28,4.075,,,2026 Injured List,2026 Injured List,Washington Nationals Contracts,,,Arbitration 2,Arbitration,,1350000,,1350000,1350000,,,2026,2026,2026,1,1350000,1350000,680686,WSH,Injured 60-Day,true,https://www.spotrac.com/mlb/washington-nationals/cash/_/year/2026 | https://www.spotrac.com/mlb/washington-nationals/contracts | https://www.spotrac.com/mlb/washington-nationals/tax/_/year/2026,,
2026-07-08T14:16:26+00:00,2026,WSH,Washington Nationals,washington-nationals,Josue Rondon,josuerondon,https://www.spotrac.com/mlb/player/_/id/105566/josue-rondon,P,17,,,,,2026 Signing Bonus,,,,,,,,,20000,,20000,,,,,,,,,,,false,https://www.spotrac.com/mlb/washington-nationals/cash/_/year/2026,not_found_on_tax_page;not_found_on_contracts_page,
2026-07-08T14:16:26+00:00,2026,WSH,Washington Nationals,washington-nationals,José Tena,josetena,https://www.spotrac.com/mlb/player/_/id/23897/jos%C3%A9-tena,SS,25,1.031,,,2026 Active Roster,2026 Active Roster,Washington Nationals Contracts,,,Pre-Arbitration,Pre-Arbitration,,784400,0.32,784400,784400,,,2026,2026,2026,1,784400,784400,677588,WSH,Active,true,https://www.spotrac.com/mlb/washington-nationals/cash/_/year/2026 | https://www.spotrac.com/mlb/washington-nationals/contracts | https://www.spotrac.com/mlb/washington-nationals/tax/_/year/2026,,
2026-07-08T14:16:26+00:00,2026,WSH,Washington Nationals,washington-nationals,Juan Duran,juanduran,https://www.spotrac.com/mlb/player/_/id/105524/juan-duran,OF,16,,,,,2026 Signing Bonus,,,,,,,,,1000000,,1000000,,,,,,,,,,,false,https://www.spotrac.com/mlb/washington-nationals/cash/_/year/2026,not_found_on_tax_page;not_found_on_contracts_page,
2026-07-08T14:16:26+00:00,2026,WSH,Washington Nationals,washington-nationals,Julian Fernández,julianfernandez,https://www.spotrac.com/mlb/player/_/id/24987/julian-fern%C3%A1ndez,RP,30,2.042,,,2026 Dead Money,2026 Dead Money,,,,,,,17540,0.01,17540,17540,,,,,,,,,,,,false,https://www.spotrac.com/mlb/washington-nationals/cash/_/year/2026 | https://www.spotrac.com/mlb/washington-nationals/tax/_/year/2026,not_found_on_contracts_page,
2026-07-08T14:16:26+00:00,2026,WSH,Washington Nationals,washington-nationals,Justin Lawrence,justinlawrence,https://www.spotrac.com/mlb/player/_/id/28210/justin-lawrence,RP,31,3.167,,,2026 Active Roster,2026 Active Roster,Washington Nationals Contracts,,,Arbitration 2 Super Two,Arbitration,,622345,0.26,622345,622345,,,2026,2026,2026,1,1225000,1225000,664875,WSH,Active,true,https://www.spotrac.com/mlb/washington-nationals/cash/_/year/2026 | https://www.spotrac.com/mlb/washington-nationals/contracts | https://www.spotrac.com/mlb/washington-nationals/tax/_/year/2026,,
2026-07-08T14:16:26+00:00,2026,WSH,Washington Nationals,washington-nationals,Keibert Ruiz,keibertruiz,https://www.spotrac.com/mlb/player/_/id/28153/keibert-ruiz,C,27,4.064,,,2026 Active Roster,2026 Active Roster,Washington Nationals Contracts,,,Extension Pre-Arbitration,Extension Pre-Arbitration,,6250000,2.56,5000000,5000000,,,2023,2023,2032,8,50000000,6250000,660688,WSH,Active,true,https://www.spotrac.com/mlb/washington-nationals/cash/_/year/2026 | https://www.spotrac.com/mlb/washington-nationals/contracts | https://www.spotrac.com/mlb/washington-nationals/tax/_/year/2026,,
2026-07-08T14:16:26+00:00,2026,WSH,Washington Nationals,washington-nationals,Ken Waldichuk,kenwaldichuk,https://www.spotrac.com/mlb/player/_/id/30567/ken-waldichuk,RP,28,2.150,,,2026 Injured List,2026 Injured List,Washington Nationals Contracts,,,Arbitration 1 Super Two,Arbitration,,825000,,825000,825000,,,2026,2026,2026,1,825000,825000,686610,WSH,Injured 60-Day,true,https://www.spotrac.com/mlb/washington-nationals/cash/_/year/2026 | https://www.spotrac.com/mlb/washington-nationals/contracts | https://www.spotrac.com/mlb/washington-nationals/tax/_/year/2026,,
2026-07-08T14:16:26+00:00,2026,WSH,Washington Nationals,washington-nationals,Luis Garcia,luisgarcia,https://www.spotrac.com/mlb/player/_/id/20621/luis-garcia,1B,26,4.142,,,2026 Active Roster,2026 Active Roster,Washington Nationals Contracts,,,Arbitration 3,Arbitration,,6875000,2.82,6875000,6875000,,,2026,2026,2026,1,6875000,6875000,671277,WSH,Active,true,https://www.spotrac.com/mlb/washington-nationals/cash/_/year/2026 | https://www.spotrac.com/mlb/washington-nationals/contracts | https://www.spotrac.com/mlb/washington-nationals/tax/_/year/2026,,
2026-07-08T14:16:26+00:00,2026,WSH,Washington Nationals,washington-nationals,Luis Perales,luisperales,https://www.spotrac.com/mlb/player/_/id/86134/luis-perales,SP,,,,,2026 Minor,,,,,Pre-Arbitration,,,,,,,,,,,,,,,691384,WSH,Reassigned to Minors,true,https://www.spotrac.com/mlb/washington-nationals/tax/_/year/2026,missing_all_money_fields;not_found_on_cash_page;not_found_on_contracts_page,
2026-07-08T14:16:26+00:00,2026,WSH,Washington Nationals,washington-nationals,Matt Krook,mattkrook,https://www.spotrac.com/mlb/player/_/id/20171/matt-krook,RP,31,0.055,,,2026 Active Roster,2026 Active Roster,Washington Nationals Contracts,,,Free Agent,Free Agent,,354535,0.15,354535,354535,,,2026,2026,2026,1,780000,780000,640454,WSH,Active,true,https://www.spotrac.com/mlb/washington-nationals/cash/_/year/2026 | https://www.spotrac.com/mlb/washington-nationals/contracts | https://www.spotrac.com/mlb/washington-nationals/tax/_/year/2026,,
2026-07-08T14:16:26+00:00,2026,WSH,Washington Nationals,washington-nationals,Max Kranick,maxkranick,https://www.spotrac.com/mlb/player/_/id/20531/max-kranick,RP,28,3.011,,,2026 Injured List,2026 Injured List,Washington Nationals Contracts,,,Free Agent,Free Agent,,1000000,,1000000,1000000,,,2026,2026,2026,1,1000000,1000000,668820,WSH,Injured 60-Day,true,https://www.spotrac.com/mlb/washington-nationals/cash/_/year/2026 | https://www.spotrac.com/mlb/washington-nationals/contracts | https://www.spotrac.com/mlb/washington-nationals/tax/_/year/2026,,
2026-07-08T14:16:26+00:00,2026,WSH,Washington Nationals,washington-nationals,Max Scherzer,maxscherzer,https://www.spotrac.com/mlb/player/_/id/5166/max-scherzer,SP,41,,,,,2026 Deferred,,,,,,,,,15000000,15000000,,,,,,,,,453286,TOR,Injured 15-Day,true_other_team,https://www.spotrac.com/mlb/washington-nationals/cash/_/year/2026,not_found_on_tax_page;not_found_on_contracts_page,
2026-07-08T14:16:26+00:00,2026,WSH,Washington Nationals,washington-nationals,Miles Mikolas,milesmikolas,https://www.spotrac.com/mlb/player/_/id/11497/miles-mikolas,SP,37,9.037,,,2026 Active Roster,2026 Active Roster,Washington Nationals Contracts,,,Free Agent,Free Agent,,2250000,0.92,2250000,2250000,,,2026,2026,2026,1,2250000,2250000,571945,WSH,Active,true,https://www.spotrac.com/mlb/washington-nationals/cash/_/year/2026 | https://www.spotrac.com/mlb/washington-nationals/contracts | https://www.spotrac.com/mlb/washington-nationals/tax/_/year/2026,,
2026-07-08T14:16:26+00:00,2026,WSH,Washington Nationals,washington-nationals,Mitchell Parker,mitchellparker,https://www.spotrac.com/mlb/player/_/id/48509/mitchell-parker,RP,26,2.000,,,2026 Injured List,2026 Injured List,Washington Nationals Contracts,,,Pre-Arbitration,Pre-Arbitration,,727910,,727910,727910,,,2026,2026,2026,1,820000,820000,680730,WSH,Injured 60-Day,true,https://www.spotrac.com/mlb/washington-nationals/cash/_/year/2026 | https://www.spotrac.com/mlb/washington-nationals/contracts | https://www.spotrac.com/mlb/washington-nationals/tax/_/year/2026,,
2026-07-08T14:16:26+00:00,2026,WSH,Washington Nationals,washington-nationals,Nasim Nunez,nasimnunez,https://www.spotrac.com/mlb/player/_/id/30444/nasim-nunez,2B,25,1.086,,,2026 Active Roster,2026 Active Roster,Washington Nationals Contracts,,,Pre-Arbitration,Pre-Arbitration,,783100,0.32,783100,783100,,,2026,2026,2026,1,783100,783100,683083,WSH,Active,true,https://www.spotrac.com/mlb/washington-nationals/cash/_/year/2026 | https://www.spotrac.com/mlb/washington-nationals/contracts | https://www.spotrac.com/mlb/washington-nationals/tax/_/year/2026,,
2026-07-08T14:16:26+00:00,2026,WSH,Washington Nationals,washington-nationals,Orlando Ribalta,orlandoribalta,https://www.spotrac.com/mlb/player/_/id/31347/orlando-ribalta,RP,28,1.013,,,2026 Active Roster,2026 Active Roster,Washington Nationals Contracts,,,Pre-Arbitration,Pre-Arbitration,,662135,0.27,662135,662135,,,2026,2026,2026,1,820000,820000,687377,WSH,Active,true,https://www.spotrac.com/mlb/washington-nationals/cash/_/year/2026 | https://www.spotrac.com/mlb/washington-nationals/contracts | https://www.spotrac.com/mlb/washington-nationals/tax/_/year/2026,,
2026-07-08T14:16:26+00:00,2026,WSH,Washington Nationals,washington-nationals,P.J. Poulin,pjpoulin,https://www.spotrac.com/mlb/player/_/id/26536/pj-poulin,RP,29,0.055,,,2026 Active Roster,2026 Active Roster,Washington Nationals Contracts,,,Pre-Arbitration,Pre-Arbitration,,702408,0.29,702408,702408,,,2026,2026,2026,1,781900,781900,676571,WSH,Active,true,https://www.spotrac.com/mlb/washington-nationals/cash/_/year/2026 | https://www.spotrac.com/mlb/washington-nationals/contracts | https://www.spotrac.com/mlb/washington-nationals/tax/_/year/2026,,
2026-07-08T14:16:26+00:00,2026,WSH,Washington Nationals,washington-nationals,Paxton Schultz,paxtonschultz,https://www.spotrac.com/mlb/player/_/id/31415/paxton-schultz,RP,28,0.078,,,2026 Minor,2026 Minor,,,,Pre-Arbitration,,,355300,0.15,355300,355300,,,,,,,,,687606,WSH,Reassigned to Minors,true,https://www.spotrac.com/mlb/washington-nationals/cash/_/year/2026 | https://www.spotrac.com/mlb/washington-nationals/tax/_/year/2026,not_found_on_contracts_page,
2026-07-08T14:16:26+00:00,2026,WSH,Washington Nationals,washington-nationals,Pedro Guerra,pedroguerra,https://www.spotrac.com/mlb/player/_/id/105568/pedro-guerra,C,16,,,,,2026 Signing Bonus,,,,,,,,,70000,,70000,,,,,,,,,,,false,https://www.spotrac.com/mlb/washington-nationals/cash/_/year/2026,not_found_on_tax_page;not_found_on_contracts_page,
2026-07-08T14:16:26+00:00,2026,WSH,Washington Nationals,washington-nationals,Richard Lovelady,richardlovelady,https://www.spotrac.com/mlb/player/_/id/20073/richard-lovelady,RP,30,3.052,,,2026 Injured List,2026 Injured List,Washington Nationals Contracts,,,Free Agent,Free Agent,,876996,0.36,876996,876996,,,2026,2026,2026,1,1000000,1000000,663992,WSH,Injured 15-Day,true,https://www.spotrac.com/mlb/washington-nationals/cash/_/year/2026 | https://www.spotrac.com/mlb/washington-nationals/contracts | https://www.spotrac.com/mlb/washington-nationals/tax/_/year/2026,,
2026-07-08T14:16:26+00:00,2026,WSH,Washington Nationals,washington-nationals,Riley Adams,rileyadams,https://www.spotrac.com/mlb/player/_/id/23310/riley-adams,C,30,3.171,,,2026 Minor,2026 Minor,,,,Arbitration 2 Super Two,,,500000,,500000,500000,,,,,,,,,,,,false,https://www.spotrac.com/mlb/washington-nationals/cash/_/year/2026 | https://www.spotrac.com/mlb/washington-nationals/tax/_/year/2026,not_found_on_contracts_page,
2026-07-08T14:16:26+00:00,2026,WSH,Washington Nationals,washington-nationals,Riley Cornelio,rileycornelio,https://www.spotrac.com/mlb/player/_/id/78784/riley-cornelio,RP,26,,,,2026 Active Roster,2026 Active Roster,Washington Nationals Contracts,,,Pre-Arbitration,Pre-Arbitration,,404587,0.17,404587,404587,,,2026,2026,2026,1,780000,780000,683000,WSH,Active,true,https://www.spotrac.com/mlb/washington-nationals/cash/_/year/2026 | https://www.spotrac.com/mlb/washington-nationals/contracts | https://www.spotrac.com/mlb/washington-nationals/tax/_/year/2026,,
2026-07-08T14:16:26+00:00,2026,WSH,Washington Nationals,washington-nationals,Samil Serrano,samilserrano,https://www.spotrac.com/mlb/player/_/id/105522/samil-serrano,OF,17,,,,,2026 Signing Bonus,,,,,,,,,1960000,,1960000,,,,,,,,,,,false,https://www.spotrac.com/mlb/washington-nationals/cash/_/year/2026,not_found_on_tax_page;not_found_on_contracts_page,
2026-07-08T14:16:26+00:00,2026,WSH,Washington Nationals,washington-nationals,Santiago Moreno,santiagomoreno,https://www.spotrac.com/mlb/player/_/id/105564/santiago-moreno,P,17,,,,,2026 Signing Bonus,,,,,,,,,30000,,30000,,,,,,,,,,,false,https://www.spotrac.com/mlb/washington-nationals/cash/_/year/2026,not_found_on_tax_page;not_found_on_contracts_page,
2026-07-08T14:16:26+00:00,2026,WSH,Washington Nationals,washington-nationals,Shinnosuke Ogasawara,shinnosukeogasawara,https://www.spotrac.com/mlb/player/_/id/95948/shinnosuke-ogasawara,RP,28,0.066,,,2026 Minor,2026 Minor,,,,Free Agent Foreign Professional,,,1750000,,2000000,2000000,,,,,,,,,,,,false,https://www.spotrac.com/mlb/washington-nationals/cash/_/year/2026 | https://www.spotrac.com/mlb/washington-nationals/tax/_/year/2026,not_found_on_contracts_page,
2026-07-08T14:16:26+00:00,2026,WSH,Washington Nationals,washington-nationals,Stephen Strasburg,stephenstrasburg,https://www.spotrac.com/mlb/player/_/id/6865/stephen-strasburg,SP,37,13.118,,,2026 Retained,2026 Retained,,,,Retained,,,35000000,,23571429,23571429,,,,,,,,,,,,false,https://www.spotrac.com/mlb/washington-nationals/cash/_/year/2026 | https://www.spotrac.com/mlb/washington-nationals/tax/_/year/2026,not_found_on_contracts_page,
2026-07-08T14:16:26+00:00,2026,WSH,Washington Nationals,washington-nationals,Trevor Williams,trevorwilliams,https://www.spotrac.com/mlb/player/_/id/21048/trevor-williams,SP,34,9.027,,,2026 Injured List,2026 Injured List,Washington Nationals Contracts,,,Free Agent,Free Agent,,7000000,,7000000,7000000,,,2025,2025,2026,2,14000000,7000000,592866,WSH,Injured 60-Day,true,https://www.spotrac.com/mlb/washington-nationals/cash/_/year/2026 | https://www.spotrac.com/mlb/washington-nationals/contracts | https://www.spotrac.com/mlb/washington-nationals/tax/_/year/2026,,
2026-07-08T14:16:26+00:00,2026,WSH,Washington Nationals,washington-nationals,Zack Littell,zacklittell,https://www.spotrac.com/mlb/player/_/id/24558/zack-littell,SP,30,6.043,,,2026 Active Roster,2026 Active Roster,Washington Nationals Contracts,,,Free Agent,Free Agent,,3000000,1.23,3000000,3000000,,,2026,2026,2027,1,7000000,7000000,641793,WSH,Active,true,https://www.spotrac.com/mlb/washington-nationals/cash/_/year/2026 | https://www.spotrac.com/mlb/washington-nationals/contracts | https://www.spotrac.com/mlb/washington-nationals/tax/_/year/2026,,
2026-07-08T14:16:26+00:00,2026,WSH,Washington Nationals,washington-nationals,Zak Kent,zakkent,https://www.spotrac.com/mlb/player/_/id/31212/zak-kent,RP,28,0.037,,,2026 Minor,2026 Minor,,,,Pre-Arbitration,,,71077,0.03,71077,71077,,,,,,,,,687849,WSH,Reassigned to Minors,true,https://www.spotrac.com/mlb/washington-nationals/cash/_/year/2026 | https://www.spotrac.com/mlb/washington-nationals/tax/_/year/2026,not_found_on_contracts_page,
